Customer_ID,Cust_Sex,Cust_Income,Cust_Race,Cust_Age,Cust_Children,Cust_Rel_Status
7366,Female,50600,White,25-44,Has_Child(ren),Married
11947,Male,82900,White,64+,Has_no_Child(ren),Married
12872,Male,100400,White,25-44,Has_no_Child(ren),Married
14392,Male,64900,White,25-44,Has_Child(ren),Married
16347,Female,69400,White,45-64,Has_no_Child(ren),Married
16953,Female,60600,White,64+,Has_no_Child(ren),Married
18274,Female,42300,White,45-64,Has_Child(ren),Married
19889,Male,55100,Asian,45-64,Has_Child(ren),Married
22430,Male,33800,White,15-24,Has_no_Child(ren),Married
24090,Male,51500,White,25-44,Has_Child(ren),Married
31246,Female,42800,White,25-44,Has_Child(ren),Married
31546,Female,90100,White,45-64,Has_no_Child(ren),Married
33169,Male,89600,White,45-64,Has_no_Child(ren),Married
33904,Male,90400,White,64+,Has_no_Child(ren),Married
44351,Female,57200,White,25-44,Has_Child(ren),Married
45025,Female,66400,White,45-64,Has_Child(ren),Married
46167,Female,22300,White,64+,Has_no_Child(ren),Not_Married
46849,Female,86700,White,25-44,Has_Child(ren),Married
47504,Female,55700,White,25-44,Has_no_Child(ren),Married
47525,Female,78500,White,45-64,Has_Child(ren),Married
53810,Female,113800,White,25-44,Has_no_Child(ren),Married
57274,Male,63800,Black,45-64,Has_no_Child(ren),Not_Married
57859,Male,92200,Other,25-44,Has_no_Child(ren),Not_Married
62338,Male,73700,White,25-44,Has_no_Child(ren),Not_Married
63433,Female,51900,White,25-44,Has_no_Child(ren),Not_Married
63627,Female,54700,White,64+,Has_no_Child(ren),Not_Married
63832,Female,53900,White,45-64,Has_no_Child(ren),Not_Married
65497,Male,66700,White,25-44,Has_Child(ren),Married
65701,Male,60200,White,25-44,Has_no_Child(ren),Married
66291,Male,54100,Asian,25-44,Has_Child(ren),Married
67801,Female,90000,White,45-64,Has_Child(ren),Married
69105,Male,92300,White,45-64,Has_no_Child(ren),Married
69753,Female,109100,White,25-44,Has_no_Child(ren),Married
69885,Male,76100,White,25-44,Has_no_Child(ren),Married
70021,Female,54600,White,25-44,Has_Child(ren),Married
70103,Female,60500,White,25-44,Has_no_Child(ren),Not_Married
70117,Female,77500,White,64+,Has_Child(ren),Married
70791,Male,82800,White,25-44,Has_Child(ren),Married
71580,Female,73600,Other,45-64,Has_no_Child(ren),Married
71852,Male,58100,White,45-64,Has_no_Child(ren),Married
72183,Male,52800,White,25-44,Has_no_Child(ren),Married
73654,Male,20000,White,64+,Has_no_Child(ren),Married
74449,Male,84100,Asian,25-44,Has_no_Child(ren),Married
75212,Male,77600,White,45-64,Has_Child(ren),Married
76815,Female,63100,Black,45-64,Has_Child(ren),Married
78237,Male,73100,White,45-64,Has_Child(ren),Married
83824,Female,110900,White,45-64,Has_Child(ren),Not_Married
86668,Male,73200,White,45-64,Has_no_Child(ren),Married
88290,Male,95900,White,45-64,Has_no_Child(ren),Married
90639,Male,88600,White,45-64,Has_Child(ren),Married
90861,Male,56400,White,25-44,Has_Child(ren),Married
91436,Female,96200,White,25-44,Has_no_Child(ren),Not_Married
95477,Male,100300,White,25-44,Has_no_Child(ren),Married
96036,Female,92600,White,64+,Has_Child(ren),Married
97987,Female,46400,White,25-44,Has_no_Child(ren),Not_Married
100226,Male,61000,White,64+,Has_Child(ren),Married
106348,Female,80100,White,45-64,Has_no_Child(ren),Not_Married
109472,Male,97100,White,25-44,Has_Child(ren),Married
111422,Female,50800,White,25-44,Has_no_Child(ren),Married
112864,Male,78100,Asian,64+,Has_Child(ren),Not_Married
114813,Female,52400,White,64+,Has_no_Child(ren),Not_Married
115383,Female,51300,White,45-64,Has_no_Child(ren),Married
120895,Male,65900,White,64+,Has_Child(ren),Married
122416,Male,20000,White,45-64,Has_no_Child(ren),Married
123501,Male,100400,White,64+,Has_Child(ren),Married
123610,Female,98400,White,25-44,Has_Child(ren),Married
128550,Female,104600,White,64+,Has_Child(ren),Married
128938,Female,92600,White,45-64,Has_no_Child(ren),Not_Married
132121,Female,70500,Black,45-64,Has_Child(ren),Married
135635,Male,110800,Asian,25-44,Has_no_Child(ren),Married
135814,Male,56200,White,25-44,Has_no_Child(ren),Married
139954,Female,77100,White,25-44,Has_no_Child(ren),Married
141088,Male,108800,White,25-44,Has_Child(ren),Married
142494,Male,61500,White,25-44,Has_Child(ren),Not_Married
147183,Female,74600,White,45-64,Has_no_Child(ren),Married
147528,Male,20000,White,25-44,Has_no_Child(ren),Married
149826,Female,101900,Black,25-44,Has_no_Child(ren),Married
149949,Male,62300,Black,45-64,Has_no_Child(ren),Not_Married
152911,Male,62300,White,25-44,Has_no_Child(ren),Married
156952,Female,27300,White,25-44,Has_no_Child(ren),Married
160178,Female,63600,White,64+,Has_no_Child(ren),Married
160791,Male,62300,White,25-44,Has_Child(ren),Married
160841,Male,72300,White,64+,Has_Child(ren),Married
164576,Male,48000,Asian,64+,Has_no_Child(ren),Not_Married
167634,Male,29600,White,15-24,Has_Child(ren),Married
169490,Male,24700,White,45-64,Has_Child(ren),Married
172553,Male,78100,White,25-44,Has_no_Child(ren),Married
172829,Female,53200,White,45-64,Has_Child(ren),Married
173636,Female,42600,White,15-24,Has_Child(ren),Married
176623,Female,79400,White,25-44,Has_Child(ren),Married
178685,Male,29400,White,15-24,Has_no_Child(ren),Not_Married
178765,Female,63500,Black,64+,Has_no_Child(ren),Married
180305,Male,92300,Asian,45-64,Has_no_Child(ren),Married
180504,Male,87800,White,64+,Has_no_Child(ren),Not_Married
181809,Male,93400,White,64+,Has_no_Child(ren),Married
182669,Female,42800,White,25-44,Has_no_Child(ren),Married
183584,Male,56700,White,45-64,Has_no_Child(ren),Married
190629,Female,97300,White,45-64,Has_no_Child(ren),Married
191145,Male,105100,White,45-64,Has_no_Child(ren),Married
191444,Female,58900,White,25-44,Has_no_Child(ren),Not_Married
192539,Female,82500,White,64+,Has_no_Child(ren),Married
193339,Male,54400,Other,64+,Has_no_Child(ren),Married
196427,Female,32600,White,45-64,Has_no_Child(ren),Not_Married
198332,Male,84200,White,64+,Has_Child(ren),Not_Married
200655,Male,52600,White,25-44,Has_Child(ren),Not_Married
201234,Male,43700,White,25-44,Has_Child(ren),Married
201823,Male,71700,White,45-64,Has_Child(ren),Married
205513,Male,53600,White,45-64,Has_no_Child(ren),Not_Married
205616,Female,68300,White,45-64,Has_no_Child(ren),Not_Married
207279,Female,51600,White,25-44,Has_no_Child(ren),Married
210007,Female,63600,White,64+,Has_no_Child(ren),Married
210942,Female,77000,White,25-44,Has_no_Child(ren),Married
214642,Male,91700,Black,64+,Has_no_Child(ren),Married
215079,Female,68800,White,25-44,Has_Child(ren),Not_Married
216936,Male,101500,White,25-44,Has_no_Child(ren),Married
218369,Female,89400,Asian,64+,Has_no_Child(ren),Married
218612,Male,79500,White,25-44,Has_Child(ren),Not_Married
219167,Male,57500,Black,15-24,Has_Child(ren),Not_Married
219473,Male,87300,White,25-44,Has_no_Child(ren),Married
223511,Female,70200,White,45-64,Has_no_Child(ren),Married
226783,Female,47000,White,25-44,Has_no_Child(ren),Not_Married
227044,Female,96500,White,45-64,Has_no_Child(ren),Married
227323,Male,63700,White,64+,Has_no_Child(ren),Not_Married
231659,Female,77200,Asian,64+,Has_Child(ren),Not_Married
232866,Male,20000,White,25-44,Has_Child(ren),Married
233700,Female,69100,White,25-44,Has_no_Child(ren),Not_Married
233818,Male,40400,White,45-64,Has_Child(ren),Not_Married
233960,Female,92700,White,25-44,Has_no_Child(ren),Married
234272,Female,66700,White,45-64,Has_Child(ren),Married
236653,Male,83900,White,45-64,Has_no_Child(ren),Married
240378,Male,47000,White,45-64,Has_no_Child(ren),Married
240771,Male,80600,White,45-64,Has_Child(ren),Married
241033,Female,23400,White,25-44,Has_Child(ren),Not_Married
242423,Male,68800,White,45-64,Has_Child(ren),Married
243327,Male,56400,White,25-44,Has_Child(ren),Married
246478,Male,40000,White,25-44,Has_no_Child(ren),Married
247995,Female,54100,White,25-44,Has_no_Child(ren),Not_Married
248590,Female,88300,Asian,25-44,Has_Child(ren),Married
250733,Female,44600,White,64+,Has_no_Child(ren),Married
250780,Male,94300,White,45-64,Has_Child(ren),Married
250984,Male,100800,White,45-64,Has_Child(ren),Married
251236,Female,96300,White,45-64,Has_no_Child(ren),Married
251374,Female,42400,White,45-64,Has_no_Child(ren),Not_Married
251665,Male,93800,White,25-44,Has_Child(ren),Not_Married
253860,Female,40000,Black,45-64,Has_Child(ren),Married
254215,Male,86900,White,45-64,Has_no_Child(ren),Married
257630,Female,90000,White,64+,Has_Child(ren),Married
258372,Male,55700,Other,25-44,Has_no_Child(ren),Married
261287,Female,55500,White,25-44,Has_no_Child(ren),Married
263452,Male,61500,White,25-44,Has_no_Child(ren),Not_Married
263549,Male,45200,White,64+,Has_no_Child(ren),Married
267470,Male,91200,White,25-44,Has_Child(ren),Married
269131,Male,56000,Other,45-64,Has_Child(ren),Married
270476,Female,76100,White,45-64,Has_no_Child(ren),Not_Married
270622,Female,43300,White,25-44,Has_Child(ren),Married
271521,Male,95900,White,25-44,Has_Child(ren),Not_Married
273351,Female,81200,White,64+,Has_Child(ren),Married
273841,Male,97100,White,25-44,Has_no_Child(ren),Married
275398,Female,91100,Black,25-44,Has_no_Child(ren),Not_Married
276917,Female,40700,Asian,25-44,Has_no_Child(ren),Married
276955,Male,105500,White,64+,Has_no_Child(ren),Married
278889,Female,67100,White,25-44,Has_Child(ren),Married
280068,Female,79800,White,45-64,Has_no_Child(ren),Married
281758,Female,55700,White,25-44,Has_no_Child(ren),Not_Married
282435,Female,89300,White,45-64,Has_no_Child(ren),Married
282953,Female,65400,White,64+,Has_no_Child(ren),Not_Married
284383,Male,41800,White,25-44,Has_Child(ren),Married
284576,Female,87900,Asian,64+,Has_Child(ren),Married
292417,Female,54500,White,45-64,Has_no_Child(ren),Married
298389,Male,35000,White,15-24,Has_no_Child(ren),Married
300086,Female,61800,Asian,45-64,Has_no_Child(ren),Married
300489,Female,25800,White,64+,Has_Child(ren),Married
303916,Female,74000,White,64+,Has_no_Child(ren),Married
309047,Male,60100,White,25-44,Has_no_Child(ren),Married
311502,Male,92900,White,64+,Has_no_Child(ren),Married
314409,Male,44800,White,25-44,Has_Child(ren),Not_Married
318275,Male,86100,White,64+,Has_no_Child(ren),Married
319307,Female,97300,White,25-44,Has_Child(ren),Married
320121,Female,60900,White,64+,Has_no_Child(ren),Not_Married
320864,Female,20000,Asian,45-64,Has_no_Child(ren),Married
321864,Male,51000,White,45-64,Has_no_Child(ren),Married
322218,Female,55700,White,64+,Has_no_Child(ren),Married
323596,Male,45900,Other,25-44,Has_no_Child(ren),Married
327221,Male,109100,White,25-44,Has_Child(ren),Married
327873,Female,66600,Two_or_More,45-64,Has_no_Child(ren),Married
328451,Female,87400,White,25-44,Has_Child(ren),Married
330002,Male,86700,White,25-44,Has_Child(ren),Not_Married
331061,Female,92000,White,45-64,Has_no_Child(ren),Married
332173,Male,99400,White,25-44,Has_Child(ren),Married
332451,Male,50900,White,64+,Has_no_Child(ren),Married
336866,Male,47800,White,45-64,Has_Child(ren),Married
340069,Male,60100,Two_or_More,64+,Has_no_Child(ren),Married
341740,Female,28600,White,64+,Has_Child(ren),Married
342011,Male,106200,White,64+,Has_no_Child(ren),Married
343310,Female,87600,Asian,45-64,Has_Child(ren),Married
346449,Female,95200,White,25-44,Has_no_Child(ren),Married
349116,Female,74800,Asian,45-64,Has_Child(ren),Married
353048,Male,21700,Black,15-24,Has_no_Child(ren),Married
353751,Male,73600,White,25-44,Has_no_Child(ren),Married
354297,Male,24400,American_Indian,45-64,Has_no_Child(ren),Married
354426,Female,97000,Asian,25-44,Has_Child(ren),Married
355835,Female,31100,Black,64+,Has_no_Child(ren),Not_Married
355929,Male,61800,Black,45-64,Has_no_Child(ren),Married
357159,Male,43100,White,45-64,Has_Child(ren),Not_Married
360708,Male,81600,White,64+,Has_no_Child(ren),Married
361137,Male,105200,White,25-44,Has_no_Child(ren),Married
364733,Male,70000,White,25-44,Has_Child(ren),Married
365836,Female,20000,White,64+,Has_Child(ren),Married
369293,Female,53900,White,45-64,Has_Child(ren),Not_Married
371874,Female,60200,White,25-44,Has_no_Child(ren),Married
372660,Male,37500,White,25-44,Has_no_Child(ren),Married
373416,Male,47300,White,64+,Has_no_Child(ren),Married
373755,Male,38500,White,25-44,Has_no_Child(ren),Not_Married
378928,Female,56500,White,64+,Has_no_Child(ren),Not_Married
379340,Female,50800,White,25-44,Has_Child(ren),Not_Married
380178,Female,79200,White,25-44,Has_Child(ren),Married
385617,Female,54100,Other,25-44,Has_Child(ren),Married
387651,Female,61100,White,45-64,Has_Child(ren),Not_Married
390110,Male,65100,White,25-44,Has_no_Child(ren),Married
396899,Female,70400,White,45-64,Has_no_Child(ren),Married
401230,Female,103700,White,25-44,Has_no_Child(ren),Married
401390,Female,89800,White,25-44,Has_Child(ren),Married
404479,Male,83400,White,45-64,Has_no_Child(ren),Married
404614,Male,108600,White,64+,Has_Child(ren),Married
407501,Female,95100,White,25-44,Has_Child(ren),Married
408087,Male,45000,White,45-64,Has_Child(ren),Not_Married
409212,Female,65300,White,64+,Has_Child(ren),Married
409258,Male,92200,White,25-44,Has_no_Child(ren),Married
409403,Female,79300,White,64+,Has_no_Child(ren),Married
418930,Male,76100,White,45-64,Has_no_Child(ren),Married
420555,Female,84700,White,64+,Has_no_Child(ren),Not_Married
427566,Male,103000,White,45-64,Has_no_Child(ren),Married
428048,Male,51800,White,64+,Has_no_Child(ren),Married
428886,Female,63400,Asian,64+,Has_no_Child(ren),Married
430539,Female,68100,White,25-44,Has_no_Child(ren),Married
433376,Female,88400,White,45-64,Has_Child(ren),Married
435510,Female,60800,White,25-44,Has_Child(ren),Married
439787,Male,74800,White,15-24,Has_Child(ren),Married
440867,Female,104500,White,45-64,Has_no_Child(ren),Married
441865,Male,62400,White,64+,Has_Child(ren),Not_Married
442047,Male,57700,Black,25-44,Has_Child(ren),Married
442413,Female,57500,White,25-44,Has_Child(ren),Married
444403,Female,105700,White,25-44,Has_no_Child(ren),Married
445346,Male,70900,Other,64+,Has_no_Child(ren),Married
447693,Female,57200,White,25-44,Has_no_Child(ren),Married
454302,Male,58200,White,45-64,Has_no_Child(ren),Married
455195,Female,65000,White,45-64,Has_Child(ren),Not_Married
455995,Female,90700,White,45-64,Has_no_Child(ren),Not_Married
456508,Female,56700,White,64+,Has_no_Child(ren),Married
456798,Male,75900,White,64+,Has_no_Child(ren),Married
457987,Male,70900,White,64+,Has_no_Child(ren),Married
460677,Female,64400,White,45-64,Has_Child(ren),Married
460774,Female,95500,White,64+,Has_Child(ren),Married
460974,Male,61500,White,45-64,Has_no_Child(ren),Married
461181,Male,85400,Asian,25-44,Has_no_Child(ren),Married
461291,Female,67300,White,45-64,Has_no_Child(ren),Not_Married
465449,Male,42800,Two_or_More,45-64,Has_no_Child(ren),Married
465541,Female,61900,White,25-44,Has_no_Child(ren),Not_Married
466125,Female,85800,White,64+,Has_Child(ren),Not_Married
467063,Male,93100,White,25-44,Has_Child(ren),Married
467625,Female,29600,White,25-44,Has_Child(ren),Not_Married
467697,Female,30200,White,45-64,Has_no_Child(ren),Married
472659,Female,107200,White,25-44,Has_Child(ren),Married
475511,Male,81700,Black,15-24,Has_Child(ren),Married
475539,Female,48600,White,25-44,Has_Child(ren),Married
476470,Female,57700,Black,25-44,Has_Child(ren),Not_Married
479669,Male,67900,White,45-64,Has_no_Child(ren),Married
480699,Female,51200,White,64+,Has_no_Child(ren),Not_Married
481784,Male,62600,White,64+,Has_Child(ren),Not_Married
486424,Male,97900,White,15-24,Has_Child(ren),Married
487753,Female,88900,Other,25-44,Has_no_Child(ren),Not_Married
488776,Female,20000,White,45-64,Has_no_Child(ren),Married
489476,Female,60800,Black,45-64,Has_Child(ren),Married
491601,Male,54500,White,45-64,Has_Child(ren),Married
491612,Male,60200,Asian,25-44,Has_Child(ren),Married
492660,Male,83900,White,64+,Has_no_Child(ren),Married
494341,Female,88000,White,25-44,Has_no_Child(ren),Not_Married
495439,Female,61900,White,25-44,Has_Child(ren),Married
498845,Female,20000,White,45-64,Has_Child(ren),Married
500859,Male,35900,White,45-64,Has_no_Child(ren),Married
504294,Female,57700,White,25-44,Has_Child(ren),Married
513299,Male,59800,White,25-44,Has_Child(ren),Married
515891,Male,85400,White,25-44,Has_no_Child(ren),Not_Married
518247,Female,102100,White,25-44,Has_no_Child(ren),Married
524023,Female,93900,White,45-64,Has_Child(ren),Married
525886,Male,86800,White,45-64,Has_no_Child(ren),Not_Married
526864,Female,37400,White,64+,Has_no_Child(ren),Married
528415,Female,47800,White,25-44,Has_no_Child(ren),Married
532245,Male,31400,Other,64+,Has_Child(ren),Married
538095,Female,38500,Other,64+,Has_no_Child(ren),Married
538667,Male,97200,White,45-64,Has_no_Child(ren),Married
539935,Female,104400,White,45-64,Has_no_Child(ren),Married
540521,Male,91800,White,64+,Has_no_Child(ren),Married
541336,Female,72400,White,25-44,Has_no_Child(ren),Married
543404,Male,68700,White,64+,Has_no_Child(ren),Married
545309,Male,80200,White,25-44,Has_Child(ren),Married
546733,Male,97100,White,45-64,Has_no_Child(ren),Married
546775,Female,95700,White,45-64,Has_Child(ren),Not_Married
548072,Male,23900,White,64+,Has_Child(ren),Married
549724,Male,47900,White,45-64,Has_no_Child(ren),Married
550281,Male,67700,Asian,25-44,Has_no_Child(ren),Not_Married
551119,Male,82200,White,64+,Has_Child(ren),Married
553579,Female,62400,White,25-44,Has_Child(ren),Married
556236,Male,103300,White,64+,Has_no_Child(ren),Married
556350,Female,82900,White,45-64,Has_no_Child(ren),Married
561619,Male,68100,White,25-44,Has_no_Child(ren),Married
562626,Female,78800,White,25-44,Has_Child(ren),Married
563447,Male,67800,White,25-44,Has_Child(ren),Married
565234,Female,87500,White,45-64,Has_Child(ren),Married
565606,Male,89900,White,64+,Has_Child(ren),Married
566210,Female,77300,White,64+,Has_no_Child(ren),Married
568358,Male,79400,Asian,64+,Has_no_Child(ren),Married
568703,Female,68600,White,45-64,Has_no_Child(ren),Married
568905,Male,55900,White,25-44,Has_no_Child(ren),Married
570351,Male,47200,White,64+,Has_Child(ren),Married
570421,Female,53300,White,45-64,Has_no_Child(ren),Married
573527,Female,52000,White,15-24,Has_no_Child(ren),Not_Married
574205,Male,56700,White,25-44,Has_no_Child(ren),Not_Married
574493,Male,44400,Asian,25-44,Has_no_Child(ren),Married
577938,Female,90200,White,25-44,Has_no_Child(ren),Married
578015,Female,60300,White,25-44,Has_no_Child(ren),Married
579091,Female,104300,White,15-24,Has_no_Child(ren),Married
581101,Female,20900,White,25-44,Has_Child(ren),Married
587114,Female,20000,White,45-64,Has_Child(ren),Married
587339,Male,79400,White,64+,Has_no_Child(ren),Married
591328,Female,68000,White,25-44,Has_no_Child(ren),Not_Married
591603,Female,59300,White,45-64,Has_no_Child(ren),Not_Married
592406,Female,45600,Asian,45-64,Has_Child(ren),Not_Married
592638,Male,30100,Other,45-64,Has_no_Child(ren),Married
594235,Female,24300,White,64+,Has_Child(ren),Married
594388,Male,57100,White,45-64,Has_no_Child(ren),Not_Married
595988,Male,64200,White,45-64,Has_Child(ren),Married
597464,Female,34400,Other,45-64,Has_no_Child(ren),Not_Married
597622,Female,87900,White,64+,Has_no_Child(ren),Married
601769,Female,62000,White,45-64,Has_Child(ren),Not_Married
601943,Female,35900,Black,64+,Has_no_Child(ren),Married
604116,Male,74700,White,64+,Has_no_Child(ren),Married
614514,Female,20000,White,45-64,Has_no_Child(ren),Married
615346,Male,63000,Two_or_More,25-44,Has_Child(ren),Married
615477,Male,43400,Other,64+,Has_Child(ren),Married
616317,Female,45100,White,45-64,Has_Child(ren),Not_Married
618667,Female,34900,Black,25-44,Has_no_Child(ren),Married
618684,Female,84100,White,64+,Has_no_Child(ren),Married
618943,Male,85100,White,45-64,Has_no_Child(ren),Married
620488,Female,85900,White,64+,Has_Child(ren),Married
620805,Male,77100,White,25-44,Has_Child(ren),Married
623608,Male,77900,Asian,45-64,Has_no_Child(ren),Married
624062,Female,49700,Asian,15-24,Has_no_Child(ren),Married
624973,Female,52800,White,25-44,Has_no_Child(ren),Not_Married
625994,Male,77100,White,45-64,Has_no_Child(ren),Not_Married
626746,Male,63600,Black,45-64,Has_Child(ren),Married
627251,Female,83600,Asian,45-64,Has_Child(ren),Married
627367,Female,89500,Asian,45-64,Has_no_Child(ren),Not_Married
628380,Male,21900,White,25-44,Has_Child(ren),Married
628513,Male,96200,White,25-44,Has_no_Child(ren),Married
637067,Female,34700,Two_or_More,25-44,Has_Child(ren),Not_Married
639772,Female,73200,Black,45-64,Has_Child(ren),Married
640493,Female,52500,White,25-44,Has_Child(ren),Married
641522,Female,59000,White,45-64,Has_no_Child(ren),Married
641842,Male,20600,White,25-44,Has_no_Child(ren),Married
644636,Female,59400,White,64+,Has_no_Child(ren),Not_Married
645580,Male,52000,White,64+,Has_no_Child(ren),Not_Married
646759,Male,81200,Asian,45-64,Has_no_Child(ren),Married
647253,Female,74300,White,25-44,Has_no_Child(ren),Not_Married
648293,Female,20000,White,45-64,Has_no_Child(ren),Not_Married
649444,Male,20000,White,45-64,Has_Child(ren),Married
652536,Male,63900,Black,45-64,Has_no_Child(ren),Married
654526,Female,68800,White,25-44,Has_no_Child(ren),Not_Married
656054,Male,57900,White,45-64,Has_no_Child(ren),Not_Married
656095,Female,93700,White,25-44,Has_Child(ren),Married
661136,Male,48800,White,25-44,Has_no_Child(ren),Not_Married
664836,Male,79000,White,45-64,Has_Child(ren),Not_Married
665850,Male,38900,Other,45-64,Has_Child(ren),Not_Married
666101,Male,79400,White,25-44,Has_Child(ren),Married
666869,Female,54700,White,45-64,Has_Child(ren),Married
671908,Male,74100,White,25-44,Has_no_Child(ren),Married
676450,Female,67400,White,64+,Has_no_Child(ren),Not_Married
678435,Female,85000,White,64+,Has_no_Child(ren),Married
682114,Male,59400,White,25-44,Has_no_Child(ren),Married
683988,Female,66000,Asian,15-24,Has_no_Child(ren),Married
684569,Male,66700,Black,25-44,Has_no_Child(ren),Not_Married
686575,Female,79900,Asian,25-44,Has_no_Child(ren),Not_Married
687726,Male,30800,Black,25-44,Has_no_Child(ren),Not_Married
689092,Male,77200,White,45-64,Has_no_Child(ren),Married
691666,Male,69800,Asian,25-44,Has_no_Child(ren),Married
691834,Female,107500,Asian,45-64,Has_Child(ren),Married
691992,Male,55200,Other,25-44,Has_Child(ren),Not_Married
694687,Female,80100,White,25-44,Has_Child(ren),Married
694908,Male,44900,Black,25-44,Has_no_Child(ren),Not_Married
695620,Female,77300,Asian,25-44,Has_no_Child(ren),Married
696299,Male,46300,White,45-64,Has_Child(ren),Married
696308,Female,39500,White,25-44,Has_Child(ren),Married
700612,Female,73400,White,64+,Has_Child(ren),Married
701309,Male,52800,White,25-44,Has_no_Child(ren),Married
704502,Female,43300,White,45-64,Has_Child(ren),Married
705422,Male,60000,White,15-24,Has_no_Child(ren),Not_Married
709060,Female,98100,White,45-64,Has_no_Child(ren),Married
715056,Female,54000,White,25-44,Has_Child(ren),Married
715581,Female,92700,White,25-44,Has_no_Child(ren),Married
715804,Female,50400,White,25-44,Has_Child(ren),Married
716640,Female,58900,White,64+,Has_no_Child(ren),Married
717122,Female,57200,Asian,25-44,Has_Child(ren),Married
718460,Male,62000,Asian,25-44,Has_no_Child(ren),Married
720199,Female,83900,White,45-64,Has_no_Child(ren),Not_Married
721300,Male,80900,White,25-44,Has_Child(ren),Married
721980,Male,25800,White,64+,Has_Child(ren),Married
722112,Male,63600,White,45-64,Has_no_Child(ren),Not_Married
723019,Female,33300,White,45-64,Has_no_Child(ren),Not_Married
723299,Female,33900,Other,25-44,Has_Child(ren),Married
723806,Female,90400,White,25-44,Has_no_Child(ren),Not_Married
725727,Female,110100,Asian,64+,Has_Child(ren),Married
726075,Male,56900,White,45-64,Has_Child(ren),Married
726283,Female,69200,White,25-44,Has_Child(ren),Married
728683,Male,77200,White,25-44,Has_no_Child(ren),Not_Married
730877,Female,81900,White,25-44,Has_no_Child(ren),Married
730883,Female,24200,White,25-44,Has_Child(ren),Married
732282,Male,22500,White,25-44,Has_Child(ren),Not_Married
735318,Female,45000,White,25-44,Has_no_Child(ren),Married
735366,Female,78300,White,25-44,Has_no_Child(ren),Married
736100,Female,80100,White,25-44,Has_Child(ren),Not_Married
738552,Female,75900,Black,25-44,Has_no_Child(ren),Married
739886,Female,72300,White,45-64,Has_Child(ren),Not_Married
743790,Male,95900,White,64+,Has_Child(ren),Married
744576,Female,20000,White,25-44,Has_no_Child(ren),Not_Married
747525,Female,26800,White,25-44,Has_Child(ren),Married
747814,Male,107900,White,45-64,Has_no_Child(ren),Married
749233,Female,49900,White,25-44,Has_Child(ren),Married
750394,Female,56100,White,45-64,Has_Child(ren),Married
750891,Female,95000,White,25-44,Has_Child(ren),Not_Married
752069,Male,72100,White,15-24,Has_Child(ren),Married
752834,Male,82900,White,45-64,Has_no_Child(ren),Married
753158,Female,85700,White,25-44,Has_Child(ren),Married
754147,Male,65300,White,45-64,Has_Child(ren),Married
754537,Male,22900,White,25-44,Has_no_Child(ren),Married
755414,Male,43000,Black,45-64,Has_no_Child(ren),Married
758615,Male,64200,White,25-44,Has_Child(ren),Not_Married
761403,Male,97300,White,64+,Has_no_Child(ren),Married
763690,Female,59500,White,64+,Has_no_Child(ren),Married
767384,Male,20000,Asian,64+,Has_no_Child(ren),Married
776469,Male,103700,White,25-44,Has_Child(ren),Married
779006,Female,57300,White,45-64,Has_Child(ren),Married
779092,Male,74400,White,25-44,Has_no_Child(ren),Married
780759,Male,84900,White,45-64,Has_no_Child(ren),Married
783470,Male,48100,White,25-44,Has_no_Child(ren),Married
786765,Female,56300,White,25-44,Has_Child(ren),Married
789183,Male,67700,White,64+,Has_no_Child(ren),Married
792991,Male,70400,White,25-44,Has_Child(ren),Married
793889,Female,65800,Other,45-64,Has_no_Child(ren),Married
794509,Female,59600,White,45-64,Has_Child(ren),Married
796701,Male,81500,White,25-44,Has_Child(ren),Not_Married
797408,Male,118600,White,25-44,Has_Child(ren),Married
799022,Female,79800,White,25-44,Has_no_Child(ren),Married
799858,Female,60100,White,64+,Has_Child(ren),Married
801637,Female,46500,Other,64+,Has_no_Child(ren),Married
803277,Female,62600,White,25-44,Has_no_Child(ren),Married
804235,Male,88700,White,25-44,Has_Child(ren),Married
804492,Male,81300,White,64+,Has_Child(ren),Married
805082,Female,110500,White,64+,Has_Child(ren),Married
805209,Male,20000,White,64+,Has_Child(ren),Married
806759,Female,94100,White,25-44,Has_no_Child(ren),Not_Married
806932,Female,45100,White,64+,Has_no_Child(ren),Married
812233,Male,85700,White,25-44,Has_Child(ren),Married
812601,Male,32700,White,64+,Has_Child(ren),Married
813842,Female,104700,White,45-64,Has_Child(ren),Married
818798,Female,61300,White,45-64,Has_Child(ren),Married
820380,Male,70800,White,45-64,Has_no_Child(ren),Married
821158,Male,87300,Asian,45-64,Has_Child(ren),Married
822090,Male,75100,Black,45-64,Has_Child(ren),Married
822361,Male,26900,White,45-64,Has_no_Child(ren),Married
823114,Female,60400,White,45-64,Has_Child(ren),Married
825222,Male,90200,Asian,45-64,Has_Child(ren),Married
830424,Male,57400,Black,45-64,Has_no_Child(ren),Not_Married
835819,Male,67100,Asian,45-64,Has_no_Child(ren),Married
836310,Female,76500,Asian,25-44,Has_no_Child(ren),Married
838834,Male,70900,White,45-64,Has_Child(ren),Married
842523,Male,69400,White,25-44,Has_no_Child(ren),Married
843427,Male,42000,White,25-44,Has_Child(ren),Married
846084,Male,52300,White,25-44,Has_no_Child(ren),Married
848582,Male,28600,White,64+,Has_no_Child(ren),Married
851058,Male,71200,White,25-44,Has_Child(ren),Married
855368,Female,58800,White,64+,Has_Child(ren),Not_Married
856142,Male,96100,White,64+,Has_no_Child(ren),Married
861461,Male,87000,White,45-64,Has_Child(ren),Married
861875,Female,59400,White,45-64,Has_no_Child(ren),Not_Married
861924,Male,59000,Black,45-64,Has_no_Child(ren),Married
862071,Female,66100,White,45-64,Has_no_Child(ren),Married
862154,Female,83400,White,25-44,Has_Child(ren),Married
864024,Male,68200,White,45-64,Has_no_Child(ren),Married
864858,Male,86500,White,45-64,Has_Child(ren),Married
866802,Female,104300,White,45-64,Has_Child(ren),Married
869424,Male,60500,White,45-64,Has_Child(ren),Not_Married
869700,Female,20000,Other,45-64,Has_Child(ren),Not_Married
873116,Male,56500,White,15-24,Has_no_Child(ren),Married
874774,Female,72800,White,45-64,Has_Child(ren),Married
879308,Female,65100,Black,25-44,Has_no_Child(ren),Not_Married
879802,Male,44300,White,45-64,Has_no_Child(ren),Married
881824,Male,47500,White,15-24,Has_no_Child(ren),Married
883136,Female,74800,White,25-44,Has_no_Child(ren),Not_Married
884365,Male,102800,White,45-64,Has_Child(ren),Married
885039,Male,94300,White,64+,Has_no_Child(ren),Married
886242,Male,63000,Asian,64+,Has_Child(ren),Married
887016,Female,60300,Asian,45-64,Has_Child(ren),Not_Married
888013,Male,78400,White,64+,Has_Child(ren),Married
890618,Female,52400,White,64+,Has_no_Child(ren),Married
893997,Female,52800,Asian,15-24,Has_Child(ren),Not_Married
896326,Female,49100,White,45-64,Has_no_Child(ren),Married
898943,Female,76300,White,64+,Has_Child(ren),Married
900820,Male,95900,White,25-44,Has_no_Child(ren),Not_Married
900847,Male,51100,White,45-64,Has_no_Child(ren),Married
905005,Female,53000,White,25-44,Has_no_Child(ren),Married
907290,Male,68000,White,25-44,Has_no_Child(ren),Married
909005,Male,78000,White,45-64,Has_no_Child(ren),Married
911098,Female,66900,White,25-44,Has_no_Child(ren),Not_Married
916525,Male,78000,White,45-64,Has_no_Child(ren),Married
917822,Male,20000,White,25-44,Has_no_Child(ren),Married
926220,Female,44400,White,45-64,Has_Child(ren),Married
929009,Female,96100,White,45-64,Has_no_Child(ren),Married
931734,Male,72600,Other,45-64,Has_Child(ren),Married
932111,Female,20000,White,45-64,Has_no_Child(ren),Married
934881,Female,78500,White,64+,Has_no_Child(ren),Married
934979,Female,76600,White,45-64,Has_Child(ren),Married
935077,Male,63500,Other,25-44,Has_no_Child(ren),Married
935443,Female,69400,White,45-64,Has_no_Child(ren),Married
935843,Female,85200,White,25-44,Has_no_Child(ren),Married
937505,Male,52700,White,25-44,Has_no_Child(ren),Married
938617,Female,72500,White,64+,Has_no_Child(ren),Married
943197,Female,56500,Other,25-44,Has_Child(ren),Married
945607,Female,49300,Asian,25-44,Has_no_Child(ren),Married
948408,Female,53800,Black,64+,Has_no_Child(ren),Married
949475,Male,80100,White,45-64,Has_Child(ren),Not_Married
949506,Female,78700,White,25-44,Has_no_Child(ren),Married
950723,Male,33600,White,45-64,Has_Child(ren),Not_Married
955629,Female,44900,Black,64+,Has_no_Child(ren),Married
955831,Male,95300,White,15-24,Has_no_Child(ren),Married
958701,Female,63900,White,45-64,Has_Child(ren),Not_Married
961227,Male,59800,White,45-64,Has_no_Child(ren),Married
964643,Male,41400,White,25-44,Has_Child(ren),Married
965276,Female,86800,White,64+,Has_no_Child(ren),Married
968860,Female,104200,Asian,64+,Has_Child(ren),Married
970084,Male,49700,White,45-64,Has_no_Child(ren),Married
970264,Male,90000,White,45-64,Has_Child(ren),Married
970403,Male,76400,White,64+,Has_no_Child(ren),Married
973777,Male,86500,White,25-44,Has_Child(ren),Not_Married
974390,Male,66000,Black,64+,Has_no_Child(ren),Married
974807,Male,63700,White,45-64,Has_no_Child(ren),Married
976764,Female,79100,White,25-44,Has_Child(ren),Married
981409,Male,77000,White,25-44,Has_Child(ren),Married
986245,Male,69700,White,25-44,Has_Child(ren),Married
988019,Male,84700,Asian,25-44,Has_Child(ren),Not_Married
989099,Male,63600,Black,45-64,Has_no_Child(ren),Married
990948,Male,43100,White,25-44,Has_Child(ren),Not_Married
992606,Female,87300,White,25-44,Has_no_Child(ren),Married
994158,Male,55600,White,25-44,Has_no_Child(ren),Married
994564,Male,76700,Other,25-44,Has_no_Child(ren),Married
995030,Female,67200,White,25-44,Has_Child(ren),Not_Married
995546,Female,61100,Black,64+,Has_no_Child(ren),Not_Married
998703,Male,64800,White,25-44,Has_Child(ren),Married
999565,Female,89700,White,25-44,Has_no_Child(ren),Married
1002429,Male,63900,Asian,45-64,Has_no_Child(ren),Married
1002526,Male,26400,White,64+,Has_Child(ren),Married
1007557,Female,43500,White,64+,Has_Child(ren),Married
1007797,Male,79200,White,64+,Has_no_Child(ren),Married
1008147,Male,53500,White,45-64,Has_Child(ren),Married
1008573,Male,49700,White,25-44,Has_Child(ren),Not_Married
1013497,Female,36700,White,45-64,Has_Child(ren),Married
1015199,Male,66500,White,45-64,Has_no_Child(ren),Married
1019515,Male,70000,Asian,64+,Has_no_Child(ren),Married
1020352,Female,39700,Black,45-64,Has_no_Child(ren),Not_Married
1023885,Male,69600,Asian,64+,Has_no_Child(ren),Married
1025839,Female,36400,White,64+,Has_Child(ren),Not_Married
1028456,Female,43100,Black,25-44,Has_Child(ren),Married
1028957,Female,101400,White,45-64,Has_Child(ren),Married
1031696,Male,74000,White,64+,Has_no_Child(ren),Married
1031850,Male,57900,Two_or_More,15-24,Has_Child(ren),Married
1032639,Female,46500,White,45-64,Has_no_Child(ren),Not_Married
1041658,Female,60900,White,45-64,Has_no_Child(ren),Not_Married
1042901,Male,56000,White,25-44,Has_Child(ren),Married
1043173,Female,64400,White,45-64,Has_no_Child(ren),Married
1045371,Male,99400,White,45-64,Has_no_Child(ren),Married
1048618,Female,67400,White,25-44,Has_Child(ren),Married
1050344,Male,84900,White,25-44,Has_Child(ren),Married
1052079,Male,70900,White,45-64,Has_Child(ren),Married
1054311,Female,50900,White,64+,Has_Child(ren),Married
1058347,Male,65700,White,25-44,Has_no_Child(ren),Married
1060522,Female,51500,Black,64+,Has_Child(ren),Married
1062303,Female,50400,White,25-44,Has_no_Child(ren),Married
1063000,Female,46800,White,15-24,Has_no_Child(ren),Married
1063698,Female,82700,White,25-44,Has_no_Child(ren),Married
1066929,Male,50900,Black,64+,Has_no_Child(ren),Married
1074560,Female,81900,White,25-44,Has_Child(ren),Not_Married
1076267,Male,20400,White,25-44,Has_no_Child(ren),Married
1080550,Male,109100,White,25-44,Has_no_Child(ren),Married
1083040,Male,59700,White,45-64,Has_no_Child(ren),Married
1083651,Female,62300,White,45-64,Has_Child(ren),Married
1083879,Male,66400,White,64+,Has_no_Child(ren),Married
1086492,Female,66300,White,45-64,Has_Child(ren),Married
1087583,Male,40400,White,45-64,Has_no_Child(ren),Married
1088728,Male,74400,White,25-44,Has_Child(ren),Not_Married
1091012,Male,42900,Other,15-24,Has_Child(ren),Not_Married
1093000,Female,76900,Asian,25-44,Has_no_Child(ren),Married
1093907,Female,43100,Other,25-44,Has_no_Child(ren),Not_Married
1097750,Male,83100,White,15-24,Has_no_Child(ren),Married
1099697,Female,97300,White,45-64,Has_Child(ren),Married
1108553,Male,97200,White,45-64,Has_no_Child(ren),Married
1108981,Female,59300,White,45-64,Has_no_Child(ren),Married
1114477,Male,80500,White,25-44,Has_no_Child(ren),Not_Married
1114578,Male,56500,White,45-64,Has_no_Child(ren),Not_Married
1116728,Female,48000,White,45-64,Has_Child(ren),Not_Married
1117104,Male,89400,White,45-64,Has_no_Child(ren),Married
1117202,Female,70200,Other,45-64,Has_no_Child(ren),Not_Married
1119039,Male,80400,White,45-64,Has_Child(ren),Married
1125565,Male,92500,White,25-44,Has_no_Child(ren),Married
1125899,Male,82700,White,25-44,Has_no_Child(ren),Married
1129583,Female,52300,White,25-44,Has_Child(ren),Married
1132010,Female,67100,Asian,45-64,Has_Child(ren),Not_Married
1133607,Male,84700,White,45-64,Has_no_Child(ren),Married
1133660,Female,32700,Other,45-64,Has_Child(ren),Not_Married
1138999,Male,57700,White,25-44,Has_Child(ren),Married
1140465,Female,69800,White,25-44,Has_no_Child(ren),Married
1143013,Female,69800,White,45-64,Has_no_Child(ren),Married
1145372,Female,20000,White,64+,Has_Child(ren),Married
1150312,Male,80200,White,64+,Has_Child(ren),Married
1151416,Female,60800,White,45-64,Has_Child(ren),Married
1151729,Female,24100,Other,25-44,Has_no_Child(ren),Married
1160544,Male,43100,White,25-44,Has_Child(ren),Married
1161697,Male,75300,White,45-64,Has_Child(ren),Married
1163804,Female,93200,White,25-44,Has_Child(ren),Married
1164972,Male,42500,White,25-44,Has_no_Child(ren),Married
1166643,Female,61600,White,64+,Has_no_Child(ren),Not_Married
1166795,Male,86600,White,45-64,Has_no_Child(ren),Not_Married
1167963,Female,20000,White,45-64,Has_no_Child(ren),Married
1169198,Male,61200,Other,45-64,Has_no_Child(ren),Not_Married
1169697,Female,62500,White,25-44,Has_Child(ren),Married
1170681,Female,50400,White,25-44,Has_no_Child(ren),Married
1176263,Male,87400,White,64+,Has_no_Child(ren),Married
1176519,Female,53600,White,64+,Has_no_Child(ren),Not_Married
1177539,Male,62400,White,45-64,Has_Child(ren),Not_Married
1177663,Male,70700,White,25-44,Has_no_Child(ren),Not_Married
1178870,Female,56800,Two_or_More,25-44,Has_Child(ren),Not_Married
1179525,Female,57200,White,45-64,Has_Child(ren),Married
1181046,Female,65600,White,45-64,Has_no_Child(ren),Not_Married
1185399,Male,96100,White,25-44,Has_no_Child(ren),Married
1187531,Female,79700,White,64+,Has_no_Child(ren),Not_Married
1188510,Male,66300,White,45-64,Has_no_Child(ren),Married
1191990,Female,79000,White,25-44,Has_no_Child(ren),Married
1193708,Male,99300,White,25-44,Has_no_Child(ren),Married
1198347,Male,87800,White,25-44,Has_no_Child(ren),Married
1198748,Female,84600,Black,25-44,Has_Child(ren),Not_Married
1199572,Male,37500,White,15-24,Has_no_Child(ren),Not_Married
1200423,Female,94300,White,25-44,Has_no_Child(ren),Married
1201660,Female,20000,White,45-64,Has_no_Child(ren),Married
1204273,Female,100900,White,45-64,Has_no_Child(ren),Married
1208299,Male,60800,Two_or_More,25-44,Has_Child(ren),Married
1209619,Female,84300,White,45-64,Has_no_Child(ren),Married
1216821,Female,79000,Two_or_More,25-44,Has_no_Child(ren),Married
1217412,Male,59800,White,25-44,Has_no_Child(ren),Married
1217459,Male,101200,White,45-64,Has_no_Child(ren),Married
1218865,Male,90200,White,25-44,Has_no_Child(ren),Married
1219153,Female,54700,White,45-64,Has_no_Child(ren),Married
1219434,Female,81000,White,64+,Has_Child(ren),Married
1221322,Female,91600,White,64+,Has_no_Child(ren),Married
1233505,Female,84100,White,45-64,Has_no_Child(ren),Married
1235751,Male,62900,White,45-64,Has_no_Child(ren),Married
1236627,Female,62200,White,64+,Has_no_Child(ren),Not_Married
1239096,Male,112200,White,15-24,Has_Child(ren),Married
1242243,Female,92100,White,45-64,Has_no_Child(ren),Married
1244671,Female,63800,White,64+,Has_Child(ren),Married
1246794,Female,20000,White,45-64,Has_Child(ren),Married
1247057,Female,71300,White,64+,Has_Child(ren),Married
1247517,Female,100200,White,25-44,Has_Child(ren),Not_Married
1247932,Male,24700,White,64+,Has_Child(ren),Married
1247982,Female,75000,White,64+,Has_Child(ren),Married
1248537,Female,75300,White,25-44,Has_Child(ren),Married
1251440,Male,63700,White,45-64,Has_Child(ren),Not_Married
1255899,Female,110500,White,25-44,Has_no_Child(ren),Married
1256343,Male,80400,White,45-64,Has_Child(ren),Not_Married
1257977,Male,98800,White,45-64,Has_no_Child(ren),Married
1259576,Male,55000,White,45-64,Has_no_Child(ren),Married
1260395,Female,58300,White,64+,Has_Child(ren),Not_Married
1261236,Male,56800,Black,45-64,Has_Child(ren),Not_Married
1262699,Female,52000,White,45-64,Has_no_Child(ren),Married
1264585,Male,72300,White,25-44,Has_Child(ren),Not_Married
1268530,Male,44200,White,15-24,Has_no_Child(ren),Not_Married
1269426,Female,49100,White,64+,Has_Child(ren),Not_Married
1269887,Male,92100,White,15-24,Has_Child(ren),Married
1270083,Female,51800,Black,25-44,Has_Child(ren),Not_Married
1270187,Female,23900,Black,25-44,Has_Child(ren),Married
1272060,Female,71000,White,25-44,Has_no_Child(ren),Married
1276713,Female,99100,White,64+,Has_Child(ren),Married
1277981,Female,55200,White,25-44,Has_no_Child(ren),Not_Married
1278388,Male,28200,White,45-64,Has_no_Child(ren),Married
1280583,Female,64900,White,64+,Has_no_Child(ren),Married
1280843,Female,51700,Black,64+,Has_Child(ren),Married
1282302,Male,44000,White,25-44,Has_no_Child(ren),Married
1282976,Female,84900,White,25-44,Has_Child(ren),Married
1283336,Male,67100,White,64+,Has_no_Child(ren),Not_Married
1285982,Female,73400,White,45-64,Has_no_Child(ren),Married
1288091,Male,90600,White,25-44,Has_Child(ren),Married
1289518,Male,50800,Black,45-64,Has_no_Child(ren),Not_Married
1292434,Male,20000,White,64+,Has_Child(ren),Not_Married
1296460,Male,60700,White,25-44,Has_no_Child(ren),Married
1302545,Female,71400,White,45-64,Has_Child(ren),Not_Married
1303274,Female,20000,Other,45-64,Has_Child(ren),Married
1305099,Male,46600,Black,45-64,Has_Child(ren),Married
1305949,Male,84200,White,45-64,Has_no_Child(ren),Not_Married
1313259,Male,66500,White,25-44,Has_no_Child(ren),Married
1314083,Female,86600,White,64+,Has_no_Child(ren),Married
1315890,Male,93800,Black,45-64,Has_Child(ren),Married
1317300,Male,77600,White,25-44,Has_no_Child(ren),Married
1317578,Female,59700,White,25-44,Has_no_Child(ren),Married
1321410,Male,59900,White,25-44,Has_no_Child(ren),Married
1328227,Female,96400,White,64+,Has_Child(ren),Married
1328692,Female,61000,White,25-44,Has_Child(ren),Married
1330225,Female,64500,White,25-44,Has_no_Child(ren),Married
1331963,Female,87000,Asian,25-44,Has_no_Child(ren),Married
1334464,Male,31600,White,25-44,Has_no_Child(ren),Married
1335144,Female,70200,Asian,45-64,Has_no_Child(ren),Married
1335591,Male,68500,White,64+,Has_no_Child(ren),Married
1336204,Female,55800,White,45-64,Has_Child(ren),Married
1337333,Female,87000,White,45-64,Has_no_Child(ren),Not_Married
1340150,Female,78300,White,64+,Has_no_Child(ren),Married
1340663,Female,59300,White,45-64,Has_Child(ren),Married
1346446,Female,71400,White,45-64,Has_Child(ren),Married
1348308,Female,60900,White,25-44,Has_Child(ren),Married
1349113,Male,52300,Black,64+,Has_no_Child(ren),Not_Married
1352099,Female,47700,White,64+,Has_Child(ren),Not_Married
1352584,Male,79200,White,15-24,Has_no_Child(ren),Married
1352953,Female,40500,Black,25-44,Has_no_Child(ren),Married
1352998,Female,76500,White,15-24,Has_no_Child(ren),Not_Married
1353588,Male,51400,Two_or_More,25-44,Has_no_Child(ren),Married
1355182,Male,52600,White,45-64,Has_no_Child(ren),Married
1356361,Female,88200,White,25-44,Has_no_Child(ren),Not_Married
1356423,Male,110400,White,45-64,Has_Child(ren),Married
1357167,Female,65900,White,45-64,Has_Child(ren),Married
1359884,Male,71900,White,45-64,Has_no_Child(ren),Married
1360947,Male,61900,White,64+,Has_no_Child(ren),Married
1361983,Female,20000,White,45-64,Has_Child(ren),Married
1363511,Female,106000,White,25-44,Has_Child(ren),Married
1364616,Female,20000,White,45-64,Has_no_Child(ren),Married
1367335,Male,65400,White,25-44,Has_no_Child(ren),Married
1368984,Male,53900,White,45-64,Has_no_Child(ren),Married
1369990,Female,65100,White,64+,Has_Child(ren),Married
1372354,Male,68300,White,45-64,Has_no_Child(ren),Not_Married
1376120,Female,67200,White,45-64,Has_Child(ren),Not_Married
1377373,Male,45200,White,64+,Has_Child(ren),Not_Married
1377570,Female,40500,Black,25-44,Has_Child(ren),Not_Married
1379119,Male,51000,White,64+,Has_no_Child(ren),Married
1379352,Female,49000,Asian,25-44,Has_no_Child(ren),Married
1379966,Female,58900,White,25-44,Has_no_Child(ren),Married
1382944,Male,91100,Black,45-64,Has_no_Child(ren),Married
1383074,Female,71000,White,64+,Has_no_Child(ren),Married
1386924,Male,69100,White,45-64,Has_no_Child(ren),Married
1387270,Female,29700,White,45-64,Has_Child(ren),Married
1392204,Male,78000,White,64+,Has_no_Child(ren),Married
1393345,Male,20000,White,45-64,Has_no_Child(ren),Married
1396298,Male,31200,White,64+,Has_Child(ren),Married
1397720,Female,49500,White,25-44,Has_Child(ren),Married
1397901,Female,81900,White,25-44,Has_no_Child(ren),Married
1398788,Female,53800,White,45-64,Has_Child(ren),Married
1399344,Male,52100,Black,64+,Has_no_Child(ren),Married
1401353,Male,56700,White,45-64,Has_Child(ren),Married
1404299,Female,96800,White,25-44,Has_no_Child(ren),Not_Married
1405276,Female,83600,White,25-44,Has_Child(ren),Married
1405521,Male,84100,White,64+,Has_Child(ren),Married
1405679,Female,100200,White,45-64,Has_no_Child(ren),Married
1406385,Female,20000,White,64+,Has_Child(ren),Married
1409471,Male,58000,White,64+,Has_no_Child(ren),Married
1410672,Female,62500,White,25-44,Has_Child(ren),Married
1410888,Female,76000,White,64+,Has_Child(ren),Married
1412112,Female,58500,White,45-64,Has_no_Child(ren),Married
1412878,Female,56600,White,25-44,Has_Child(ren),Married
1412895,Male,63300,White,45-64,Has_no_Child(ren),Married
1413962,Male,55200,White,25-44,Has_no_Child(ren),Married
1427158,Female,69900,White,45-64,Has_Child(ren),Not_Married
1427690,Female,55300,Other,64+,Has_Child(ren),Not_Married
1429675,Male,38800,Black,64+,Has_no_Child(ren),Not_Married
1434722,Female,90700,White,45-64,Has_no_Child(ren),Married
1434990,Male,66600,White,45-64,Has_no_Child(ren),Married
1435454,Female,56000,White,45-64,Has_no_Child(ren),Married
1437266,Male,31900,White,64+,Has_Child(ren),Married
1439327,Male,89100,Black,64+,Has_Child(ren),Married
1440856,Male,31000,White,45-64,Has_no_Child(ren),Married
1441176,Male,41800,White,25-44,Has_no_Child(ren),Not_Married
1443076,Female,67000,White,25-44,Has_Child(ren),Married
1443901,Female,40700,Two_or_More,25-44,Has_no_Child(ren),Not_Married
1445816,Female,63200,Asian,25-44,Has_no_Child(ren),Not_Married
1447443,Female,67500,White,64+,Has_Child(ren),Married
1448576,Female,20000,White,25-44,Has_no_Child(ren),Married
1449745,Male,88100,Other,45-64,Has_no_Child(ren),Married
1449900,Male,101400,White,45-64,Has_Child(ren),Married
1450247,Male,59800,White,25-44,Has_Child(ren),Married
1450284,Female,20000,White,25-44,Has_Child(ren),Married
1453849,Female,46100,White,25-44,Has_Child(ren),Married
1454100,Male,99000,White,15-24,Has_Child(ren),Married
1456143,Male,20000,White,45-64,Has_no_Child(ren),Married
1456373,Male,86100,White,45-64,Has_Child(ren),Married
1456382,Female,91900,White,45-64,Has_no_Child(ren),Married
1457568,Female,69200,White,45-64,Has_Child(ren),Married
1458145,Male,32700,White,45-64,Has_no_Child(ren),Married
1458285,Female,57900,White,25-44,Has_Child(ren),Married
1459602,Male,47600,White,25-44,Has_Child(ren),Not_Married
1463753,Female,46800,Asian,25-44,Has_Child(ren),Married
1469266,Male,60100,White,15-24,Has_no_Child(ren),Married
1469285,Female,80600,White,25-44,Has_no_Child(ren),Not_Married
1471249,Female,63800,Black,45-64,Has_no_Child(ren),Married
1472087,Female,60600,White,45-64,Has_no_Child(ren),Married
1473822,Female,60600,White,64+,Has_Child(ren),Married
1475618,Female,49000,Black,25-44,Has_Child(ren),Not_Married
1476650,Male,67600,Asian,25-44,Has_no_Child(ren),Married
1476871,Female,65300,White,25-44,Has_no_Child(ren),Married
1477745,Male,20000,White,25-44,Has_no_Child(ren),Not_Married
1480267,Male,89200,White,64+,Has_no_Child(ren),Married
1481601,Female,80200,White,45-64,Has_Child(ren),Married
1486470,Male,96900,Other,25-44,Has_Child(ren),Not_Married
1486476,Male,42100,Black,25-44,Has_no_Child(ren),Not_Married
1489505,Male,57700,White,25-44,Has_Child(ren),Married
1492217,Male,36000,White,15-24,Has_no_Child(ren),Not_Married
1492652,Male,25200,White,25-44,Has_no_Child(ren),Married
1492812,Male,91900,White,25-44,Has_Child(ren),Married
1496310,Male,85500,White,45-64,Has_no_Child(ren),Not_Married
1497397,Female,80100,White,45-64,Has_no_Child(ren),Married
1498384,Female,64300,White,45-64,Has_Child(ren),Married
1498587,Female,67700,White,25-44,Has_Child(ren),Married
1499401,Male,64500,White,64+,Has_no_Child(ren),Married
1502037,Female,77900,White,45-64,Has_Child(ren),Not_Married
1502504,Male,58700,Black,45-64,Has_Child(ren),Married
1502851,Female,96400,White,45-64,Has_no_Child(ren),Married
1507526,Female,54500,Other,25-44,Has_Child(ren),Not_Married
1516297,Male,50200,White,45-64,Has_Child(ren),Married
1518278,Male,39100,White,25-44,Has_Child(ren),Married
1518897,Male,66400,White,25-44,Has_no_Child(ren),Married
1518907,Female,64000,White,45-64,Has_no_Child(ren),Married
1520066,Female,101000,White,45-64,Has_Child(ren),Married
1520579,Male,113000,White,45-64,Has_Child(ren),Married
1525399,Male,39600,Asian,25-44,Has_no_Child(ren),Married
1530791,Male,85000,White,45-64,Has_no_Child(ren),Not_Married
1532405,Male,51200,White,15-24,Has_Child(ren),Married
1534529,Male,49700,White,64+,Has_Child(ren),Married
1535805,Male,20000,White,45-64,Has_no_Child(ren),Not_Married
1544458,Female,60800,White,64+,Has_Child(ren),Married
1548166,Female,81000,White,64+,Has_Child(ren),Married
1548438,Female,24500,White,45-64,Has_no_Child(ren),Married
1548644,Male,42400,White,25-44,Has_Child(ren),Married
1549718,Female,84600,White,25-44,Has_Child(ren),Not_Married
1549806,Male,57400,White,64+,Has_Child(ren),Married
1551950,Female,101400,White,45-64,Has_Child(ren),Married
1553396,Male,113000,White,45-64,Has_Child(ren),Married
1553922,Female,72500,White,64+,Has_no_Child(ren),Married
1557360,Female,81500,White,45-64,Has_Child(ren),Not_Married
1560393,Male,48900,White,45-64,Has_no_Child(ren),Married
1562027,Female,63100,Two_or_More,45-64,Has_no_Child(ren),Not_Married
1570606,Male,63500,Black,25-44,Has_Child(ren),Not_Married
1571369,Male,79300,White,25-44,Has_no_Child(ren),Married
1572709,Female,77500,White,45-64,Has_no_Child(ren),Married
1572898,Female,79400,Asian,45-64,Has_no_Child(ren),Not_Married
1578082,Male,40200,White,25-44,Has_Child(ren),Not_Married
1578598,Female,38500,Black,45-64,Has_Child(ren),Married
1581813,Male,58700,White,25-44,Has_no_Child(ren),Not_Married
1582805,Female,73700,White,45-64,Has_no_Child(ren),Married
1582953,Male,56300,White,45-64,Has_no_Child(ren),Married
1586859,Female,83200,White,64+,Has_no_Child(ren),Married
1587113,Male,49200,White,45-64,Has_no_Child(ren),Not_Married
1587138,Male,81300,White,45-64,Has_Child(ren),Married
1589302,Female,78700,Asian,25-44,Has_no_Child(ren),Not_Married
1591144,Male,26900,White,45-64,Has_Child(ren),Married
1594219,Male,87100,Asian,45-64,Has_no_Child(ren),Married
1596961,Female,73900,White,45-64,Has_Child(ren),Married
1598724,Male,106700,White,45-64,Has_no_Child(ren),Married
1598912,Male,76400,White,25-44,Has_no_Child(ren),Not_Married
1599728,Male,60400,White,45-64,Has_no_Child(ren),Not_Married
1599736,Male,57300,White,45-64,Has_Child(ren),Married
1601067,Female,72300,Black,64+,Has_Child(ren),Married
1602227,Female,69900,White,45-64,Has_no_Child(ren),Married
1603615,Male,68600,White,45-64,Has_no_Child(ren),Married
1605648,Female,55700,White,64+,Has_Child(ren),Married
1607546,Female,91900,White,25-44,Has_Child(ren),Married
1608708,Male,75800,White,64+,Has_Child(ren),Married
1609758,Male,81400,Other,64+,Has_Child(ren),Married
1610017,Female,95900,White,64+,Has_no_Child(ren),Married
1610686,Male,20000,White,45-64,Has_no_Child(ren),Married
1611688,Female,50200,White,15-24,Has_Child(ren),Married
1611812,Male,39300,White,64+,Has_Child(ren),Not_Married
1612410,Female,36400,White,64+,Has_Child(ren),Not_Married
1613900,Male,82400,White,64+,Has_no_Child(ren),Married
1613953,Female,67400,White,64+,Has_Child(ren),Married
1614232,Male,49700,Black,64+,Has_no_Child(ren),Not_Married
1618024,Male,83000,White,64+,Has_Child(ren),Married
1619950,Male,86600,White,45-64,Has_no_Child(ren),Married
1620477,Male,62500,Asian,25-44,Has_no_Child(ren),Not_Married
1624071,Male,65100,White,64+,Has_Child(ren),Not_Married
1625319,Female,50300,White,25-44,Has_no_Child(ren),Married
1625791,Male,20000,White,45-64,Has_no_Child(ren),Married
1629880,Female,87200,White,64+,Has_no_Child(ren),Married
1630886,Female,85900,White,25-44,Has_Child(ren),Married
1631649,Male,101700,White,25-44,Has_no_Child(ren),Married
1632015,Female,84900,White,45-64,Has_no_Child(ren),Married
1635501,Female,60800,White,25-44,Has_no_Child(ren),Not_Married
1637765,Female,71400,White,25-44,Has_Child(ren),Married
1639659,Female,30100,White,64+,Has_Child(ren),Married
1641223,Female,53600,White,25-44,Has_no_Child(ren),Married
1642523,Male,88100,White,64+,Has_Child(ren),Married
1645200,Male,20000,White,64+,Has_no_Child(ren),Married
1649967,Male,65700,White,25-44,Has_Child(ren),Married
1650983,Female,104600,White,64+,Has_no_Child(ren),Not_Married
1656539,Female,72100,Asian,45-64,Has_Child(ren),Married
1657175,Male,62500,White,25-44,Has_Child(ren),Married
1657339,Female,90000,Other,25-44,Has_no_Child(ren),Married
1658533,Male,20000,White,45-64,Has_Child(ren),Married
1660822,Male,63400,Asian,25-44,Has_no_Child(ren),Married
1665491,Female,71000,White,45-64,Has_Child(ren),Married
1665863,Female,65100,Black,64+,Has_no_Child(ren),Not_Married
1668151,Female,20000,White,45-64,Has_Child(ren),Married
1669341,Male,40400,White,15-24,Has_no_Child(ren),Married
1670891,Female,48500,White,64+,Has_Child(ren),Married
1675089,Female,58500,White,64+,Has_Child(ren),Married
1676516,Female,68000,White,45-64,Has_no_Child(ren),Not_Married
1678506,Male,84600,Asian,45-64,Has_no_Child(ren),Married
1681786,Female,70200,White,45-64,Has_no_Child(ren),Not_Married
1684245,Male,112000,White,25-44,Has_no_Child(ren),Married
1684292,Female,67100,White,25-44,Has_no_Child(ren),Married
1689467,Female,91800,Other,25-44,Has_no_Child(ren),Married
1690106,Male,106300,White,25-44,Has_no_Child(ren),Married
1690961,Female,93600,White,45-64,Has_no_Child(ren),Married
1695507,Female,93900,Black,25-44,Has_no_Child(ren),Married
1696406,Male,55600,Two_or_More,25-44,Has_Child(ren),Not_Married
1697688,Female,100400,Asian,25-44,Has_Child(ren),Married
1698135,Male,84800,White,25-44,Has_no_Child(ren),Married
1699767,Female,85600,White,45-64,Has_no_Child(ren),Married
1700281,Female,57900,White,25-44,Has_Child(ren),Not_Married
1702854,Female,65800,White,45-64,Has_no_Child(ren),Married
1707519,Female,47700,Black,64+,Has_no_Child(ren),Married
1707847,Female,93900,Asian,25-44,Has_Child(ren),Married
1709974,Male,21000,White,25-44,Has_no_Child(ren),Married
1713513,Male,86800,Black,45-64,Has_Child(ren),Married
1716912,Female,83100,White,45-64,Has_Child(ren),Married
1720675,Male,46200,White,15-24,Has_Child(ren),Married
1724302,Female,105700,Black,25-44,Has_no_Child(ren),Married
1729736,Male,88200,White,64+,Has_Child(ren),Married
1730184,Male,92800,White,25-44,Has_Child(ren),Married
1731482,Female,67700,White,25-44,Has_Child(ren),Married
1733752,Male,40100,Black,45-64,Has_Child(ren),Not_Married
1736091,Female,77100,White,45-64,Has_no_Child(ren),Married
1736470,Female,20000,White,45-64,Has_Child(ren),Married
1736771,Male,53400,Two_or_More,64+,Has_no_Child(ren),Married
1738208,Female,83900,Black,45-64,Has_no_Child(ren),Married
1740806,Female,21600,White,45-64,Has_no_Child(ren),Married
1742315,Female,88300,White,25-44,Has_no_Child(ren),Not_Married
1743549,Female,56100,Other,25-44,Has_Child(ren),Married
1748521,Female,68300,White,45-64,Has_Child(ren),Married
1750655,Female,103300,White,25-44,Has_no_Child(ren),Married
1750704,Male,87400,White,25-44,Has_no_Child(ren),Married
1753067,Female,83400,White,45-64,Has_Child(ren),Married
1754074,Male,90200,White,25-44,Has_Child(ren),Married
1757589,Female,106200,Black,25-44,Has_Child(ren),Married
1757703,Male,73300,Asian,45-64,Has_no_Child(ren),Married
1758986,Male,60500,Asian,45-64,Has_no_Child(ren),Not_Married
1761379,Female,82100,White,25-44,Has_Child(ren),Married
1766448,Male,55900,White,25-44,Has_no_Child(ren),Married
1767332,Male,64200,Black,64+,Has_Child(ren),Married
1767835,Male,59200,White,45-64,Has_no_Child(ren),Married
1775857,Male,20000,White,45-64,Has_no_Child(ren),Married
1776555,Female,90500,White,15-24,Has_no_Child(ren),Not_Married
1780462,Male,65700,Other,25-44,Has_Child(ren),Married
1781712,Female,61200,Black,64+,Has_no_Child(ren),Married
1782530,Female,50300,Asian,45-64,Has_Child(ren),Not_Married
1783169,Male,51600,White,45-64,Has_Child(ren),Married
1785138,Male,107800,White,25-44,Has_no_Child(ren),Not_Married
1786594,Female,58900,White,45-64,Has_Child(ren),Married
1788410,Male,40400,White,45-64,Has_no_Child(ren),Married
1788896,Male,20000,White,25-44,Has_no_Child(ren),Married
1798734,Female,43500,White,25-44,Has_Child(ren),Married
1800273,Male,82800,White,64+,Has_Child(ren),Married
1800927,Male,83000,White,25-44,Has_no_Child(ren),Married
1801851,Female,65200,Asian,45-64,Has_no_Child(ren),Not_Married
1802547,Male,43500,White,45-64,Has_no_Child(ren),Married
1804922,Female,32300,Black,25-44,Has_Child(ren),Married
1808600,Male,20000,Asian,25-44,Has_Child(ren),Married
1810856,Male,78700,White,64+,Has_Child(ren),Married
1810879,Male,75800,White,45-64,Has_Child(ren),Married
1811206,Male,74900,White,45-64,Has_no_Child(ren),Married
1811815,Female,102200,White,45-64,Has_no_Child(ren),Not_Married
1813236,Female,64200,White,45-64,Has_no_Child(ren),Not_Married
1816354,Female,65900,White,25-44,Has_no_Child(ren),Married
1818304,Male,45200,White,25-44,Has_Child(ren),Married
1821775,Male,20000,White,25-44,Has_no_Child(ren),Married
1822213,Male,40500,Other,45-64,Has_no_Child(ren),Married
1826366,Female,109700,White,25-44,Has_Child(ren),Married
1828780,Female,78100,White,25-44,Has_Child(ren),Married
1835110,Male,59100,White,45-64,Has_Child(ren),Married
1839568,Female,77000,Two_or_More,45-64,Has_Child(ren),Married
1840497,Male,35500,White,45-64,Has_no_Child(ren),Married
1841705,Female,41400,White,25-44,Has_Child(ren),Not_Married
1843461,Male,69200,Asian,25-44,Has_no_Child(ren),Married
1844757,Male,94200,White,45-64,Has_no_Child(ren),Married
1845543,Female,48400,White,25-44,Has_Child(ren),Married
1846643,Female,96400,White,25-44,Has_Child(ren),Married
1848740,Female,58900,Black,64+,Has_Child(ren),Not_Married
1849591,Female,58900,Black,64+,Has_no_Child(ren),Married
1851469,Male,97800,Other,45-64,Has_Child(ren),Married
1853021,Male,95900,White,25-44,Has_no_Child(ren),Married
1853837,Male,77000,White,64+,Has_Child(ren),Married
1857151,Male,48100,White,64+,Has_no_Child(ren),Married
1861508,Male,20000,White,25-44,Has_Child(ren),Married
1866932,Male,97700,White,25-44,Has_no_Child(ren),Not_Married
1867005,Male,62300,White,45-64,Has_no_Child(ren),Married
1867936,Male,91200,White,45-64,Has_Child(ren),Not_Married
1872517,Female,36900,White,45-64,Has_Child(ren),Not_Married
1873558,Female,73300,White,64+,Has_no_Child(ren),Married
1874207,Female,106500,Asian,45-64,Has_no_Child(ren),Married
1876570,Male,66800,White,25-44,Has_no_Child(ren),Married
1876786,Female,43400,Black,45-64,Has_no_Child(ren),Married
1877759,Female,45900,White,25-44,Has_Child(ren),Not_Married
1882424,Male,93600,White,25-44,Has_Child(ren),Married
1883734,Male,58900,White,64+,Has_Child(ren),Married
1884873,Male,111000,White,25-44,Has_Child(ren),Married
1886212,Male,60800,White,25-44,Has_no_Child(ren),Not_Married
1886370,Female,57900,White,25-44,Has_no_Child(ren),Married
1887150,Male,73700,White,25-44,Has_no_Child(ren),Not_Married
1892325,Male,85000,White,25-44,Has_no_Child(ren),Married
1893959,Male,26000,Black,25-44,Has_Child(ren),Not_Married
1894044,Male,66400,White,64+,Has_Child(ren),Not_Married
1896272,Female,62400,White,15-24,Has_Child(ren),Married
1905381,Female,104600,White,25-44,Has_no_Child(ren),Married
1905773,Female,23400,White,25-44,Has_no_Child(ren),Married
1906381,Male,53700,White,64+,Has_Child(ren),Not_Married
1907590,Male,80300,White,25-44,Has_no_Child(ren),Not_Married
1907726,Male,20000,White,45-64,Has_Child(ren),Married
1908332,Male,20000,White,64+,Has_Child(ren),Married
1909348,Female,53800,White,25-44,Has_Child(ren),Not_Married
1911133,Male,64500,White,25-44,Has_no_Child(ren),Married
1911560,Male,89800,White,25-44,Has_Child(ren),Not_Married
1911645,Female,67800,White,45-64,Has_Child(ren),Not_Married
1915112,Female,53100,Other,25-44,Has_no_Child(ren),Married
1915474,Female,96000,White,45-64,Has_no_Child(ren),Married
1918276,Female,96600,White,45-64,Has_no_Child(ren),Married
1918711,Female,54900,Black,45-64,Has_no_Child(ren),Not_Married
1923823,Male,58100,Two_or_More,64+,Has_Child(ren),Not_Married
1924508,Male,69400,White,45-64,Has_no_Child(ren),Married
1928350,Female,62100,White,45-64,Has_no_Child(ren),Married
1928850,Male,66300,Black,25-44,Has_Child(ren),Married
1929492,Male,58800,White,45-64,Has_no_Child(ren),Married
1930733,Male,42500,Other,45-64,Has_Child(ren),Married
1933059,Male,87600,White,64+,Has_Child(ren),Married
1933231,Male,71800,White,25-44,Has_no_Child(ren),Married
1934883,Female,69900,White,15-24,Has_no_Child(ren),Married
1935756,Female,56300,White,25-44,Has_Child(ren),Married
1936645,Male,93900,White,45-64,Has_Child(ren),Married
1938054,Female,94300,White,25-44,Has_Child(ren),Married
1941635,Female,89900,White,45-64,Has_Child(ren),Not_Married
1945286,Male,68100,White,64+,Has_Child(ren),Married
1947283,Female,72400,White,25-44,Has_Child(ren),Married
1948135,Male,87300,White,15-24,Has_no_Child(ren),Married
1950960,Female,106300,White,45-64,Has_no_Child(ren),Married
1954053,Female,53800,White,25-44,Has_Child(ren),Not_Married
1962334,Female,72000,Asian,45-64,Has_Child(ren),Not_Married
1963019,Male,95300,Asian,25-44,Has_Child(ren),Married
1964150,Male,79800,White,45-64,Has_Child(ren),Married
1965484,Female,58600,White,45-64,Has_Child(ren),Married
1969985,Female,74200,White,64+,Has_no_Child(ren),Married
1974135,Female,71000,White,25-44,Has_no_Child(ren),Married
1976587,Female,92400,White,45-64,Has_Child(ren),Not_Married
1977023,Female,64000,White,45-64,Has_Child(ren),Not_Married
1979904,Female,29600,Other,25-44,Has_Child(ren),Not_Married
1979955,Male,54900,White,25-44,Has_no_Child(ren),Not_Married
1980430,Female,82000,White,64+,Has_no_Child(ren),Married
1981231,Male,50900,White,45-64,Has_Child(ren),Married
1983541,Male,86300,White,64+,Has_no_Child(ren),Married
1986065,Male,97400,White,25-44,Has_no_Child(ren),Not_Married
1986764,Male,69700,White,15-24,Has_no_Child(ren),Married
1987705,Female,89200,Other,25-44,Has_Child(ren),Married
1994055,Male,49300,White,45-64,Has_no_Child(ren),Married
1999392,Female,43600,Asian,25-44,Has_no_Child(ren),Married
2002488,Female,51800,White,45-64,Has_Child(ren),Married
2006768,Male,67100,Asian,25-44,Has_Child(ren),Married
2012640,Male,52600,White,25-44,Has_Child(ren),Married
2013154,Male,124100,White,45-64,Has_no_Child(ren),Not_Married
2014263,Male,67700,White,25-44,Has_Child(ren),Married
2014709,Male,95900,Black,25-44,Has_Child(ren),Married
2019954,Male,83000,White,45-64,Has_no_Child(ren),Married
2019978,Male,44600,White,45-64,Has_no_Child(ren),Married
2021269,Female,71000,Black,45-64,Has_no_Child(ren),Married
2023164,Female,49200,White,45-64,Has_Child(ren),Married
2023292,Male,46100,White,64+,Has_no_Child(ren),Married
2028821,Female,20000,White,45-64,Has_no_Child(ren),Married
2034452,Female,104100,Black,45-64,Has_no_Child(ren),Married
2035837,Female,101000,Asian,64+,Has_no_Child(ren),Married
2037116,Male,91300,White,25-44,Has_no_Child(ren),Married
2042603,Female,41500,White,45-64,Has_no_Child(ren),Not_Married
2044736,Male,34400,Asian,25-44,Has_Child(ren),Not_Married
2046148,Female,44500,White,25-44,Has_no_Child(ren),Not_Married
2048296,Female,74500,White,45-64,Has_no_Child(ren),Married
2048750,Female,99100,White,25-44,Has_Child(ren),Married
2053229,Male,79800,White,64+,Has_Child(ren),Married
2054613,Female,56800,Other,25-44,Has_no_Child(ren),Married
2057857,Male,108700,White,45-64,Has_Child(ren),Married
2057971,Female,103700,White,64+,Has_Child(ren),Married
2058754,Female,64800,White,15-24,Has_no_Child(ren),Married
2060698,Female,20000,White,45-64,Has_no_Child(ren),Not_Married
2062416,Female,70100,White,45-64,Has_no_Child(ren),Married
2063941,Female,62600,White,25-44,Has_Child(ren),Not_Married
2065409,Female,51300,Other,25-44,Has_Child(ren),Not_Married
2066791,Female,73000,White,25-44,Has_no_Child(ren),Married
2073937,Male,60700,White,45-64,Has_no_Child(ren),Married
2075459,Male,58300,Other,25-44,Has_Child(ren),Not_Married
2075896,Male,85300,White,45-64,Has_no_Child(ren),Married
2076842,Female,79600,White,45-64,Has_no_Child(ren),Married
2077125,Male,66500,White,45-64,Has_Child(ren),Married
2077665,Female,65200,White,25-44,Has_no_Child(ren),Not_Married
2077786,Male,27900,White,64+,Has_no_Child(ren),Married
2079266,Female,50700,White,64+,Has_no_Child(ren),Married
2080833,Female,57900,White,25-44,Has_no_Child(ren),Not_Married
2081509,Male,91700,White,15-24,Has_Child(ren),Married
2084214,Female,46100,White,25-44,Has_no_Child(ren),Married
2084530,Male,25400,White,45-64,Has_Child(ren),Married
2085419,Female,50900,Asian,64+,Has_Child(ren),Married
2086516,Male,63600,White,45-64,Has_no_Child(ren),Married
2088391,Female,22400,White,25-44,Has_no_Child(ren),Married
2088911,Female,93900,Other,45-64,Has_no_Child(ren),Married
2090137,Female,73000,White,25-44,Has_no_Child(ren),Married
2092543,Male,92300,Asian,15-24,Has_no_Child(ren),Married
2095212,Male,64700,White,25-44,Has_no_Child(ren),Married
2095514,Male,47400,White,64+,Has_no_Child(ren),Married
2096562,Female,48200,White,45-64,Has_Child(ren),Not_Married
2099794,Female,104100,White,64+,Has_no_Child(ren),Married
2102413,Female,89900,White,45-64,Has_no_Child(ren),Married
2106093,Male,20000,White,25-44,Has_no_Child(ren),Married
2106775,Female,60700,Two_or_More,45-64,Has_no_Child(ren),Married
2110687,Female,69300,White,25-44,Has_no_Child(ren),Not_Married
2110869,Female,55400,White,45-64,Has_Child(ren),Not_Married
2116824,Male,101100,White,45-64,Has_no_Child(ren),Married
2120850,Female,58000,White,25-44,Has_no_Child(ren),Married
2120892,Female,84200,White,45-64,Has_no_Child(ren),Married
2121417,Female,68300,White,64+,Has_Child(ren),Married
2121782,Male,81200,White,45-64,Has_no_Child(ren),Married
2122208,Female,40800,White,25-44,Has_no_Child(ren),Married
2127915,Male,77500,White,45-64,Has_no_Child(ren),Married
2132504,Female,61000,White,25-44,Has_Child(ren),Not_Married
2132674,Female,53500,White,25-44,Has_no_Child(ren),Not_Married
2138270,Male,97000,White,45-64,Has_no_Child(ren),Married
2140317,Female,76900,White,25-44,Has_Child(ren),Married
2141567,Female,58100,White,25-44,Has_no_Child(ren),Married
2145393,Female,68400,Black,45-64,Has_no_Child(ren),Married
2148461,Male,67100,Other,25-44,Has_no_Child(ren),Not_Married
2149609,Female,101500,White,64+,Has_no_Child(ren),Married
2152092,Male,55400,White,45-64,Has_Child(ren),Married
2153380,Female,98000,Black,25-44,Has_no_Child(ren),Married
2153658,Female,96100,White,45-64,Has_no_Child(ren),Married
2154687,Male,62200,White,64+,Has_Child(ren),Not_Married
2158118,Male,98500,Black,25-44,Has_no_Child(ren),Married
2159224,Female,103100,White,64+,Has_no_Child(ren),Not_Married
2160203,Male,63700,White,64+,Has_Child(ren),Married
2166831,Female,85200,American_Indian,25-44,Has_no_Child(ren),Married
2167218,Male,83500,White,45-64,Has_no_Child(ren),Married
2168548,Male,35600,Black,25-44,Has_Child(ren),Not_Married
2169436,Female,70300,White,45-64,Has_no_Child(ren),Married
2169998,Female,24500,White,25-44,Has_Child(ren),Married
2171709,Female,77900,Asian,45-64,Has_no_Child(ren),Married
2172730,Female,56100,Other,45-64,Has_Child(ren),Not_Married
2174215,Female,77400,White,45-64,Has_Child(ren),Not_Married
2174545,Male,78500,White,64+,Has_no_Child(ren),Not_Married
2175759,Female,100900,White,64+,Has_no_Child(ren),Married
2179523,Male,66000,White,25-44,Has_no_Child(ren),Not_Married
2182146,Male,64000,White,45-64,Has_Child(ren),Married
2182912,Female,67700,White,45-64,Has_Child(ren),Married
2183844,Male,49400,Two_or_More,25-44,Has_Child(ren),Married
2184816,Male,86700,White,45-64,Has_no_Child(ren),Married
2188858,Female,66200,White,45-64,Has_no_Child(ren),Married
2189373,Male,41700,Two_or_More,64+,Has_Child(ren),Married
2189795,Male,20000,White,64+,Has_no_Child(ren),Married
2195782,Male,82800,Asian,45-64,Has_no_Child(ren),Not_Married
2196027,Female,97900,White,25-44,Has_Child(ren),Married
2199292,Male,66500,Black,45-64,Has_no_Child(ren),Married
2199453,Female,56400,White,25-44,Has_no_Child(ren),Not_Married
2200007,Male,59600,Black,45-64,Has_Child(ren),Not_Married
2201478,Male,50500,White,45-64,Has_no_Child(ren),Married
2203625,Male,80800,White,64+,Has_Child(ren),Not_Married
2205017,Female,98600,Black,64+,Has_Child(ren),Not_Married
2206774,Male,45800,White,64+,Has_no_Child(ren),Not_Married
2215156,Female,71900,White,45-64,Has_Child(ren),Not_Married
2219282,Female,46700,Black,45-64,Has_no_Child(ren),Not_Married
2221039,Male,20000,White,45-64,Has_no_Child(ren),Married
2221704,Female,70900,White,25-44,Has_no_Child(ren),Married
2223394,Female,107500,White,45-64,Has_no_Child(ren),Married
2223970,Female,78600,White,64+,Has_no_Child(ren),Married
2225061,Female,81500,White,45-64,Has_Child(ren),Married
2225686,Female,92400,White,64+,Has_no_Child(ren),Married
2229032,Female,60200,White,45-64,Has_no_Child(ren),Married
2231374,Male,71900,White,15-24,Has_no_Child(ren),Married
2232052,Female,98100,White,45-64,Has_no_Child(ren),Married
2233869,Female,79700,White,25-44,Has_Child(ren),Married
2236156,Male,86100,White,64+,Has_no_Child(ren),Married
2236870,Male,64700,White,64+,Has_Child(ren),Married
2237249,Male,90000,White,25-44,Has_no_Child(ren),Married
2243117,Female,21100,White,64+,Has_no_Child(ren),Married
2243660,Female,70000,Other,25-44,Has_Child(ren),Married
2245654,Female,97500,White,45-64,Has_no_Child(ren),Married
2245903,Male,94800,White,64+,Has_no_Child(ren),Not_Married
2248119,Male,70100,White,25-44,Has_no_Child(ren),Not_Married
2253027,Female,59100,White,45-64,Has_no_Child(ren),Married
2256773,Male,59500,Asian,64+,Has_no_Child(ren),Not_Married
2258298,Male,63200,Black,45-64,Has_no_Child(ren),Married
2260612,Female,93400,White,25-44,Has_Child(ren),Married
2260617,Male,63600,White,25-44,Has_no_Child(ren),Married
2263732,Male,94300,Asian,45-64,Has_no_Child(ren),Married
2264762,Female,32900,White,25-44,Has_Child(ren),Not_Married
2265260,Male,53000,Black,25-44,Has_Child(ren),Married
2266969,Female,21800,White,64+,Has_Child(ren),Married
2267460,Male,56200,White,25-44,Has_Child(ren),Not_Married
2269053,Female,90900,White,45-64,Has_Child(ren),Married
2270016,Male,41100,White,45-64,Has_no_Child(ren),Not_Married
2271310,Female,20000,White,45-64,Has_Child(ren),Married
2273519,Female,95800,White,25-44,Has_no_Child(ren),Married
2278479,Female,94100,White,25-44,Has_Child(ren),Married
2280643,Female,97700,White,45-64,Has_no_Child(ren),Married
2282900,Female,26400,White,25-44,Has_Child(ren),Married
2289018,Male,71300,White,64+,Has_no_Child(ren),Married
2290148,Female,88500,White,45-64,Has_Child(ren),Not_Married
2291667,Female,60100,White,25-44,Has_Child(ren),Married
2291855,Male,81400,Asian,25-44,Has_Child(ren),Married
2292224,Female,70200,White,25-44,Has_no_Child(ren),Not_Married
2292303,Male,46400,White,45-64,Has_Child(ren),Not_Married
2298378,Male,97800,White,45-64,Has_Child(ren),Married
2298423,Female,63800,White,45-64,Has_Child(ren),Married
2298549,Male,29500,White,64+,Has_no_Child(ren),Married
2298803,Female,57900,White,25-44,Has_no_Child(ren),Married
2299074,Female,46700,White,45-64,Has_no_Child(ren),Not_Married
2299566,Male,70400,White,25-44,Has_Child(ren),Married
2302045,Male,50200,White,25-44,Has_no_Child(ren),Married
2303837,Female,65300,White,25-44,Has_Child(ren),Married
2306937,Male,90600,White,45-64,Has_no_Child(ren),Married
2307466,Male,37800,White,25-44,Has_Child(ren),Married
2310047,Male,59100,White,64+,Has_no_Child(ren),Married
2314151,Female,42100,White,64+,Has_no_Child(ren),Not_Married
2314437,Female,88900,White,45-64,Has_no_Child(ren),Married
2315229,Male,94600,White,25-44,Has_Child(ren),Married
2317126,Female,54700,Other,45-64,Has_no_Child(ren),Married
2317223,Male,59100,Other,25-44,Has_Child(ren),Not_Married
2318574,Male,100100,White,45-64,Has_no_Child(ren),Married
2319160,Male,47100,White,15-24,Has_Child(ren),Married
2320280,Female,92700,White,45-64,Has_no_Child(ren),Married
2321644,Female,67100,White,25-44,Has_no_Child(ren),Married
2326213,Female,69400,White,25-44,Has_Child(ren),Not_Married
2327733,Female,54300,White,45-64,Has_Child(ren),Not_Married
2336058,Female,46300,White,45-64,Has_no_Child(ren),Married
2337536,Female,61000,Two_or_More,25-44,Has_no_Child(ren),Married
2340935,Female,53900,White,45-64,Has_no_Child(ren),Married
2341382,Female,29100,White,25-44,Has_Child(ren),Married
2343504,Female,57100,White,45-64,Has_Child(ren),Married
2344941,Male,55800,White,25-44,Has_no_Child(ren),Married
2345758,Male,55100,White,25-44,Has_no_Child(ren),Married
2347808,Male,61600,White,45-64,Has_no_Child(ren),Not_Married
2348351,Female,47700,White,25-44,Has_no_Child(ren),Married
2350437,Female,20000,Two_or_More,45-64,Has_Child(ren),Married
2353229,Male,80800,White,25-44,Has_Child(ren),Not_Married
2354590,Female,49900,Black,45-64,Has_Child(ren),Married
2355413,Male,49100,Black,45-64,Has_Child(ren),Married
2355641,Male,47600,White,25-44,Has_Child(ren),Not_Married
2359287,Male,68500,White,25-44,Has_no_Child(ren),Married
2360662,Female,73100,White,45-64,Has_Child(ren),Married
2361002,Female,98000,White,45-64,Has_no_Child(ren),Not_Married
2364737,Female,65300,White,25-44,Has_no_Child(ren),Married
2365089,Male,59300,Asian,25-44,Has_no_Child(ren),Married
2366843,Female,52000,Black,45-64,Has_Child(ren),Married
2366892,Female,76100,White,25-44,Has_no_Child(ren),Married
2366922,Female,98800,White,64+,Has_no_Child(ren),Married
2367350,Female,71700,White,64+,Has_Child(ren),Not_Married
2367790,Female,60100,White,25-44,Has_no_Child(ren),Married
2369340,Male,25000,Other,15-24,Has_Child(ren),Married
2373712,Female,20000,White,64+,Has_no_Child(ren),Married
2374380,Male,98900,White,25-44,Has_Child(ren),Married
2375423,Male,57500,Asian,25-44,Has_Child(ren),Not_Married
2376755,Male,48000,White,64+,Has_no_Child(ren),Not_Married
2376930,Female,21200,White,45-64,Has_Child(ren),Married
2376994,Male,30700,White,64+,Has_Child(ren),Married
2378317,Female,20000,White,45-64,Has_no_Child(ren),Married
2385325,Male,56100,White,45-64,Has_Child(ren),Not_Married
2385899,Female,20800,White,25-44,Has_no_Child(ren),Married
2388471,Male,39600,White,45-64,Has_Child(ren),Married
2390937,Female,69500,White,25-44,Has_Child(ren),Married
2394356,Female,74300,Asian,45-64,Has_no_Child(ren),Married
2396282,Female,20000,Asian,45-64,Has_Child(ren),Married
2400836,Male,115500,Asian,64+,Has_Child(ren),Married
2406521,Female,86400,White,45-64,Has_no_Child(ren),Not_Married
2407049,Male,100400,Asian,45-64,Has_no_Child(ren),Married
2410673,Male,55600,White,15-24,Has_Child(ren),Married
2412427,Male,69000,White,45-64,Has_no_Child(ren),Not_Married
2414859,Female,87200,White,45-64,Has_Child(ren),Married
2415791,Female,108800,White,64+,Has_no_Child(ren),Not_Married
2421925,Female,86100,White,25-44,Has_Child(ren),Married
2424966,Female,54800,Black,25-44,Has_Child(ren),Not_Married
2425020,Male,45000,Other,15-24,Has_no_Child(ren),Not_Married
2430360,Female,97900,White,25-44,Has_no_Child(ren),Married
2431580,Female,59700,White,45-64,Has_no_Child(ren),Married
2432288,Male,79100,White,45-64,Has_no_Child(ren),Married
2434541,Male,70500,White,15-24,Has_no_Child(ren),Not_Married
2436592,Female,71300,White,45-64,Has_no_Child(ren),Not_Married
2439039,Male,95900,White,45-64,Has_no_Child(ren),Married
2440842,Female,114300,White,45-64,Has_Child(ren),Married
2444218,Female,20000,Asian,64+,Has_no_Child(ren),Married
2449074,Male,52200,Asian,45-64,Has_Child(ren),Married
2449587,Male,65400,White,25-44,Has_no_Child(ren),Married
2450075,Female,28100,White,64+,Has_Child(ren),Married
2450561,Male,71500,White,25-44,Has_Child(ren),Married
2451178,Female,56700,White,45-64,Has_Child(ren),Married
2454904,Female,66800,White,45-64,Has_no_Child(ren),Married
2455418,Female,95900,White,45-64,Has_Child(ren),Not_Married
2457094,Female,87500,White,25-44,Has_Child(ren),Married
2458213,Male,85600,White,45-64,Has_Child(ren),Married
2458642,Female,92900,White,45-64,Has_Child(ren),Married
2460265,Male,86600,White,64+,Has_no_Child(ren),Not_Married
2461367,Female,53100,White,25-44,Has_no_Child(ren),Married
2461531,Female,77500,White,64+,Has_Child(ren),Married
2462037,Female,68200,Asian,25-44,Has_Child(ren),Married
2463038,Male,58300,White,25-44,Has_no_Child(ren),Not_Married
2463543,Female,32600,Black,45-64,Has_no_Child(ren),Married
2464229,Male,95800,White,25-44,Has_no_Child(ren),Married
2467092,Female,40200,Other,25-44,Has_no_Child(ren),Married
2467604,Female,70400,White,25-44,Has_Child(ren),Married
2468867,Male,46600,White,25-44,Has_no_Child(ren),Married
2469046,Female,91500,White,45-64,Has_no_Child(ren),Married
2471051,Male,55900,Black,25-44,Has_Child(ren),Married
2473447,Female,56900,White,64+,Has_Child(ren),Married
2474754,Female,67000,White,45-64,Has_no_Child(ren),Married
2478827,Female,20000,White,45-64,Has_Child(ren),Married
2479829,Male,94400,White,25-44,Has_no_Child(ren),Not_Married
2480002,Male,41000,White,25-44,Has_Child(ren),Not_Married
2481972,Male,60300,White,25-44,Has_no_Child(ren),Not_Married
2482340,Male,49300,White,25-44,Has_Child(ren),Married
2490224,Male,65600,Asian,45-64,Has_Child(ren),Married
2491263,Male,95600,White,45-64,Has_Child(ren),Married
2491609,Female,41100,White,45-64,Has_no_Child(ren),Married
2493923,Female,104600,White,25-44,Has_Child(ren),Married
2495289,Male,20000,White,25-44,Has_no_Child(ren),Married
2497146,Male,45700,White,64+,Has_no_Child(ren),Married
2503175,Female,52600,White,45-64,Has_Child(ren),Not_Married
2504335,Female,85400,White,25-44,Has_no_Child(ren),Married
2504522,Male,67100,Black,64+,Has_no_Child(ren),Married
2504523,Female,98800,White,45-64,Has_no_Child(ren),Married
2506188,Male,49400,Black,45-64,Has_Child(ren),Married
2507117,Male,58200,White,15-24,Has_no_Child(ren),Married
2507895,Male,86700,White,45-64,Has_Child(ren),Not_Married
2510668,Male,86000,Black,15-24,Has_no_Child(ren),Married
2513542,Female,54800,Black,45-64,Has_Child(ren),Not_Married
2514905,Female,95300,Black,64+,Has_no_Child(ren),Not_Married
2517554,Male,49400,Black,25-44,Has_Child(ren),Married
2519348,Male,50500,White,45-64,Has_Child(ren),Married
2520051,Male,97300,White,25-44,Has_no_Child(ren),Married
2520200,Female,75900,White,45-64,Has_Child(ren),Not_Married
2520515,Male,20000,White,45-64,Has_no_Child(ren),Married
2520693,Female,76000,White,25-44,Has_Child(ren),Not_Married
2521155,Male,31700,White,64+,Has_no_Child(ren),Not_Married
2521875,Male,59300,White,25-44,Has_no_Child(ren),Married
2523731,Female,63100,White,64+,Has_no_Child(ren),Married
2524376,Male,66600,White,45-64,Has_no_Child(ren),Married
2525217,Female,97100,White,25-44,Has_Child(ren),Married
2525403,Male,97300,White,45-64,Has_Child(ren),Married
2525429,Male,27200,White,45-64,Has_Child(ren),Married
2526424,Female,44600,White,25-44,Has_Child(ren),Not_Married
2526615,Male,104700,White,25-44,Has_no_Child(ren),Married
2529025,Male,84900,White,25-44,Has_no_Child(ren),Married
2531570,Female,64700,White,45-64,Has_no_Child(ren),Married
2533072,Male,56900,White,64+,Has_Child(ren),Married
2533760,Female,86900,White,25-44,Has_Child(ren),Married
2534267,Male,53200,Two_or_More,25-44,Has_Child(ren),Married
2535103,Female,86300,White,45-64,Has_no_Child(ren),Married
2536562,Female,77100,White,64+,Has_no_Child(ren),Married
2537373,Female,44800,White,25-44,Has_no_Child(ren),Married
2538894,Male,75500,White,25-44,Has_no_Child(ren),Married
2538996,Female,85400,White,25-44,Has_Child(ren),Married
2539395,Male,22800,White,45-64,Has_no_Child(ren),Not_Married
2541039,Female,67000,White,15-24,Has_no_Child(ren),Not_Married
2541900,Female,46400,White,45-64,Has_no_Child(ren),Not_Married
2545502,Female,40300,Asian,64+,Has_no_Child(ren),Married
2545524,Male,55000,White,64+,Has_Child(ren),Married
2546056,Male,54800,White,25-44,Has_Child(ren),Married
2547609,Female,20000,White,45-64,Has_no_Child(ren),Married
2549026,Male,55700,White,25-44,Has_no_Child(ren),Married
2549404,Male,55800,White,25-44,Has_no_Child(ren),Married
2549635,Male,87500,Asian,45-64,Has_Child(ren),Married
2552034,Female,40200,White,25-44,Has_Child(ren),Not_Married
2554639,Male,40400,White,64+,Has_no_Child(ren),Married
2554663,Male,81300,White,45-64,Has_no_Child(ren),Not_Married
2556918,Male,87200,White,45-64,Has_no_Child(ren),Not_Married
2558765,Female,76900,White,25-44,Has_no_Child(ren),Married
2559374,Male,79500,White,45-64,Has_no_Child(ren),Married
2561405,Female,67400,Black,45-64,Has_no_Child(ren),Married
2564242,Male,55300,White,25-44,Has_Child(ren),Married
2567361,Female,38800,White,45-64,Has_Child(ren),Married
2568682,Female,69000,Two_or_More,15-24,Has_Child(ren),Married
2568915,Male,60100,White,45-64,Has_no_Child(ren),Not_Married
2570024,Female,39700,White,45-64,Has_no_Child(ren),Married
2570344,Male,44500,White,45-64,Has_Child(ren),Not_Married
2575423,Male,41400,Black,25-44,Has_Child(ren),Not_Married
2575771,Male,69700,White,45-64,Has_Child(ren),Married
2578191,Male,20000,White,25-44,Has_no_Child(ren),Not_Married
2579954,Male,45700,Two_or_More,45-64,Has_Child(ren),Married
2582939,Female,58300,White,45-64,Has_Child(ren),Married
2583369,Male,36900,White,45-64,Has_Child(ren),Married
2584956,Female,99300,White,45-64,Has_Child(ren),Married
2586038,Male,65100,White,64+,Has_Child(ren),Married
2586547,Male,41700,Black,15-24,Has_Child(ren),Not_Married
2588364,Female,52100,Asian,45-64,Has_Child(ren),Married
2589079,Male,71500,White,45-64,Has_Child(ren),Married
2595730,Female,62000,White,45-64,Has_no_Child(ren),Not_Married
2596330,Male,88600,White,25-44,Has_no_Child(ren),Married
2598486,Female,31300,White,25-44,Has_no_Child(ren),Married
2600201,Female,95500,White,25-44,Has_no_Child(ren),Married
2602360,Male,65300,White,64+,Has_no_Child(ren),Married
2602668,Female,106500,Asian,45-64,Has_no_Child(ren),Married
2605926,Female,93200,White,25-44,Has_no_Child(ren),Married
2607591,Male,98900,White,45-64,Has_Child(ren),Married
2608378,Male,20000,White,45-64,Has_no_Child(ren),Married
2608984,Female,85300,White,25-44,Has_no_Child(ren),Married
2609633,Female,86500,White,64+,Has_no_Child(ren),Married
2610133,Female,57000,White,25-44,Has_Child(ren),Married
2611937,Male,71500,White,45-64,Has_Child(ren),Married
2612131,Male,57600,Black,45-64,Has_no_Child(ren),Married
2612557,Female,54500,Asian,45-64,Has_no_Child(ren),Not_Married
2615046,Female,72100,Black,64+,Has_no_Child(ren),Married
2615320,Female,77100,White,64+,Has_Child(ren),Married
2619388,Male,69300,White,25-44,Has_no_Child(ren),Married
2622760,Female,25800,White,25-44,Has_no_Child(ren),Married
2623565,Female,69500,White,45-64,Has_no_Child(ren),Not_Married
2624061,Female,93900,White,45-64,Has_no_Child(ren),Married
2624982,Female,73900,White,25-44,Has_Child(ren),Married
2626939,Male,87600,White,25-44,Has_Child(ren),Married
2626971,Female,68600,White,25-44,Has_Child(ren),Not_Married
2633483,Female,86400,White,25-44,Has_no_Child(ren),Married
2633965,Female,47300,Black,64+,Has_no_Child(ren),Married
2639434,Male,63400,White,45-64,Has_no_Child(ren),Married
2641301,Male,85900,White,25-44,Has_Child(ren),Married
2642336,Female,43100,Two_or_More,25-44,Has_Child(ren),Not_Married
2648541,Female,84200,Other,15-24,Has_Child(ren),Married
2649283,Male,91700,Asian,64+,Has_no_Child(ren),Married
2649843,Male,62700,Asian,64+,Has_no_Child(ren),Married
2651726,Male,59400,White,45-64,Has_Child(ren),Married
2658470,Female,70300,White,45-64,Has_no_Child(ren),Not_Married
2661601,Male,41900,Black,25-44,Has_no_Child(ren),Not_Married
2665775,Female,96700,White,64+,Has_no_Child(ren),Married
2667546,Female,84700,White,45-64,Has_Child(ren),Married
2668469,Female,43300,Black,15-24,Has_no_Child(ren),Not_Married
2670013,Male,102100,White,25-44,Has_Child(ren),Married
2676970,Female,42300,Black,45-64,Has_Child(ren),Married
2679500,Female,62600,White,45-64,Has_no_Child(ren),Married
2680675,Female,90500,White,64+,Has_no_Child(ren),Married
2688557,Male,105300,Asian,45-64,Has_no_Child(ren),Married
2690306,Female,65100,White,45-64,Has_no_Child(ren),Not_Married
2695516,Male,61700,Asian,64+,Has_no_Child(ren),Married
2695754,Male,45000,White,25-44,Has_no_Child(ren),Married
2698630,Female,97900,White,45-64,Has_no_Child(ren),Married
2699177,Male,42700,White,25-44,Has_no_Child(ren),Married
2700200,Female,77000,White,45-64,Has_no_Child(ren),Married
2702202,Female,49900,White,25-44,Has_no_Child(ren),Not_Married
2704914,Female,59600,Asian,45-64,Has_Child(ren),Married
2709058,Male,86600,White,45-64,Has_Child(ren),Married
2710569,Female,32900,White,45-64,Has_no_Child(ren),Married
2710838,Male,75400,White,45-64,Has_no_Child(ren),Married
2711880,Female,73300,White,25-44,Has_Child(ren),Married
2712731,Male,85600,White,45-64,Has_no_Child(ren),Married
2714838,Female,52000,White,15-24,Has_no_Child(ren),Married
2716644,Male,81700,White,64+,Has_no_Child(ren),Married
2718335,Male,65000,White,64+,Has_Child(ren),Married
2721811,Male,57300,Two_or_More,45-64,Has_no_Child(ren),Not_Married
2721822,Female,52400,White,45-64,Has_Child(ren),Not_Married
2723210,Male,68400,Asian,25-44,Has_Child(ren),Not_Married
2723719,Female,74200,White,45-64,Has_no_Child(ren),Not_Married
2726547,Male,85200,White,45-64,Has_no_Child(ren),Not_Married
2726922,Male,25600,White,45-64,Has_Child(ren),Not_Married
2728997,Female,20000,White,64+,Has_Child(ren),Married
2731315,Female,46100,White,45-64,Has_no_Child(ren),Not_Married
2732176,Female,20000,White,45-64,Has_no_Child(ren),Married
2733043,Male,72900,White,64+,Has_no_Child(ren),Married
2735309,Male,51000,White,64+,Has_Child(ren),Married
2738575,Female,63200,White,25-44,Has_Child(ren),Married
2741667,Male,111600,White,25-44,Has_no_Child(ren),Married
2743237,Female,59800,White,64+,Has_no_Child(ren),Married
2746361,Female,40600,White,25-44,Has_no_Child(ren),Not_Married
2747245,Male,63400,White,25-44,Has_no_Child(ren),Married
2752045,Female,46300,White,25-44,Has_no_Child(ren),Married
2753239,Female,68300,White,45-64,Has_no_Child(ren),Not_Married
2757947,Male,28700,Black,25-44,Has_no_Child(ren),Married
2758468,Female,20000,White,25-44,Has_Child(ren),Married
2767754,Male,80700,Asian,45-64,Has_Child(ren),Married
2770386,Male,20000,White,45-64,Has_Child(ren),Married
2772139,Male,48700,White,45-64,Has_no_Child(ren),Married
2772468,Female,79900,White,45-64,Has_no_Child(ren),Married
2774218,Male,76700,White,45-64,Has_Child(ren),Married
2774782,Female,76200,White,25-44,Has_Child(ren),Married
2777068,Female,96300,White,25-44,Has_no_Child(ren),Not_Married
2778402,Male,63500,White,25-44,Has_no_Child(ren),Married
2778518,Male,77100,White,45-64,Has_no_Child(ren),Married
2779350,Female,54100,White,25-44,Has_Child(ren),Not_Married
2782931,Female,52100,White,25-44,Has_Child(ren),Married
2784760,Female,98300,White,25-44,Has_no_Child(ren),Married
2785750,Male,99600,White,45-64,Has_no_Child(ren),Married
2789651,Male,92800,White,64+,Has_Child(ren),Married
2790450,Female,23200,White,64+,Has_no_Child(ren),Married
2791203,Female,66600,White,25-44,Has_no_Child(ren),Married
2791621,Male,54200,White,45-64,Has_Child(ren),Married
2796050,Male,67600,Asian,45-64,Has_no_Child(ren),Married
2797322,Male,40500,Other,15-24,Has_Child(ren),Married
2797797,Male,42500,White,25-44,Has_no_Child(ren),Married
2798056,Female,68500,White,15-24,Has_Child(ren),Married
2800695,Female,69600,White,45-64,Has_Child(ren),Married
2801429,Male,62500,White,45-64,Has_Child(ren),Married
2801432,Female,83100,White,64+,Has_no_Child(ren),Not_Married
2802233,Male,20000,White,45-64,Has_no_Child(ren),Married
2805179,Female,51400,Two_or_More,15-24,Has_Child(ren),Married
2808377,Male,103100,Asian,64+,Has_no_Child(ren),Married
2814231,Female,65500,White,15-24,Has_no_Child(ren),Married
2823351,Female,69300,White,25-44,Has_Child(ren),Married
2823845,Female,20000,White,64+,Has_Child(ren),Married
2825544,Male,90700,White,64+,Has_Child(ren),Married
2829062,Female,60000,White,45-64,Has_Child(ren),Married
2832693,Female,81600,Asian,45-64,Has_Child(ren),Married
2834367,Male,56700,Asian,25-44,Has_no_Child(ren),Married
2834555,Male,20000,White,45-64,Has_no_Child(ren),Married
2837458,Male,62800,White,64+,Has_Child(ren),Married
2837685,Male,52900,White,45-64,Has_Child(ren),Married
2838487,Female,113300,White,25-44,Has_Child(ren),Married
2839188,Male,60100,White,64+,Has_no_Child(ren),Not_Married
2840610,Male,77400,White,25-44,Has_no_Child(ren),Not_Married
2843297,Female,75600,White,45-64,Has_no_Child(ren),Married
2843464,Male,87200,White,25-44,Has_no_Child(ren),Married
2846147,Female,20000,White,45-64,Has_Child(ren),Married
2848668,Female,92200,Asian,64+,Has_Child(ren),Married
2850286,Female,20000,White,45-64,Has_no_Child(ren),Married
2853764,Female,60300,Other,64+,Has_no_Child(ren),Married
2856689,Male,95700,White,64+,Has_Child(ren),Married
2857640,Female,83400,Black,64+,Has_no_Child(ren),Not_Married
2858127,Female,28500,Other,25-44,Has_Child(ren),Not_Married
2858214,Male,63800,White,45-64,Has_Child(ren),Married
2865183,Female,87900,White,45-64,Has_no_Child(ren),Married
2870598,Male,79400,White,25-44,Has_Child(ren),Not_Married
2871734,Female,82800,White,45-64,Has_Child(ren),Not_Married
2876903,Female,75500,White,25-44,Has_Child(ren),Not_Married
2877249,Male,71200,White,64+,Has_no_Child(ren),Married
2879002,Female,70700,White,25-44,Has_no_Child(ren),Married
2881730,Female,81800,White,25-44,Has_no_Child(ren),Married
2882854,Female,83100,White,45-64,Has_Child(ren),Not_Married
2883348,Male,97100,Asian,25-44,Has_Child(ren),Married
2883943,Male,70700,White,25-44,Has_no_Child(ren),Not_Married
2883981,Female,56500,White,25-44,Has_no_Child(ren),Married
2886052,Male,84600,White,25-44,Has_no_Child(ren),Not_Married
2887540,Male,66200,White,45-64,Has_Child(ren),Married
2891678,Female,76600,Other,64+,Has_no_Child(ren),Not_Married
2903444,Male,69800,White,25-44,Has_Child(ren),Married
2905298,Male,90900,White,45-64,Has_no_Child(ren),Married
2909417,Male,72200,White,25-44,Has_no_Child(ren),Married
2910089,Female,59700,White,64+,Has_no_Child(ren),Not_Married
2910586,Male,58200,Two_or_More,25-44,Has_Child(ren),Married
2914343,Male,86400,White,45-64,Has_Child(ren),Married
2914575,Male,50100,White,25-44,Has_Child(ren),Married
2914933,Female,72800,White,45-64,Has_no_Child(ren),Married
2917593,Male,79000,White,25-44,Has_no_Child(ren),Not_Married
2922465,Male,60500,White,25-44,Has_no_Child(ren),Married
2925028,Female,40900,White,45-64,Has_Child(ren),Not_Married
2929591,Male,95000,White,25-44,Has_no_Child(ren),Married
2930815,Male,73200,White,45-64,Has_Child(ren),Married
2931346,Male,25000,White,64+,Has_Child(ren),Married
2933437,Female,35800,White,64+,Has_Child(ren),Married
2933954,Male,103700,White,45-64,Has_Child(ren),Married
2935945,Female,43000,White,25-44,Has_no_Child(ren),Married
2936534,Male,78500,White,25-44,Has_Child(ren),Married
2937107,Female,95400,White,45-64,Has_Child(ren),Married
2940613,Female,52000,White,45-64,Has_no_Child(ren),Married
2943045,Male,58000,White,64+,Has_no_Child(ren),Not_Married
2943156,Male,71500,White,25-44,Has_Child(ren),Married
2944542,Female,22100,White,45-64,Has_Child(ren),Not_Married
2945089,Female,66000,White,45-64,Has_no_Child(ren),Not_Married
2951889,Male,45000,White,64+,Has_no_Child(ren),Married
2952816,Male,65600,White,45-64,Has_no_Child(ren),Not_Married
2956344,Female,72500,White,45-64,Has_no_Child(ren),Married
2960702,Male,96000,White,45-64,Has_Child(ren),Married
2961118,Female,64700,White,45-64,Has_Child(ren),Married
2961189,Male,82900,White,25-44,Has_no_Child(ren),Married
2962324,Male,52300,White,45-64,Has_no_Child(ren),Married
2962431,Female,71100,Black,25-44,Has_Child(ren),Married
2967768,Male,85100,Asian,64+,Has_no_Child(ren),Married
2971435,Male,57400,White,45-64,Has_no_Child(ren),Married
2971701,Female,56700,Other,45-64,Has_no_Child(ren),Not_Married
2974455,Male,50600,White,25-44,Has_no_Child(ren),Married
2979332,Female,49900,Other,25-44,Has_no_Child(ren),Married
2982201,Male,62500,White,25-44,Has_Child(ren),Married
2982262,Male,72900,Black,25-44,Has_no_Child(ren),Not_Married
2982761,Female,64300,Asian,25-44,Has_no_Child(ren),Married
2985708,Male,63300,White,45-64,Has_no_Child(ren),Not_Married
2987851,Male,69500,White,25-44,Has_no_Child(ren),Married
2987945,Female,20000,White,45-64,Has_no_Child(ren),Married
2990746,Female,71200,White,45-64,Has_no_Child(ren),Married
2991105,Female,99500,Black,25-44,Has_Child(ren),Married
2992096,Male,96100,White,25-44,Has_Child(ren),Married
2994614,Female,20000,White,25-44,Has_no_Child(ren),Married
2996334,Female,68700,White,25-44,Has_no_Child(ren),Married
2996936,Female,68800,White,25-44,Has_Child(ren),Married
2999442,Female,84900,White,64+,Has_no_Child(ren),Not_Married
2999611,Female,80000,White,45-64,Has_Child(ren),Married
3004252,Male,56000,White,45-64,Has_no_Child(ren),Married
3005450,Male,100600,White,25-44,Has_Child(ren),Not_Married
3006963,Male,88000,Black,25-44,Has_Child(ren),Married
3012532,Female,90100,White,15-24,Has_Child(ren),Married
3012678,Male,39100,White,64+,Has_Child(ren),Married
3012790,Male,65700,White,25-44,Has_no_Child(ren),Not_Married
3016643,Male,88300,White,45-64,Has_no_Child(ren),Married
3016776,Female,31000,Two_or_More,45-64,Has_no_Child(ren),Married
3021155,Female,23600,White,45-64,Has_Child(ren),Married
3021471,Female,31600,White,25-44,Has_no_Child(ren),Married
3022157,Male,94200,White,45-64,Has_no_Child(ren),Married
3024785,Female,85500,White,64+,Has_no_Child(ren),Married
3031062,Male,82100,Black,64+,Has_Child(ren),Married
3031764,Male,69700,White,25-44,Has_Child(ren),Married
3032076,Male,90700,Asian,45-64,Has_Child(ren),Married
3034964,Male,71600,White,45-64,Has_no_Child(ren),Married
3038525,Female,101600,White,45-64,Has_Child(ren),Married
3041516,Male,59900,White,45-64,Has_no_Child(ren),Not_Married
3041580,Female,92500,White,45-64,Has_no_Child(ren),Married
3042450,Female,85100,White,25-44,Has_no_Child(ren),Married
3042656,Male,95500,White,25-44,Has_Child(ren),Married
3052981,Male,49800,White,64+,Has_no_Child(ren),Married
3053610,Male,101800,White,45-64,Has_Child(ren),Married
3055779,Male,21000,White,45-64,Has_Child(ren),Not_Married
3057402,Female,99700,Asian,25-44,Has_Child(ren),Married
3057454,Female,68300,White,45-64,Has_Child(ren),Not_Married
3057988,Male,79000,White,45-64,Has_Child(ren),Married
3058798,Male,52600,Black,64+,Has_Child(ren),Not_Married
3062647,Female,99500,White,64+,Has_no_Child(ren),Married
3063117,Female,54700,Black,64+,Has_Child(ren),Married
3066281,Male,50400,Two_or_More,45-64,Has_Child(ren),Married
3067775,Female,59600,White,45-64,Has_no_Child(ren),Married
3068688,Male,96200,White,25-44,Has_no_Child(ren),Married
3069943,Male,112000,White,64+,Has_no_Child(ren),Married
3071237,Female,96100,White,64+,Has_no_Child(ren),Not_Married
3073838,Male,55400,White,25-44,Has_Child(ren),Married
3075770,Female,93500,White,45-64,Has_Child(ren),Married
3078432,Male,66600,White,45-64,Has_Child(ren),Married
3079493,Female,71500,White,45-64,Has_Child(ren),Married
3079763,Male,54300,Other,25-44,Has_no_Child(ren),Not_Married
3079970,Male,76600,White,64+,Has_no_Child(ren),Married
3080241,Male,54000,Black,64+,Has_no_Child(ren),Married
3082413,Female,102000,White,25-44,Has_no_Child(ren),Married
3086041,Male,57900,White,45-64,Has_Child(ren),Not_Married
3086550,Female,99000,White,25-44,Has_no_Child(ren),Married
3091735,Male,82300,White,25-44,Has_Child(ren),Married
3091854,Male,64400,White,64+,Has_no_Child(ren),Married
3091950,Female,101300,Asian,45-64,Has_no_Child(ren),Not_Married
3097207,Male,61400,Two_or_More,64+,Has_no_Child(ren),Married
3097882,Female,75000,White,25-44,Has_no_Child(ren),Married
3099346,Female,57800,Asian,25-44,Has_Child(ren),Not_Married
3100855,Female,78600,White,25-44,Has_Child(ren),Married
3102552,Male,87000,White,45-64,Has_Child(ren),Married
3106834,Male,98500,White,25-44,Has_no_Child(ren),Married
3107499,Male,20100,Asian,25-44,Has_Child(ren),Married
3110435,Female,45900,White,45-64,Has_no_Child(ren),Not_Married
3111026,Male,43600,White,45-64,Has_no_Child(ren),Not_Married
3111830,Male,45500,White,45-64,Has_no_Child(ren),Married
3112565,Female,23600,White,45-64,Has_no_Child(ren),Married
3115492,Male,26000,Other,45-64,Has_Child(ren),Not_Married
3118979,Female,42600,Black,64+,Has_no_Child(ren),Married
3119531,Male,97200,White,64+,Has_Child(ren),Married
3120519,Male,108800,White,45-64,Has_no_Child(ren),Married
3121724,Male,48600,White,64+,Has_no_Child(ren),Not_Married
3123507,Female,49400,Black,45-64,Has_Child(ren),Married
3124632,Female,73900,White,64+,Has_Child(ren),Married
3127584,Male,51900,White,45-64,Has_no_Child(ren),Married
3128366,Female,49800,White,64+,Has_Child(ren),Married
3131453,Female,65300,White,45-64,Has_no_Child(ren),Not_Married
3133864,Male,91200,White,25-44,Has_Child(ren),Married
3134456,Female,90400,White,25-44,Has_Child(ren),Married
3137178,Female,41100,White,25-44,Has_Child(ren),Married
3139205,Female,55700,White,64+,Has_no_Child(ren),Not_Married
3140295,Male,98600,Asian,25-44,Has_no_Child(ren),Married
3141073,Female,66900,White,25-44,Has_no_Child(ren),Married
3142479,Female,85900,Other,25-44,Has_Child(ren),Married
3143429,Female,102900,White,25-44,Has_no_Child(ren),Married
3145650,Female,101800,White,15-24,Has_no_Child(ren),Married
3148259,Male,44000,White,45-64,Has_Child(ren),Married
3149093,Male,71900,White,25-44,Has_no_Child(ren),Married
3151007,Female,84600,White,45-64,Has_no_Child(ren),Married
3151070,Female,114500,White,45-64,Has_Child(ren),Married
3152135,Male,82900,White,45-64,Has_Child(ren),Not_Married
3153364,Male,105400,White,15-24,Has_no_Child(ren),Married
3153380,Male,79700,White,64+,Has_Child(ren),Married
3154593,Female,60700,White,45-64,Has_no_Child(ren),Married
3155541,Male,61700,Asian,45-64,Has_no_Child(ren),Not_Married
3156770,Male,79000,White,64+,Has_no_Child(ren),Not_Married
3157209,Male,55800,White,25-44,Has_Child(ren),Married
3157561,Male,55500,White,64+,Has_Child(ren),Married
3162293,Male,44600,Other,45-64,Has_no_Child(ren),Married
3163587,Female,100600,White,25-44,Has_no_Child(ren),Married
3163909,Female,73000,White,45-64,Has_no_Child(ren),Married
3166068,Female,32700,Black,25-44,Has_no_Child(ren),Married
3168425,Female,98000,Asian,64+,Has_Child(ren),Married
3168823,Female,36000,White,25-44,Has_Child(ren),Not_Married
3169231,Male,51900,White,25-44,Has_no_Child(ren),Married
3170645,Female,29900,White,25-44,Has_no_Child(ren),Not_Married
3170715,Female,62800,White,45-64,Has_Child(ren),Not_Married
3175139,Male,38800,White,25-44,Has_Child(ren),Married
3176355,Female,92100,Asian,25-44,Has_Child(ren),Married
3176384,Female,29300,Black,45-64,Has_no_Child(ren),Married
3176443,Male,95800,White,45-64,Has_Child(ren),Married
3176771,Female,44400,White,45-64,Has_no_Child(ren),Married
3181873,Male,76700,Asian,45-64,Has_no_Child(ren),Married
3183833,Male,65900,White,25-44,Has_no_Child(ren),Married
3186159,Female,39800,White,25-44,Has_no_Child(ren),Married
3186913,Female,46900,White,45-64,Has_no_Child(ren),Not_Married
3188476,Male,85600,White,45-64,Has_no_Child(ren),Married
3191799,Male,80600,White,25-44,Has_no_Child(ren),Not_Married
3193240,Male,60100,White,25-44,Has_no_Child(ren),Not_Married
3194176,Female,79500,Asian,25-44,Has_no_Child(ren),Not_Married
3196145,Male,52000,Other,25-44,Has_no_Child(ren),Not_Married
3196901,Female,53400,White,45-64,Has_Child(ren),Not_Married
3200371,Male,93800,White,25-44,Has_Child(ren),Married
3201009,Male,87300,White,25-44,Has_no_Child(ren),Married
3207481,Female,82600,White,45-64,Has_no_Child(ren),Married
3207930,Female,52500,White,25-44,Has_no_Child(ren),Married
3208738,Male,76200,White,25-44,Has_no_Child(ren),Not_Married
3208825,Female,58700,White,25-44,Has_no_Child(ren),Married
3208964,Female,96900,White,45-64,Has_no_Child(ren),Married
3209384,Male,63400,White,64+,Has_Child(ren),Married
3209387,Male,102900,Asian,45-64,Has_no_Child(ren),Married
3210015,Male,67400,Black,25-44,Has_Child(ren),Married
3211472,Female,92800,White,15-24,Has_no_Child(ren),Married
3213014,Male,85000,Asian,64+,Has_Child(ren),Married
3215905,Male,95900,White,25-44,Has_no_Child(ren),Married
3216525,Female,20000,White,45-64,Has_Child(ren),Not_Married
3221470,Male,78500,White,25-44,Has_no_Child(ren),Married
3222097,Male,96300,White,25-44,Has_Child(ren),Married
3222357,Male,66500,White,25-44,Has_Child(ren),Married
3225531,Male,87400,White,45-64,Has_Child(ren),Married
3227039,Female,55800,White,25-44,Has_Child(ren),Not_Married
3230917,Female,82400,White,45-64,Has_Child(ren),Not_Married
3238282,Female,43100,White,45-64,Has_Child(ren),Not_Married
3239012,Female,60300,Other,45-64,Has_no_Child(ren),Married
3239456,Male,87300,White,64+,Has_no_Child(ren),Married
3242261,Male,57100,White,25-44,Has_no_Child(ren),Married
3242746,Female,85700,White,45-64,Has_no_Child(ren),Married
3244839,Male,43900,Two_or_More,64+,Has_Child(ren),Married
3249107,Female,62700,White,45-64,Has_Child(ren),Married
3251181,Male,64400,Black,64+,Has_Child(ren),Married
3253916,Male,49100,Asian,25-44,Has_no_Child(ren),Married
3255778,Female,42800,White,45-64,Has_Child(ren),Married
3257077,Female,94300,Other,64+,Has_Child(ren),Married
3257741,Male,56600,Other,25-44,Has_Child(ren),Married
3258791,Female,94500,White,45-64,Has_Child(ren),Married
3258903,Male,41200,White,25-44,Has_Child(ren),Married
3260218,Male,76500,White,25-44,Has_no_Child(ren),Married
3261248,Female,43400,Asian,64+,Has_Child(ren),Married
3261552,Female,53000,Black,45-64,Has_Child(ren),Married
3264921,Female,61700,White,25-44,Has_Child(ren),Married
3265642,Female,53400,Black,25-44,Has_no_Child(ren),Married
3266429,Female,42700,White,25-44,Has_no_Child(ren),Married
3266548,Male,63300,Black,25-44,Has_Child(ren),Married
3266829,Male,91800,White,25-44,Has_no_Child(ren),Married
3274135,Male,60200,White,25-44,Has_Child(ren),Married
3275362,Female,42800,Two_or_More,45-64,Has_Child(ren),Not_Married
3276609,Female,55000,White,15-24,Has_no_Child(ren),Not_Married
3278097,Male,76700,White,45-64,Has_no_Child(ren),Married
3278942,Male,31100,White,45-64,Has_Child(ren),Married
3280598,Male,88900,White,15-24,Has_Child(ren),Not_Married
3285455,Female,84800,White,25-44,Has_no_Child(ren),Married
3291231,Male,73500,White,45-64,Has_no_Child(ren),Married
3291591,Male,70500,White,45-64,Has_Child(ren),Married
3291808,Female,62500,White,15-24,Has_no_Child(ren),Married
3298181,Female,98000,Asian,25-44,Has_Child(ren),Married
3300574,Female,76800,Black,45-64,Has_no_Child(ren),Married
3301439,Female,69900,White,45-64,Has_no_Child(ren),Married
3302968,Female,92800,White,25-44,Has_no_Child(ren),Not_Married
3303146,Female,79300,Black,25-44,Has_Child(ren),Not_Married
3306386,Male,80900,White,15-24,Has_no_Child(ren),Married
3306577,Female,77700,White,64+,Has_Child(ren),Married
3308605,Female,62700,White,25-44,Has_no_Child(ren),Married
3308822,Male,98300,White,25-44,Has_Child(ren),Married
3309551,Male,57200,White,45-64,Has_no_Child(ren),Not_Married
3311000,Male,62700,White,45-64,Has_no_Child(ren),Married
3311168,Male,32900,White,64+,Has_Child(ren),Not_Married
3311384,Male,58700,White,45-64,Has_no_Child(ren),Married
3314121,Female,59400,Black,25-44,Has_no_Child(ren),Married
3314374,Male,49100,Black,45-64,Has_Child(ren),Not_Married
3314672,Female,62200,White,45-64,Has_no_Child(ren),Married
3315749,Female,45700,White,45-64,Has_no_Child(ren),Married
3318601,Male,20000,White,45-64,Has_Child(ren),Married
3319179,Female,65300,White,64+,Has_no_Child(ren),Not_Married
3319476,Female,83200,Asian,64+,Has_no_Child(ren),Married
3319509,Female,20800,White,45-64,Has_no_Child(ren),Married
3321676,Male,83600,White,25-44,Has_Child(ren),Not_Married
3325179,Female,90700,White,25-44,Has_no_Child(ren),Married
3326112,Female,64700,White,25-44,Has_Child(ren),Married
3326305,Male,67900,White,45-64,Has_no_Child(ren),Married
3328385,Male,79400,White,45-64,Has_no_Child(ren),Married
3331877,Male,67300,White,25-44,Has_Child(ren),Not_Married
3332429,Male,66200,White,64+,Has_Child(ren),Married
3337421,Female,82600,White,25-44,Has_no_Child(ren),Married
3338602,Female,26700,Black,15-24,Has_Child(ren),Not_Married
3341089,Female,69200,White,45-64,Has_no_Child(ren),Not_Married
3341409,Female,52700,White,25-44,Has_no_Child(ren),Not_Married
3344933,Female,74900,White,45-64,Has_no_Child(ren),Married
3346433,Female,51400,White,64+,Has_no_Child(ren),Not_Married
3347411,Male,63300,White,45-64,Has_no_Child(ren),Married
3349222,Female,63700,White,25-44,Has_no_Child(ren),Married
3349451,Male,48200,White,64+,Has_no_Child(ren),Married
3349997,Female,45400,White,25-44,Has_no_Child(ren),Married
3351425,Male,79200,White,25-44,Has_no_Child(ren),Married
3351762,Male,20000,White,64+,Has_no_Child(ren),Married
3354934,Female,57500,White,45-64,Has_Child(ren),Married
3357467,Male,95400,White,64+,Has_no_Child(ren),Married
3358839,Female,70200,White,25-44,Has_no_Child(ren),Married
3359270,Female,52900,Black,25-44,Has_no_Child(ren),Married
3359526,Female,41400,Black,25-44,Has_no_Child(ren),Not_Married
3363885,Male,20000,White,25-44,Has_no_Child(ren),Not_Married
3364479,Female,91100,White,25-44,Has_no_Child(ren),Married
3365753,Female,99800,White,45-64,Has_no_Child(ren),Married
3367310,Female,53000,Black,64+,Has_Child(ren),Not_Married
3369220,Female,93700,White,64+,Has_no_Child(ren),Married
3372187,Female,83900,White,15-24,Has_Child(ren),Not_Married
3373415,Male,93500,White,25-44,Has_no_Child(ren),Married
3373646,Female,61000,White,25-44,Has_Child(ren),Not_Married
3373702,Female,72100,White,45-64,Has_Child(ren),Not_Married
3376328,Male,89000,White,45-64,Has_no_Child(ren),Married
3379725,Female,112800,White,25-44,Has_no_Child(ren),Married
3381547,Male,91000,White,45-64,Has_Child(ren),Married
3385258,Female,49100,White,45-64,Has_Child(ren),Married
3385501,Male,94200,White,45-64,Has_Child(ren),Married
3386838,Male,68600,Asian,64+,Has_no_Child(ren),Married
3386999,Female,93000,White,64+,Has_no_Child(ren),Married
3387686,Female,78700,Black,25-44,Has_no_Child(ren),Married
3388074,Female,32100,Asian,25-44,Has_Child(ren),Married
3388742,Female,56000,Other,45-64,Has_no_Child(ren),Married
3390004,Male,77000,Other,25-44,Has_no_Child(ren),Not_Married
3394393,Male,71500,Other,45-64,Has_no_Child(ren),Not_Married
3395004,Female,54600,Other,64+,Has_no_Child(ren),Married
3395342,Female,67800,White,64+,Has_no_Child(ren),Married
3400675,Male,60300,Black,45-64,Has_no_Child(ren),Married
3402470,Female,55000,White,25-44,Has_no_Child(ren),Not_Married
3403677,Male,77200,White,25-44,Has_no_Child(ren),Married
3404639,Female,49000,Two_or_More,64+,Has_Child(ren),Not_Married
3405541,Female,78600,White,25-44,Has_no_Child(ren),Married
3406041,Male,58400,White,15-24,Has_no_Child(ren),Not_Married
3408244,Male,66400,White,45-64,Has_Child(ren),Not_Married
3410495,Female,96400,White,25-44,Has_Child(ren),Not_Married
3412776,Male,23100,White,25-44,Has_no_Child(ren),Married
3416114,Female,70300,White,45-64,Has_Child(ren),Married
3417421,Female,54300,White,25-44,Has_no_Child(ren),Married
3417802,Female,95600,White,64+,Has_no_Child(ren),Not_Married
3420729,Male,47800,White,45-64,Has_no_Child(ren),Not_Married
3420974,Male,103000,White,64+,Has_Child(ren),Married
3422530,Male,59400,White,64+,Has_no_Child(ren),Married
3423422,Female,30500,White,25-44,Has_no_Child(ren),Married
3423875,Female,95500,White,25-44,Has_Child(ren),Married
3424220,Female,90400,White,45-64,Has_Child(ren),Married
3425384,Male,20000,Black,25-44,Has_Child(ren),Not_Married
3425934,Male,85800,Black,15-24,Has_Child(ren),Married
3431018,Female,44800,White,25-44,Has_no_Child(ren),Married
3431364,Male,85600,White,64+,Has_Child(ren),Married
3431521,Male,20000,White,64+,Has_no_Child(ren),Married
3434285,Male,92300,White,45-64,Has_no_Child(ren),Married
3435750,Female,60600,White,64+,Has_no_Child(ren),Married
3438265,Female,72100,White,25-44,Has_no_Child(ren),Married
3439036,Female,96400,White,25-44,Has_no_Child(ren),Married
3439149,Male,80000,White,64+,Has_Child(ren),Not_Married
3439726,Female,20000,White,45-64,Has_Child(ren),Married
3441143,Male,92000,White,25-44,Has_no_Child(ren),Married
3441769,Female,84000,White,45-64,Has_no_Child(ren),Married
3443884,Female,64400,White,25-44,Has_no_Child(ren),Married
3447003,Female,61800,White,25-44,Has_Child(ren),Married
3448211,Male,54300,White,64+,Has_no_Child(ren),Married
3449472,Male,46700,White,25-44,Has_Child(ren),Married
3450300,Male,47000,Black,45-64,Has_no_Child(ren),Married
3451554,Female,60000,Asian,25-44,Has_Child(ren),Not_Married
3453373,Female,21400,White,64+,Has_no_Child(ren),Married
3453932,Male,55700,White,45-64,Has_Child(ren),Married
3454553,Male,31200,White,25-44,Has_Child(ren),Married
3455235,Male,96100,White,25-44,Has_no_Child(ren),Married
3457262,Male,65300,White,45-64,Has_no_Child(ren),Married
3457443,Male,92400,White,64+,Has_Child(ren),Married
3466183,Male,44300,White,64+,Has_no_Child(ren),Married
3466934,Female,65600,Black,45-64,Has_no_Child(ren),Married
3468467,Male,53000,Asian,45-64,Has_Child(ren),Married
3469095,Female,97700,White,45-64,Has_no_Child(ren),Married
3471320,Male,89400,White,25-44,Has_Child(ren),Married
3472165,Male,59600,White,64+,Has_Child(ren),Married
3477731,Male,64100,White,45-64,Has_no_Child(ren),Married
3478549,Male,87600,White,45-64,Has_Child(ren),Married
3479505,Male,20000,White,25-44,Has_Child(ren),Married
3479803,Male,90900,White,25-44,Has_no_Child(ren),Married
3481060,Female,78000,Asian,45-64,Has_no_Child(ren),Married
3483942,Female,89600,White,64+,Has_no_Child(ren),Married
3484551,Male,84600,White,64+,Has_no_Child(ren),Not_Married
3485712,Female,56600,Two_or_More,25-44,Has_Child(ren),Not_Married
3489743,Female,68600,Other,64+,Has_Child(ren),Not_Married
3492311,Female,64500,Asian,45-64,Has_Child(ren),Not_Married
3492983,Female,66900,White,64+,Has_no_Child(ren),Married
3494053,Female,104000,White,64+,Has_no_Child(ren),Married
3494787,Male,58100,White,45-64,Has_no_Child(ren),Married
3498432,Female,62800,White,45-64,Has_no_Child(ren),Married
3498572,Male,68000,White,45-64,Has_no_Child(ren),Married
3500325,Male,22900,White,25-44,Has_Child(ren),Married
3504899,Female,78200,White,25-44,Has_no_Child(ren),Married
3504983,Female,103800,White,25-44,Has_no_Child(ren),Married
3509856,Male,80400,White,45-64,Has_no_Child(ren),Married
3509860,Female,65700,White,64+,Has_Child(ren),Not_Married
3514907,Female,58400,White,25-44,Has_Child(ren),Not_Married
3516359,Female,39600,White,25-44,Has_no_Child(ren),Not_Married
3516524,Male,46400,White,25-44,Has_Child(ren),Married
3518984,Male,67500,White,45-64,Has_no_Child(ren),Not_Married
3519251,Female,72600,White,25-44,Has_no_Child(ren),Married
3520364,Female,35200,White,15-24,Has_no_Child(ren),Married
3524399,Female,31100,White,64+,Has_Child(ren),Married
3524770,Female,52300,White,25-44,Has_no_Child(ren),Married
3524820,Female,68200,Black,45-64,Has_Child(ren),Married
3527514,Male,85100,White,64+,Has_no_Child(ren),Married
3531154,Female,70900,White,45-64,Has_no_Child(ren),Not_Married
3531670,Male,72800,Asian,25-44,Has_Child(ren),Married
3532006,Male,100600,White,25-44,Has_no_Child(ren),Not_Married
3532198,Male,83500,Other,25-44,Has_no_Child(ren),Married
3532903,Male,56600,White,25-44,Has_no_Child(ren),Not_Married
3533901,Male,61000,Asian,25-44,Has_Child(ren),Married
3534997,Male,73600,White,45-64,Has_no_Child(ren),Married
3538066,Male,95200,White,45-64,Has_no_Child(ren),Not_Married
3541800,Male,28100,Asian,25-44,Has_Child(ren),Married
3542408,Female,89700,White,64+,Has_Child(ren),Married
3543957,Female,98500,White,64+,Has_no_Child(ren),Married
3544498,Female,73100,White,25-44,Has_no_Child(ren),Married
3544608,Male,86600,White,25-44,Has_no_Child(ren),Married
3547791,Male,71500,White,45-64,Has_Child(ren),Not_Married
3547844,Male,57800,Black,25-44,Has_no_Child(ren),Married
3549197,Male,65400,White,45-64,Has_no_Child(ren),Not_Married
3551213,Male,48200,Black,45-64,Has_Child(ren),Not_Married
3557079,Female,71000,Asian,45-64,Has_Child(ren),Married
3557777,Female,70100,White,64+,Has_no_Child(ren),Married
3558455,Male,89000,White,45-64,Has_Child(ren),Married
3562597,Male,69400,White,64+,Has_no_Child(ren),Not_Married
3563926,Male,68800,White,64+,Has_no_Child(ren),Married
3564499,Female,85200,White,45-64,Has_no_Child(ren),Married
3566744,Female,74700,Asian,64+,Has_no_Child(ren),Married
3570530,Female,32500,Asian,64+,Has_Child(ren),Married
3570636,Male,32700,White,45-64,Has_no_Child(ren),Married
3571583,Male,25000,White,25-44,Has_no_Child(ren),Married
3573928,Male,70500,White,15-24,Has_Child(ren),Married
3574092,Female,45300,Black,64+,Has_no_Child(ren),Married
3578507,Male,79500,White,25-44,Has_Child(ren),Not_Married
3581894,Female,59100,White,45-64,Has_no_Child(ren),Married
3582609,Male,20600,White,25-44,Has_no_Child(ren),Married
3584280,Female,63300,White,45-64,Has_no_Child(ren),Not_Married
3584334,Female,85900,White,25-44,Has_no_Child(ren),Not_Married
3588298,Male,20000,White,64+,Has_Child(ren),Married
3589936,Male,58500,White,25-44,Has_Child(ren),Not_Married
3590147,Male,89000,White,45-64,Has_Child(ren),Not_Married
3594203,Female,103800,White,64+,Has_Child(ren),Married
3596380,Female,50600,White,45-64,Has_Child(ren),Not_Married
3601549,Female,20000,White,45-64,Has_no_Child(ren),Married
3602691,Female,93100,White,45-64,Has_Child(ren),Married
3609162,Male,111900,White,45-64,Has_Child(ren),Married
3610804,Male,28600,White,45-64,Has_no_Child(ren),Married
3616032,Male,80900,White,45-64,Has_no_Child(ren),Not_Married
3616232,Female,91400,White,45-64,Has_no_Child(ren),Married
3616454,Female,87600,White,25-44,Has_no_Child(ren),Married
3616489,Female,82300,White,45-64,Has_no_Child(ren),Not_Married
3616932,Male,92800,White,64+,Has_Child(ren),Married
3619997,Female,87500,White,45-64,Has_no_Child(ren),Married
3621904,Male,41900,White,64+,Has_no_Child(ren),Married
3621921,Female,96900,White,25-44,Has_no_Child(ren),Married
3622526,Male,94800,White,64+,Has_no_Child(ren),Married
3623466,Male,106000,White,64+,Has_Child(ren),Married
3623681,Male,97100,White,45-64,Has_Child(ren),Married
3631885,Female,89900,White,45-64,Has_no_Child(ren),Not_Married
3632230,Male,71700,Black,25-44,Has_Child(ren),Not_Married
3632442,Female,49300,White,45-64,Has_Child(ren),Married
3632617,Female,69600,White,25-44,Has_no_Child(ren),Married
3632712,Female,62700,White,25-44,Has_no_Child(ren),Not_Married
3634221,Female,92000,White,25-44,Has_no_Child(ren),Not_Married
3635202,Female,22800,White,25-44,Has_no_Child(ren),Married
3638097,Female,78500,White,25-44,Has_no_Child(ren),Married
3638711,Male,79000,White,64+,Has_no_Child(ren),Married
3642165,Male,105100,White,45-64,Has_no_Child(ren),Not_Married
3642729,Female,55500,White,45-64,Has_no_Child(ren),Not_Married
3647053,Male,20000,White,45-64,Has_Child(ren),Married
3647072,Male,73600,White,25-44,Has_no_Child(ren),Married
3647318,Female,31000,White,25-44,Has_Child(ren),Married
3650185,Female,66900,White,45-64,Has_no_Child(ren),Not_Married
3651805,Male,93300,White,25-44,Has_no_Child(ren),Married
3652043,Female,47100,Black,25-44,Has_Child(ren),Not_Married
3656317,Male,99500,White,64+,Has_no_Child(ren),Not_Married
3658130,Male,76700,Black,45-64,Has_no_Child(ren),Not_Married
3659885,Female,77800,White,25-44,Has_no_Child(ren),Married
3660597,Female,61000,White,45-64,Has_Child(ren),Married
3663811,Male,21300,White,25-44,Has_no_Child(ren),Married
3664110,Male,89700,White,25-44,Has_no_Child(ren),Married
3664482,Female,46000,White,45-64,Has_Child(ren),Married
3664863,Female,67900,White,64+,Has_Child(ren),Married
3665615,Female,75200,White,25-44,Has_Child(ren),Not_Married
3668393,Male,111300,White,25-44,Has_Child(ren),Married
3668699,Female,20000,White,45-64,Has_no_Child(ren),Married
3669565,Female,95900,White,64+,Has_Child(ren),Married
3671215,Female,90600,White,45-64,Has_no_Child(ren),Married
3674278,Female,34600,White,25-44,Has_Child(ren),Married
3674968,Female,91800,White,25-44,Has_no_Child(ren),Not_Married
3677247,Female,84200,Two_or_More,64+,Has_no_Child(ren),Married
3679148,Female,99900,White,45-64,Has_Child(ren),Married
3679302,Female,78400,Black,45-64,Has_Child(ren),Married
3683554,Male,59600,White,25-44,Has_Child(ren),Married
3685484,Male,38000,White,45-64,Has_no_Child(ren),Married
3685759,Female,82700,Two_or_More,25-44,Has_no_Child(ren),Married
3686002,Female,74400,White,45-64,Has_Child(ren),Married
3694755,Male,31700,White,45-64,Has_Child(ren),Not_Married
3698100,Female,66000,Asian,25-44,Has_Child(ren),Married
3703447,Female,105000,Asian,64+,Has_Child(ren),Married
3707828,Male,66100,Black,45-64,Has_no_Child(ren),Married
3710206,Female,106400,White,45-64,Has_Child(ren),Not_Married
3711314,Male,67800,White,25-44,Has_Child(ren),Married
3712065,Male,20000,White,64+,Has_no_Child(ren),Married
3718243,Female,84900,White,45-64,Has_Child(ren),Not_Married
3720110,Female,61100,White,25-44,Has_Child(ren),Married
3721141,Male,54400,White,25-44,Has_no_Child(ren),Married
3721756,Male,53800,White,25-44,Has_no_Child(ren),Not_Married
3722094,Male,46900,White,64+,Has_Child(ren),Not_Married
3725158,Female,70200,White,45-64,Has_no_Child(ren),Married
3726566,Female,20000,White,64+,Has_no_Child(ren),Married
3726875,Male,60600,White,45-64,Has_Child(ren),Married
3728627,Female,64700,White,45-64,Has_no_Child(ren),Married
3732525,Female,102500,White,25-44,Has_Child(ren),Married
3733601,Female,61800,Asian,25-44,Has_Child(ren),Married
3734137,Male,20000,Other,25-44,Has_no_Child(ren),Married
3734181,Male,126600,White,25-44,Has_Child(ren),Married
3737297,Male,68600,White,64+,Has_Child(ren),Married
3738359,Male,91000,White,45-64,Has_no_Child(ren),Married
3741057,Male,82900,White,25-44,Has_no_Child(ren),Married
3741774,Female,90100,White,25-44,Has_Child(ren),Not_Married
3746090,Female,56400,White,25-44,Has_Child(ren),Married
3748899,Female,96000,White,64+,Has_no_Child(ren),Married
3749618,Female,91400,White,45-64,Has_no_Child(ren),Married
3749989,Female,45000,White,25-44,Has_no_Child(ren),Married
3751564,Male,85700,White,25-44,Has_no_Child(ren),Married
3752851,Male,79000,White,64+,Has_Child(ren),Married
3753879,Female,86700,White,45-64,Has_Child(ren),Married
3754355,Male,47900,White,64+,Has_no_Child(ren),Married
3756494,Male,72100,White,25-44,Has_Child(ren),Married
3757651,Female,83400,White,25-44,Has_no_Child(ren),Married
3757706,Female,97600,Asian,25-44,Has_no_Child(ren),Not_Married
3758791,Female,113900,White,45-64,Has_Child(ren),Not_Married
3761473,Male,48400,Black,45-64,Has_no_Child(ren),Not_Married
3764169,Female,92300,White,25-44,Has_no_Child(ren),Married
3766629,Male,69600,White,25-44,Has_no_Child(ren),Married
3766745,Female,77600,White,25-44,Has_no_Child(ren),Married
3767759,Female,66200,White,64+,Has_no_Child(ren),Married
3769532,Male,89900,White,45-64,Has_Child(ren),Married
3769909,Female,53800,White,64+,Has_no_Child(ren),Married
3772244,Male,104100,White,45-64,Has_no_Child(ren),Not_Married
3772323,Female,58400,Black,45-64,Has_no_Child(ren),Not_Married
3773828,Female,72500,White,45-64,Has_no_Child(ren),Married
3774824,Male,85600,Asian,15-24,Has_no_Child(ren),Married
3779666,Female,68100,White,45-64,Has_Child(ren),Not_Married
3784555,Male,58500,White,25-44,Has_Child(ren),Not_Married
3785417,Female,94300,White,64+,Has_no_Child(ren),Married
3785753,Female,58000,White,45-64,Has_Child(ren),Not_Married
3788288,Male,67000,White,45-64,Has_Child(ren),Married
3791104,Female,56300,Two_or_More,25-44,Has_Child(ren),Married
3791212,Female,76900,White,25-44,Has_no_Child(ren),Married
3798593,Male,48700,White,25-44,Has_Child(ren),Married
3799877,Male,85100,White,64+,Has_no_Child(ren),Married
3802744,Male,101700,White,25-44,Has_Child(ren),Married
3803659,Female,58300,White,64+,Has_no_Child(ren),Not_Married
3805154,Male,48300,Asian,25-44,Has_no_Child(ren),Married
3805576,Male,110700,White,45-64,Has_no_Child(ren),Married
3809077,Female,81100,Asian,64+,Has_Child(ren),Married
3809721,Female,53200,White,45-64,Has_Child(ren),Married
3810410,Male,100900,White,45-64,Has_Child(ren),Married
3811720,Male,20000,White,64+,Has_Child(ren),Married
3815837,Female,83400,White,45-64,Has_no_Child(ren),Not_Married
3819405,Male,53200,Asian,45-64,Has_no_Child(ren),Married
3832444,Female,82300,Asian,45-64,Has_no_Child(ren),Not_Married
3832851,Female,20000,White,45-64,Has_Child(ren),Married
3836231,Male,75400,Asian,25-44,Has_no_Child(ren),Married
3838853,Male,23300,White,45-64,Has_Child(ren),Married
3840616,Male,28300,White,45-64,Has_no_Child(ren),Married
3841223,Female,57900,White,25-44,Has_no_Child(ren),Married
3847300,Male,55300,White,64+,Has_no_Child(ren),Married
3847479,Male,106900,White,45-64,Has_Child(ren),Married
3847910,Female,20800,White,45-64,Has_Child(ren),Married
3848208,Male,62000,White,64+,Has_Child(ren),Not_Married
3848705,Male,62800,White,45-64,Has_Child(ren),Married
3849448,Male,81600,White,64+,Has_Child(ren),Married
3851853,Male,44700,White,45-64,Has_no_Child(ren),Not_Married
3852820,Female,42700,White,15-24,Has_no_Child(ren),Married
3857194,Female,92900,Black,45-64,Has_no_Child(ren),Married
3857353,Female,62500,Asian,64+,Has_no_Child(ren),Married
3859939,Female,46900,White,25-44,Has_Child(ren),Married
3860012,Female,61000,Black,45-64,Has_no_Child(ren),Married
3863135,Male,106000,White,25-44,Has_Child(ren),Married
3863882,Male,73300,Black,25-44,Has_Child(ren),Married
3863985,Male,66200,White,25-44,Has_no_Child(ren),Married
3866047,Female,84000,White,64+,Has_Child(ren),Married
3868076,Male,65500,White,25-44,Has_no_Child(ren),Married
3868180,Female,64200,White,25-44,Has_no_Child(ren),Not_Married
3869947,Female,77600,White,45-64,Has_Child(ren),Married
3873958,Female,30700,Black,25-44,Has_no_Child(ren),Married
3874991,Male,69400,White,25-44,Has_Child(ren),Married
3876788,Male,59900,Black,64+,Has_Child(ren),Not_Married
3877388,Female,20000,White,45-64,Has_Child(ren),Married
3878224,Male,84000,White,45-64,Has_Child(ren),Married
3879927,Female,71200,White,45-64,Has_Child(ren),Married
3880587,Female,96100,White,25-44,Has_no_Child(ren),Married
3882679,Male,81000,White,64+,Has_no_Child(ren),Not_Married
3883037,Male,54900,Asian,25-44,Has_Child(ren),Married
3885354,Male,50100,White,45-64,Has_Child(ren),Married
3887839,Female,63000,White,25-44,Has_Child(ren),Married
3888154,Male,65700,Black,25-44,Has_no_Child(ren),Married
3889415,Male,45200,White,45-64,Has_no_Child(ren),Not_Married
3889463,Male,73900,White,45-64,Has_no_Child(ren),Not_Married
3890388,Female,81800,White,25-44,Has_Child(ren),Married
3892112,Female,89400,White,25-44,Has_no_Child(ren),Married
3892718,Male,59200,White,25-44,Has_no_Child(ren),Not_Married
3892986,Male,73500,White,25-44,Has_Child(ren),Married
3899121,Female,95200,White,45-64,Has_Child(ren),Not_Married
3902193,Male,91200,White,25-44,Has_no_Child(ren),Married
3902393,Female,90100,White,25-44,Has_Child(ren),Married
3905760,Male,64100,White,25-44,Has_Child(ren),Married
3912753,Male,98800,White,45-64,Has_Child(ren),Married
3913573,Female,108600,White,64+,Has_no_Child(ren),Married
3914757,Female,63200,White,45-64,Has_no_Child(ren),Married
3914912,Female,86100,White,45-64,Has_no_Child(ren),Married
3914978,Female,67700,Other,25-44,Has_Child(ren),Married
3915043,Female,30400,White,25-44,Has_no_Child(ren),Married
3915179,Female,58300,White,25-44,Has_no_Child(ren),Married
3918853,Male,67500,White,45-64,Has_no_Child(ren),Married
3921567,Female,43500,White,25-44,Has_no_Child(ren),Married
3923276,Male,58500,White,45-64,Has_no_Child(ren),Not_Married
3923675,Female,77800,White,25-44,Has_no_Child(ren),Married
3924478,Male,33300,White,45-64,Has_no_Child(ren),Married
3924698,Female,60100,White,45-64,Has_no_Child(ren),Married
3927515,Female,68200,White,45-64,Has_Child(ren),Not_Married
3930838,Male,65300,White,45-64,Has_no_Child(ren),Married
3931168,Male,66800,White,64+,Has_no_Child(ren),Married
3931683,Male,83200,Asian,45-64,Has_Child(ren),Married
3932316,Female,86600,Asian,25-44,Has_no_Child(ren),Married
3933159,Male,73200,White,45-64,Has_no_Child(ren),Not_Married
3934933,Female,20000,White,64+,Has_no_Child(ren),Married
3938245,Female,59900,Asian,45-64,Has_no_Child(ren),Married
3941730,Male,61500,White,25-44,Has_no_Child(ren),Not_Married
3945655,Male,66600,White,45-64,Has_no_Child(ren),Married
3947294,Male,36700,Asian,15-24,Has_no_Child(ren),Married
3948960,Male,49100,White,45-64,Has_no_Child(ren),Not_Married
3949925,Female,92300,White,25-44,Has_no_Child(ren),Married
3952244,Female,51900,White,25-44,Has_no_Child(ren),Married
3956558,Male,46900,Black,64+,Has_Child(ren),Married
3957000,Male,20000,White,64+,Has_Child(ren),Married
3957800,Female,45600,White,15-24,Has_Child(ren),Married
3960699,Male,77900,White,64+,Has_Child(ren),Not_Married
3960740,Female,57800,White,45-64,Has_Child(ren),Not_Married
3964138,Male,38700,White,45-64,Has_no_Child(ren),Not_Married
3966323,Male,88400,White,64+,Has_no_Child(ren),Married
3973115,Female,65900,Asian,45-64,Has_no_Child(ren),Married
3974526,Female,20000,White,25-44,Has_no_Child(ren),Not_Married
3976278,Male,23200,White,64+,Has_Child(ren),Married
3977605,Male,78400,White,45-64,Has_Child(ren),Married
3977704,Male,96700,White,25-44,Has_no_Child(ren),Married
3978768,Female,58200,Black,25-44,Has_no_Child(ren),Married
3979562,Male,67500,White,45-64,Has_Child(ren),Married
3979630,Female,42400,Other,45-64,Has_Child(ren),Not_Married
3979988,Female,59500,White,45-64,Has_Child(ren),Married
3981732,Male,44500,Black,64+,Has_no_Child(ren),Married
3987157,Female,80700,White,45-64,Has_Child(ren),Married
3987754,Female,61800,Asian,25-44,Has_Child(ren),Not_Married
3990768,Male,71200,Asian,25-44,Has_Child(ren),Married
3991800,Male,60700,Other,45-64,Has_Child(ren),Married
3991847,Female,86900,White,64+,Has_no_Child(ren),Married
3994019,Male,43800,White,45-64,Has_no_Child(ren),Married
3996842,Male,99200,White,45-64,Has_no_Child(ren),Married
3999790,Female,66500,White,64+,Has_Child(ren),Married
3999976,Female,20000,White,64+,Has_no_Child(ren),Married
4000125,Male,28300,Other,45-64,Has_Child(ren),Not_Married
4002671,Male,88200,White,15-24,Has_Child(ren),Married
4002726,Female,80700,Black,25-44,Has_Child(ren),Not_Married
4005757,Male,109100,White,45-64,Has_Child(ren),Married
4005896,Male,44700,White,64+,Has_no_Child(ren),Married
4010321,Male,96100,White,25-44,Has_no_Child(ren),Married
4012484,Female,50400,Black,25-44,Has_no_Child(ren),Married
4013479,Male,58900,Two_or_More,64+,Has_Child(ren),Married
4016259,Male,75600,White,25-44,Has_no_Child(ren),Married
4016269,Male,63300,White,25-44,Has_Child(ren),Married
4016707,Female,71700,White,25-44,Has_Child(ren),Not_Married
4017723,Male,53000,White,25-44,Has_no_Child(ren),Married
4020866,Male,63900,White,25-44,Has_no_Child(ren),Married
4021086,Male,61200,White,45-64,Has_Child(ren),Not_Married
4022830,Male,89800,White,25-44,Has_Child(ren),Married
4023211,Female,94200,White,25-44,Has_no_Child(ren),Married
4023518,Female,61700,White,25-44,Has_no_Child(ren),Married
4023724,Male,45000,White,64+,Has_Child(ren),Not_Married
4023762,Female,80500,Other,64+,Has_Child(ren),Not_Married
4024703,Female,89000,White,25-44,Has_no_Child(ren),Married
4025929,Male,20000,White,64+,Has_Child(ren),Married
4025997,Female,92000,White,45-64,Has_Child(ren),Married
4027465,Male,77300,White,45-64,Has_no_Child(ren),Married
4028127,Male,93900,White,25-44,Has_no_Child(ren),Married
4028688,Male,56300,White,64+,Has_no_Child(ren),Not_Married
4029096,Female,54300,Asian,45-64,Has_no_Child(ren),Married
4029112,Female,81800,White,15-24,Has_no_Child(ren),Married
4031419,Male,44000,White,45-64,Has_no_Child(ren),Married
4032055,Female,63700,White,45-64,Has_Child(ren),Married
4032439,Female,104800,White,45-64,Has_Child(ren),Married
4035139,Female,68500,White,25-44,Has_no_Child(ren),Married
4035514,Male,69300,White,45-64,Has_Child(ren),Married
4035797,Male,113200,White,25-44,Has_Child(ren),Married
4035891,Male,50300,Asian,15-24,Has_no_Child(ren),Not_Married
4037285,Female,71800,White,64+,Has_no_Child(ren),Married
4037574,Male,54300,White,25-44,Has_Child(ren),Married
4038472,Male,65100,White,25-44,Has_Child(ren),Married
4040489,Male,104600,White,45-64,Has_no_Child(ren),Married
4041755,Male,97300,White,25-44,Has_Child(ren),Married
4042491,Male,87400,White,25-44,Has_Child(ren),Married
4046960,Female,59300,Asian,25-44,Has_no_Child(ren),Married
4049449,Male,40000,White,25-44,Has_Child(ren),Married
4050264,Female,56500,White,64+,Has_no_Child(ren),Married
4052153,Male,88300,White,45-64,Has_Child(ren),Not_Married
4053436,Female,92400,White,25-44,Has_no_Child(ren),Not_Married
4053938,Male,78400,White,64+,Has_no_Child(ren),Married
4056733,Female,76200,White,45-64,Has_Child(ren),Not_Married
4056857,Female,42500,Black,45-64,Has_Child(ren),Married
4058245,Male,58700,White,64+,Has_no_Child(ren),Married
4060159,Male,92000,White,25-44,Has_no_Child(ren),Married
4065354,Male,98900,Black,45-64,Has_no_Child(ren),Married
4066044,Male,62800,White,25-44,Has_no_Child(ren),Married
4069092,Male,60100,White,45-64,Has_no_Child(ren),Not_Married
4069866,Male,92400,White,45-64,Has_Child(ren),Married
4074090,Female,20000,White,25-44,Has_Child(ren),Married
4074976,Male,105000,White,45-64,Has_Child(ren),Married
4076087,Female,72000,White,45-64,Has_Child(ren),Married
4076824,Female,69900,White,45-64,Has_no_Child(ren),Married
4078620,Female,42600,White,25-44,Has_Child(ren),Married
4080918,Female,56000,Black,45-64,Has_no_Child(ren),Married
4084986,Male,43400,Two_or_More,25-44,Has_no_Child(ren),Not_Married
4091305,Male,36500,Black,45-64,Has_Child(ren),Married
4091655,Female,89900,Asian,25-44,Has_no_Child(ren),Married
4092455,Male,56500,Asian,64+,Has_Child(ren),Married
4096952,Female,57500,Other,25-44,Has_no_Child(ren),Married
4097223,Female,106600,White,45-64,Has_Child(ren),Married
4099040,Female,31400,White,45-64,Has_Child(ren),Married
4104629,Male,68800,White,45-64,Has_Child(ren),Married
4105162,Male,67200,White,64+,Has_no_Child(ren),Married
4106181,Male,56800,White,25-44,Has_Child(ren),Married
4108663,Female,77100,White,64+,Has_no_Child(ren),Not_Married
4113128,Female,20000,White,25-44,Has_Child(ren),Married
4115762,Female,66800,White,25-44,Has_no_Child(ren),Married
4115987,Male,37500,Asian,15-24,Has_Child(ren),Married
4116193,Female,102300,White,64+,Has_Child(ren),Married
4120263,Female,79800,White,45-64,Has_no_Child(ren),Married
4122217,Female,79600,White,45-64,Has_no_Child(ren),Married
4123087,Female,64100,Two_or_More,25-44,Has_no_Child(ren),Married
4124260,Male,89600,White,15-24,Has_no_Child(ren),Married
4126815,Female,46100,Black,25-44,Has_Child(ren),Married
4127779,Female,84400,White,45-64,Has_no_Child(ren),Married
4128753,Male,97000,White,25-44,Has_no_Child(ren),Married
4128766,Female,39500,White,64+,Has_Child(ren),Married
4129015,Female,89100,White,64+,Has_Child(ren),Married
4130036,Female,20000,White,25-44,Has_no_Child(ren),Married
4135807,Male,61400,White,25-44,Has_Child(ren),Not_Married
4136058,Female,80500,White,25-44,Has_no_Child(ren),Married
4140754,Female,38900,Other,64+,Has_Child(ren),Not_Married
4152286,Female,56200,White,25-44,Has_no_Child(ren),Not_Married
4154344,Male,95800,White,45-64,Has_no_Child(ren),Married
4155591,Male,40100,Asian,25-44,Has_no_Child(ren),Married
4158394,Male,103700,White,25-44,Has_no_Child(ren),Married
4159777,Female,58600,Two_or_More,64+,Has_no_Child(ren),Married
4162257,Female,57700,White,45-64,Has_no_Child(ren),Married
4163355,Female,78600,White,64+,Has_no_Child(ren),Married
4163869,Female,35000,White,25-44,Has_Child(ren),Married
4164611,Female,72500,White,25-44,Has_no_Child(ren),Married
4166868,Male,69300,White,45-64,Has_no_Child(ren),Married
4169212,Male,84600,White,64+,Has_no_Child(ren),Married
4171925,Male,49200,White,45-64,Has_Child(ren),Married
4172668,Female,71900,White,45-64,Has_no_Child(ren),Married
4173173,Male,64200,White,25-44,Has_no_Child(ren),Not_Married
4175830,Male,88200,White,45-64,Has_no_Child(ren),Married
4178173,Female,55100,Asian,15-24,Has_no_Child(ren),Married
4178430,Male,61000,White,15-24,Has_Child(ren),Married
4178954,Female,55200,Two_or_More,25-44,Has_Child(ren),Married
4179514,Male,83500,White,45-64,Has_no_Child(ren),Not_Married
4181349,Female,62500,Black,45-64,Has_no_Child(ren),Married
4183406,Female,51100,White,45-64,Has_no_Child(ren),Married
4186082,Male,22200,Black,25-44,Has_no_Child(ren),Not_Married
4187064,Female,69800,White,64+,Has_no_Child(ren),Married
4187083,Male,67200,White,25-44,Has_no_Child(ren),Not_Married
4187087,Female,96200,White,45-64,Has_no_Child(ren),Not_Married
4191161,Female,99300,White,64+,Has_no_Child(ren),Married
4192689,Male,34600,Black,64+,Has_Child(ren),Not_Married
4192761,Female,25100,White,45-64,Has_no_Child(ren),Married
4193200,Male,77900,White,45-64,Has_no_Child(ren),Married
4195264,Male,97700,Asian,25-44,Has_Child(ren),Not_Married
4196256,Male,49000,White,45-64,Has_no_Child(ren),Not_Married
4196779,Female,79700,White,25-44,Has_Child(ren),Not_Married
4198862,Female,60900,White,45-64,Has_no_Child(ren),Married
4200379,Male,43100,Other,25-44,Has_Child(ren),Not_Married
4200998,Female,21500,White,45-64,Has_no_Child(ren),Married
4202683,Male,74000,White,25-44,Has_no_Child(ren),Married
4202811,Female,93500,White,64+,Has_no_Child(ren),Married
4202919,Female,52300,White,25-44,Has_Child(ren),Married
4204065,Female,56300,White,45-64,Has_no_Child(ren),Married
4206122,Female,76300,Asian,15-24,Has_Child(ren),Not_Married
4206148,Male,48600,White,15-24,Has_Child(ren),Not_Married
4209152,Female,53700,White,25-44,Has_no_Child(ren),Not_Married
4218613,Female,82100,Asian,45-64,Has_no_Child(ren),Not_Married
4221359,Female,69700,White,45-64,Has_no_Child(ren),Married
4223673,Female,70000,White,45-64,Has_Child(ren),Married
4227552,Female,46000,White,25-44,Has_no_Child(ren),Married
4227998,Female,93400,White,15-24,Has_no_Child(ren),Married
4228535,Female,94800,White,25-44,Has_Child(ren),Married
4230691,Female,92000,Other,25-44,Has_no_Child(ren),Married
4233134,Female,53600,White,25-44,Has_no_Child(ren),Married
4234294,Male,71200,White,25-44,Has_no_Child(ren),Married
4240544,Male,89800,White,25-44,Has_no_Child(ren),Not_Married
4240552,Male,59700,White,25-44,Has_Child(ren),Married
4242259,Male,20000,White,25-44,Has_no_Child(ren),Not_Married
4242838,Female,20400,Asian,45-64,Has_no_Child(ren),Married
4244448,Female,58700,Black,25-44,Has_Child(ren),Married
4246461,Male,28600,White,45-64,Has_Child(ren),Married
4248273,Male,75700,White,64+,Has_no_Child(ren),Married
4249393,Female,62500,White,64+,Has_no_Child(ren),Married
4253187,Male,22900,White,25-44,Has_Child(ren),Not_Married
4253281,Female,75000,White,25-44,Has_Child(ren),Married
4253710,Male,63800,White,64+,Has_Child(ren),Not_Married
4256230,Male,72200,Black,25-44,Has_no_Child(ren),Married
4256808,Female,51300,White,25-44,Has_no_Child(ren),Married
4266419,Male,45100,White,45-64,Has_no_Child(ren),Married
4266518,Female,103700,White,25-44,Has_no_Child(ren),Married
4268871,Female,48200,Asian,25-44,Has_no_Child(ren),Not_Married
4271220,Female,96000,White,45-64,Has_no_Child(ren),Married
4273236,Female,59600,Black,25-44,Has_Child(ren),Not_Married
4273701,Male,70700,White,25-44,Has_no_Child(ren),Married
4277469,Male,59400,White,45-64,Has_no_Child(ren),Not_Married
4278874,Female,25600,White,64+,Has_no_Child(ren),Not_Married
4278943,Male,58600,Other,64+,Has_no_Child(ren),Married
4279139,Male,42500,White,25-44,Has_Child(ren),Married
4279338,Female,78800,White,25-44,Has_Child(ren),Not_Married
4282015,Female,56400,White,45-64,Has_Child(ren),Married
4283914,Male,95800,White,45-64,Has_no_Child(ren),Married
4286476,Male,58000,Asian,25-44,Has_no_Child(ren),Married
4287754,Male,50000,White,45-64,Has_no_Child(ren),Married
4290504,Female,30700,White,45-64,Has_no_Child(ren),Married
4294205,Female,77100,White,45-64,Has_no_Child(ren),Married
4296773,Female,62800,Black,64+,Has_no_Child(ren),Married
4298469,Female,70300,White,25-44,Has_Child(ren),Not_Married
4299666,Female,90700,White,64+,Has_Child(ren),Married
4300060,Male,49000,White,64+,Has_no_Child(ren),Married
4303882,Female,51800,White,45-64,Has_no_Child(ren),Not_Married
4305142,Female,63100,White,45-64,Has_Child(ren),Not_Married
4306293,Female,68900,White,25-44,Has_no_Child(ren),Married
4307618,Female,64300,White,25-44,Has_no_Child(ren),Married
4308495,Female,85500,White,25-44,Has_Child(ren),Married
4314065,Female,97300,White,45-64,Has_Child(ren),Married
4314365,Female,72500,White,25-44,Has_Child(ren),Married
4315327,Male,57600,Other,45-64,Has_no_Child(ren),Married
4317171,Male,56100,White,45-64,Has_no_Child(ren),Married
4318374,Male,38300,Black,25-44,Has_Child(ren),Not_Married
4318647,Male,31400,Other,45-64,Has_no_Child(ren),Not_Married
4319355,Female,20000,White,64+,Has_Child(ren),Not_Married
4319661,Male,31200,White,15-24,Has_no_Child(ren),Married
4321276,Male,47500,White,45-64,Has_Child(ren),Not_Married
4324909,Male,61400,Black,64+,Has_Child(ren),Married
4325514,Female,98900,Asian,45-64,Has_no_Child(ren),Not_Married
4326040,Female,81000,White,64+,Has_Child(ren),Married
4326237,Female,54600,White,15-24,Has_no_Child(ren),Married
4327875,Female,50900,White,45-64,Has_no_Child(ren),Married
4328101,Male,84600,White,25-44,Has_Child(ren),Married
4329184,Female,103800,White,45-64,Has_no_Child(ren),Married
4329440,Male,88500,White,45-64,Has_Child(ren),Married
4329739,Female,34700,Black,64+,Has_no_Child(ren),Not_Married
4332119,Female,21000,White,45-64,Has_no_Child(ren),Married
4332933,Male,100400,White,64+,Has_no_Child(ren),Not_Married
4333672,Male,62400,White,45-64,Has_Child(ren),Not_Married
4338155,Male,78200,White,64+,Has_Child(ren),Married
4338389,Male,54100,White,64+,Has_no_Child(ren),Married
4341143,Male,93800,White,25-44,Has_Child(ren),Married
4341299,Female,53700,Black,25-44,Has_no_Child(ren),Married
4341332,Male,81500,White,25-44,Has_no_Child(ren),Not_Married
4341519,Female,20000,White,45-64,Has_Child(ren),Married
4345928,Female,20000,White,25-44,Has_Child(ren),Married
4350241,Female,88300,White,45-64,Has_no_Child(ren),Married
4350815,Female,80800,White,25-44,Has_no_Child(ren),Married
4350985,Female,62000,White,45-64,Has_no_Child(ren),Married
4351884,Female,66800,Black,45-64,Has_no_Child(ren),Married
4355443,Male,29000,Asian,25-44,Has_no_Child(ren),Married
4360902,Male,68700,White,64+,Has_no_Child(ren),Married
4363297,Male,73300,Two_or_More,25-44,Has_Child(ren),Married
4367991,Female,84800,White,25-44,Has_no_Child(ren),Married
4369611,Female,111100,White,45-64,Has_no_Child(ren),Married
4370231,Female,47500,Other,25-44,Has_Child(ren),Married
4370584,Male,51600,White,45-64,Has_Child(ren),Not_Married
4370736,Male,69500,White,64+,Has_no_Child(ren),Married
4371583,Female,52100,White,25-44,Has_Child(ren),Not_Married
4373030,Male,46800,White,64+,Has_no_Child(ren),Not_Married
4373251,Male,26500,Asian,25-44,Has_Child(ren),Married
4375127,Male,97300,White,25-44,Has_Child(ren),Married
4377857,Male,65000,White,25-44,Has_Child(ren),Married
4378600,Female,63300,Black,45-64,Has_Child(ren),Not_Married
4379256,Male,67100,White,64+,Has_no_Child(ren),Married
4379911,Male,52900,White,64+,Has_no_Child(ren),Not_Married
4380010,Male,91800,White,25-44,Has_no_Child(ren),Not_Married
4380439,Male,104100,White,64+,Has_Child(ren),Married
4381138,Female,44400,White,25-44,Has_no_Child(ren),Married
4385640,Male,68500,White,25-44,Has_Child(ren),Married
4387356,Male,110600,White,45-64,Has_no_Child(ren),Married
4389151,Male,86500,White,25-44,Has_no_Child(ren),Married
4391535,Male,100400,White,45-64,Has_no_Child(ren),Married
4396296,Male,65900,White,64+,Has_Child(ren),Not_Married
4397186,Female,34700,White,45-64,Has_no_Child(ren),Not_Married
4397362,Male,46000,White,64+,Has_Child(ren),Not_Married
4398403,Male,73100,White,45-64,Has_no_Child(ren),Married
4398979,Female,59300,Two_or_More,45-64,Has_Child(ren),Not_Married
4400489,Male,36700,White,45-64,Has_no_Child(ren),Married
4400775,Male,20000,White,45-64,Has_Child(ren),Married
4402112,Female,95800,White,25-44,Has_Child(ren),Married
4402526,Male,91000,White,45-64,Has_no_Child(ren),Married
4404637,Female,83400,White,64+,Has_Child(ren),Married
4405311,Male,67200,White,45-64,Has_Child(ren),Married
4405867,Female,44700,White,45-64,Has_Child(ren),Not_Married
4405904,Female,62100,White,45-64,Has_no_Child(ren),Not_Married
4408609,Male,60900,Black,45-64,Has_Child(ren),Not_Married
4408843,Female,91100,White,45-64,Has_Child(ren),Married
4410798,Male,103600,White,64+,Has_Child(ren),Married
4413193,Male,91400,White,45-64,Has_no_Child(ren),Married
4414025,Male,96400,Asian,25-44,Has_Child(ren),Married
4414289,Male,22700,White,45-64,Has_no_Child(ren),Married
4414462,Male,24400,White,45-64,Has_Child(ren),Not_Married
4417365,Female,60700,White,25-44,Has_Child(ren),Married
4419032,Female,75900,White,25-44,Has_Child(ren),Married
4419568,Female,96100,White,45-64,Has_no_Child(ren),Married
4419698,Female,105300,White,25-44,Has_Child(ren),Married
4419866,Male,93600,White,45-64,Has_Child(ren),Married
4419890,Female,40800,White,45-64,Has_Child(ren),Married
4421443,Male,59400,White,45-64,Has_no_Child(ren),Not_Married
4422413,Male,71200,White,45-64,Has_no_Child(ren),Married
4424118,Female,80900,White,25-44,Has_no_Child(ren),Married
4424500,Female,55900,Asian,25-44,Has_Child(ren),Married
4429729,Female,37700,Black,25-44,Has_Child(ren),Married
4430287,Male,62700,Asian,15-24,Has_no_Child(ren),Married
4432682,Male,73000,White,45-64,Has_Child(ren),Married
4432918,Male,114300,White,25-44,Has_Child(ren),Not_Married
4433623,Male,73000,White,25-44,Has_no_Child(ren),Not_Married
4435947,Male,69400,White,45-64,Has_no_Child(ren),Married
4436154,Male,45800,Black,45-64,Has_no_Child(ren),Not_Married
4436342,Female,85800,White,25-44,Has_no_Child(ren),Married
4436567,Female,54700,White,45-64,Has_Child(ren),Married
4437252,Male,87200,White,25-44,Has_Child(ren),Not_Married
4437990,Female,71100,White,45-64,Has_Child(ren),Married
4438053,Male,77400,Black,25-44,Has_Child(ren),Married
4438543,Female,43400,Asian,25-44,Has_Child(ren),Married
4442713,Female,70600,Black,64+,Has_Child(ren),Married
4445026,Male,59900,White,64+,Has_Child(ren),Not_Married
4445498,Male,79100,White,45-64,Has_Child(ren),Married
4447780,Female,68200,White,25-44,Has_Child(ren),Married
4449032,Male,90400,White,64+,Has_no_Child(ren),Married
4449414,Male,104900,Black,45-64,Has_Child(ren),Not_Married
4450693,Female,28300,White,25-44,Has_no_Child(ren),Married
4450979,Female,90600,White,45-64,Has_no_Child(ren),Married
4453642,Female,43700,White,25-44,Has_no_Child(ren),Married
4461899,Female,70300,White,25-44,Has_Child(ren),Married
4464386,Female,61500,White,25-44,Has_Child(ren),Married
4469658,Female,53200,White,45-64,Has_no_Child(ren),Married
4472976,Male,95000,White,45-64,Has_no_Child(ren),Not_Married
4474501,Female,29200,Two_or_More,64+,Has_Child(ren),Married
4474851,Female,44700,Black,45-64,Has_Child(ren),Not_Married
4475738,Male,85400,White,25-44,Has_no_Child(ren),Married
4479300,Male,104900,White,64+,Has_Child(ren),Married
4479350,Female,84500,White,25-44,Has_Child(ren),Not_Married
4483839,Female,20400,White,45-64,Has_no_Child(ren),Married
4484556,Male,60100,Two_or_More,15-24,Has_no_Child(ren),Married
4485740,Female,90000,White,25-44,Has_Child(ren),Married
4486163,Male,20000,White,64+,Has_no_Child(ren),Married
4486176,Male,81200,White,25-44,Has_Child(ren),Married
4487540,Female,41600,Other,45-64,Has_no_Child(ren),Married
4488254,Male,88600,White,64+,Has_no_Child(ren),Not_Married
4489912,Female,58100,White,25-44,Has_no_Child(ren),Married
4491549,Male,68000,Other,64+,Has_Child(ren),Married
4492480,Female,48300,White,45-64,Has_no_Child(ren),Married
4495752,Male,52300,White,45-64,Has_no_Child(ren),Married
4495773,Female,97300,White,45-64,Has_Child(ren),Married
4498450,Male,42900,White,45-64,Has_Child(ren),Married
4498467,Male,60500,White,64+,Has_no_Child(ren),Married
4500783,Female,84200,White,45-64,Has_no_Child(ren),Not_Married
4507715,Male,70600,White,45-64,Has_no_Child(ren),Married
4508662,Male,87600,White,25-44,Has_Child(ren),Married
4508707,Male,68200,White,64+,Has_no_Child(ren),Not_Married
4511502,Male,67800,Black,64+,Has_no_Child(ren),Married
4511528,Male,41700,White,45-64,Has_Child(ren),Not_Married
4512033,Male,84100,White,45-64,Has_no_Child(ren),Married
4516051,Male,47000,White,45-64,Has_no_Child(ren),Married
4516903,Female,60300,White,25-44,Has_Child(ren),Married
4517179,Female,61200,White,45-64,Has_no_Child(ren),Married
4518267,Female,71400,White,45-64,Has_no_Child(ren),Married
4522040,Female,75500,White,64+,Has_Child(ren),Married
4522790,Male,32600,White,45-64,Has_no_Child(ren),Married
4524782,Female,107700,White,25-44,Has_Child(ren),Married
4527954,Male,47600,White,64+,Has_Child(ren),Married
4528911,Female,57600,White,15-24,Has_Child(ren),Married
4531449,Female,81700,Two_or_More,45-64,Has_no_Child(ren),Married
4531987,Female,61300,White,25-44,Has_no_Child(ren),Married
4533233,Female,86400,White,64+,Has_Child(ren),Married
4534006,Male,56300,Other,25-44,Has_Child(ren),Not_Married
4535556,Male,90900,White,45-64,Has_Child(ren),Married
4540588,Male,100500,White,45-64,Has_Child(ren),Not_Married
4543092,Female,51700,White,25-44,Has_no_Child(ren),Married
4544513,Male,50400,White,25-44,Has_Child(ren),Married
4545187,Male,76400,White,64+,Has_Child(ren),Married
4546275,Female,44000,White,25-44,Has_no_Child(ren),Not_Married
4547514,Male,95500,White,45-64,Has_no_Child(ren),Married
4548348,Male,58800,White,25-44,Has_Child(ren),Married
4550237,Male,89600,White,25-44,Has_no_Child(ren),Married
4552528,Female,61600,Asian,45-64,Has_Child(ren),Not_Married
4558417,Female,75800,White,25-44,Has_Child(ren),Not_Married
4562275,Male,64600,Asian,45-64,Has_Child(ren),Married
4564758,Male,47900,Black,64+,Has_no_Child(ren),Not_Married
4564948,Female,40200,Two_or_More,15-24,Has_Child(ren),Married
4566378,Female,72300,White,45-64,Has_no_Child(ren),Married
4572884,Male,78800,White,64+,Has_no_Child(ren),Married
4574955,Male,79600,White,25-44,Has_Child(ren),Married
4576214,Male,66200,Asian,64+,Has_no_Child(ren),Not_Married
4576555,Female,87800,Other,64+,Has_no_Child(ren),Not_Married
4577177,Female,43100,White,64+,Has_no_Child(ren),Married
4580752,Male,56100,White,25-44,Has_Child(ren),Married
4582722,Male,65900,White,25-44,Has_no_Child(ren),Married
4585969,Female,76200,White,45-64,Has_no_Child(ren),Not_Married
4587958,Male,79300,White,45-64,Has_Child(ren),Married
4588724,Female,97800,Black,64+,Has_no_Child(ren),Married
4591539,Female,83400,White,25-44,Has_Child(ren),Married
4592036,Female,40100,Asian,25-44,Has_no_Child(ren),Married
4592315,Female,73800,White,25-44,Has_Child(ren),Married
4593336,Female,50600,Other,25-44,Has_Child(ren),Married
4593485,Male,63500,White,25-44,Has_Child(ren),Married
4593913,Female,54100,White,45-64,Has_Child(ren),Married
4595078,Male,87300,White,25-44,Has_no_Child(ren),Married
4595633,Male,69400,White,25-44,Has_Child(ren),Not_Married
4595896,Female,98100,White,64+,Has_no_Child(ren),Married
4597527,Male,91700,White,45-64,Has_no_Child(ren),Married
4599139,Male,70800,White,25-44,Has_Child(ren),Married
4600578,Male,37400,White,25-44,Has_Child(ren),Married
4601117,Female,58200,White,64+,Has_no_Child(ren),Married
4602468,Male,55700,White,45-64,Has_no_Child(ren),Married
4602562,Male,61600,Other,15-24,Has_Child(ren),Married
4604988,Male,51500,White,64+,Has_no_Child(ren),Married
4607489,Male,62800,White,25-44,Has_Child(ren),Married
4608537,Female,64900,Black,45-64,Has_no_Child(ren),Married
4610102,Male,56700,White,64+,Has_Child(ren),Married
4612202,Female,82200,Black,25-44,Has_no_Child(ren),Married
4613440,Male,88400,White,25-44,Has_Child(ren),Not_Married
4620411,Female,90500,Black,45-64,Has_no_Child(ren),Married
4623748,Male,94200,White,64+,Has_Child(ren),Married
4625869,Male,96000,Asian,25-44,Has_no_Child(ren),Married
4627144,Female,59600,White,64+,Has_Child(ren),Married
4629280,Female,32400,White,64+,Has_Child(ren),Not_Married
4633093,Male,69200,White,64+,Has_Child(ren),Married
4638791,Female,75200,Asian,25-44,Has_Child(ren),Not_Married
4638798,Female,71500,White,45-64,Has_no_Child(ren),Married
4643680,Male,76400,White,64+,Has_no_Child(ren),Not_Married
4649292,Female,61500,Asian,64+,Has_Child(ren),Not_Married
4649438,Male,97300,Asian,64+,Has_Child(ren),Married
4649522,Male,77100,White,25-44,Has_Child(ren),Married
4650862,Male,90800,White,45-64,Has_Child(ren),Married
4651260,Male,50200,Other,45-64,Has_no_Child(ren),Not_Married
4653978,Female,23600,White,45-64,Has_Child(ren),Married
4668468,Male,60700,White,25-44,Has_Child(ren),Not_Married
4669998,Female,58600,White,45-64,Has_no_Child(ren),Married
4675474,Male,73800,White,25-44,Has_Child(ren),Married
4676908,Male,20000,White,45-64,Has_Child(ren),Not_Married
4677592,Male,30700,White,45-64,Has_no_Child(ren),Married
4680612,Male,82600,White,25-44,Has_no_Child(ren),Married
4680805,Male,104500,White,25-44,Has_no_Child(ren),Married
4682119,Male,69100,White,45-64,Has_Child(ren),Married
4682150,Male,53000,White,45-64,Has_Child(ren),Married
4684875,Female,105200,White,64+,Has_no_Child(ren),Married
4688077,Female,49200,Black,45-64,Has_Child(ren),Not_Married
4689303,Male,51900,White,45-64,Has_no_Child(ren),Not_Married
4692350,Male,76400,American_Indian,45-64,Has_Child(ren),Not_Married
4698568,Female,107800,White,45-64,Has_Child(ren),Married
4699726,Female,62500,White,25-44,Has_no_Child(ren),Married
4700467,Female,32600,White,64+,Has_Child(ren),Married
4701051,Male,84000,White,25-44,Has_Child(ren),Not_Married
4701291,Male,96800,White,45-64,Has_no_Child(ren),Married
4706203,Female,77700,White,25-44,Has_no_Child(ren),Married
4706795,Female,73000,Black,64+,Has_Child(ren),Married
4707972,Male,22300,White,45-64,Has_no_Child(ren),Married
4710640,Female,70000,White,25-44,Has_Child(ren),Not_Married
4712836,Male,61600,White,45-64,Has_Child(ren),Married
4712842,Male,108200,White,25-44,Has_no_Child(ren),Married
4713670,Male,64000,White,64+,Has_Child(ren),Not_Married
4716016,Male,92000,White,64+,Has_no_Child(ren),Married
4718070,Female,43900,White,45-64,Has_Child(ren),Married
4718627,Male,62500,Asian,25-44,Has_no_Child(ren),Married
4719714,Male,32800,Black,45-64,Has_Child(ren),Not_Married
4720515,Female,56600,Asian,15-24,Has_no_Child(ren),Married
4721476,Female,95500,White,45-64,Has_no_Child(ren),Married
4721764,Female,58700,White,25-44,Has_no_Child(ren),Married
4723435,Female,66800,White,25-44,Has_Child(ren),Married
4728975,Female,90800,White,45-64,Has_Child(ren),Married
4729059,Male,54600,White,64+,Has_Child(ren),Married
4729899,Female,64500,Two_or_More,64+,Has_no_Child(ren),Married
4731466,Male,93100,White,45-64,Has_Child(ren),Married
4739447,Female,75600,White,25-44,Has_no_Child(ren),Not_Married
4740320,Female,61100,White,45-64,Has_no_Child(ren),Married
4740500,Male,67500,White,45-64,Has_Child(ren),Not_Married
4741040,Male,72900,White,45-64,Has_no_Child(ren),Not_Married
4741690,Male,86600,White,45-64,Has_no_Child(ren),Not_Married
4742049,Male,97900,White,45-64,Has_Child(ren),Married
4742921,Male,93000,White,45-64,Has_no_Child(ren),Married
4745256,Female,23800,Other,15-24,Has_Child(ren),Not_Married
4747135,Male,44800,White,45-64,Has_Child(ren),Not_Married
4747268,Male,52300,White,25-44,Has_Child(ren),Not_Married
4750003,Female,86500,White,25-44,Has_no_Child(ren),Married
4751692,Female,37800,Asian,15-24,Has_Child(ren),Not_Married
4755368,Male,57800,White,45-64,Has_no_Child(ren),Married
4756240,Female,105200,White,25-44,Has_Child(ren),Married
4756460,Female,31200,Black,45-64,Has_Child(ren),Not_Married
4759762,Male,60600,White,25-44,Has_no_Child(ren),Married
4762604,Female,51000,White,45-64,Has_Child(ren),Married
4762735,Male,58300,White,25-44,Has_Child(ren),Not_Married
4762886,Male,50400,White,64+,Has_no_Child(ren),Married
4765681,Male,62000,White,25-44,Has_Child(ren),Not_Married
4766899,Female,59400,White,45-64,Has_Child(ren),Married
4768478,Male,30500,Black,25-44,Has_no_Child(ren),Not_Married
4768773,Male,47500,Asian,64+,Has_no_Child(ren),Not_Married
4769364,Male,49800,Other,15-24,Has_no_Child(ren),Married
4769999,Female,83400,White,25-44,Has_no_Child(ren),Married
4773246,Male,73800,White,64+,Has_Child(ren),Married
4773640,Female,37200,White,25-44,Has_no_Child(ren),Married
4774901,Female,83100,White,25-44,Has_no_Child(ren),Married
4774930,Male,62700,White,45-64,Has_no_Child(ren),Married
4774971,Female,88400,Asian,25-44,Has_no_Child(ren),Not_Married
4775698,Female,61000,White,25-44,Has_no_Child(ren),Married
4782163,Male,93100,Other,25-44,Has_no_Child(ren),Not_Married
4783014,Male,66500,White,25-44,Has_no_Child(ren),Married
4784568,Male,58300,White,45-64,Has_no_Child(ren),Married
4786518,Male,38600,White,25-44,Has_Child(ren),Not_Married
4786683,Male,48600,Black,45-64,Has_Child(ren),Not_Married
4791266,Male,86300,Black,25-44,Has_no_Child(ren),Married
4792532,Male,59200,White,25-44,Has_Child(ren),Married
4793432,Male,83100,White,64+,Has_no_Child(ren),Married
4795482,Male,73200,White,25-44,Has_no_Child(ren),Not_Married
4799330,Male,119800,White,25-44,Has_Child(ren),Married
4799617,Female,73500,White,64+,Has_Child(ren),Not_Married
4800399,Male,58600,White,45-64,Has_no_Child(ren),Not_Married
4800441,Female,27800,Other,45-64,Has_no_Child(ren),Married
4803505,Male,101700,White,64+,Has_no_Child(ren),Married
4804530,Female,61300,White,25-44,Has_no_Child(ren),Married
4805576,Male,56300,White,25-44,Has_no_Child(ren),Not_Married
4808473,Male,27500,White,45-64,Has_Child(ren),Not_Married
4811663,Female,75300,White,25-44,Has_no_Child(ren),Married
4811785,Male,101100,White,45-64,Has_Child(ren),Married
4811806,Female,91600,White,25-44,Has_Child(ren),Not_Married
4811868,Female,34200,White,15-24,Has_Child(ren),Married
4815607,Female,93500,White,25-44,Has_Child(ren),Not_Married
4817994,Female,97000,White,45-64,Has_Child(ren),Not_Married
4820880,Female,67100,White,64+,Has_Child(ren),Not_Married
4821405,Male,98600,White,64+,Has_Child(ren),Married
4825735,Male,20000,White,45-64,Has_no_Child(ren),Married
4825782,Female,63700,White,15-24,Has_no_Child(ren),Married
4827780,Male,20000,White,25-44,Has_no_Child(ren),Married
4828858,Female,92400,White,45-64,Has_no_Child(ren),Married
4828990,Female,61000,White,45-64,Has_no_Child(ren),Not_Married
4834158,Male,86300,White,45-64,Has_no_Child(ren),Married
4834638,Female,67300,White,64+,Has_no_Child(ren),Married
4835378,Male,66200,Two_or_More,45-64,Has_no_Child(ren),Married
4838460,Male,82900,White,25-44,Has_no_Child(ren),Married
4839595,Female,67500,White,45-64,Has_Child(ren),Married
4839836,Female,66300,White,45-64,Has_no_Child(ren),Married
4839843,Female,58500,White,45-64,Has_Child(ren),Not_Married
4841726,Female,60600,Black,45-64,Has_no_Child(ren),Married
4846214,Male,102000,White,25-44,Has_no_Child(ren),Married
4848798,Male,40900,White,25-44,Has_no_Child(ren),Married
4849056,Male,65600,White,45-64,Has_Child(ren),Married
4849432,Female,74400,White,25-44,Has_no_Child(ren),Not_Married
4859504,Male,58900,White,45-64,Has_Child(ren),Married
4861276,Male,70100,White,25-44,Has_Child(ren),Married
4861465,Female,92100,White,25-44,Has_Child(ren),Married
4863120,Male,41500,Other,45-64,Has_no_Child(ren),Married
4869809,Female,62600,White,45-64,Has_no_Child(ren),Married
4870049,Female,97100,White,25-44,Has_no_Child(ren),Married
4872811,Male,82100,White,64+,Has_no_Child(ren),Married
4874322,Male,20000,Two_or_More,25-44,Has_Child(ren),Married
4876304,Male,70000,Asian,64+,Has_Child(ren),Not_Married
4877232,Male,64100,Other,45-64,Has_Child(ren),Not_Married
4878946,Female,90800,White,64+,Has_no_Child(ren),Married
4879685,Male,77000,White,25-44,Has_Child(ren),Not_Married
4880487,Female,67900,White,25-44,Has_Child(ren),Not_Married
4884154,Female,26800,White,45-64,Has_no_Child(ren),Not_Married
4884722,Female,79800,White,45-64,Has_no_Child(ren),Married
4891823,Male,91700,White,45-64,Has_no_Child(ren),Married
4897911,Female,60700,Black,45-64,Has_Child(ren),Married
4898172,Male,105100,White,25-44,Has_Child(ren),Married
4902409,Male,20500,White,64+,Has_Child(ren),Married
4902604,Female,96700,White,64+,Has_no_Child(ren),Not_Married
4904188,Female,30000,White,45-64,Has_Child(ren),Not_Married
4905376,Female,53600,White,25-44,Has_no_Child(ren),Married
4905652,Male,77400,White,64+,Has_no_Child(ren),Not_Married
4906790,Female,56900,White,25-44,Has_Child(ren),Married
4906984,Male,40300,White,25-44,Has_Child(ren),Married
4910714,Male,101900,Asian,25-44,Has_no_Child(ren),Married
4913678,Female,99500,White,45-64,Has_Child(ren),Married
4914416,Male,33100,Black,25-44,Has_Child(ren),Married
4914704,Female,51300,White,45-64,Has_Child(ren),Married
4918692,Female,55600,White,64+,Has_Child(ren),Married
4919713,Male,58000,White,25-44,Has_Child(ren),Married
4922879,Female,95200,Asian,25-44,Has_no_Child(ren),Married
4924190,Male,90800,Asian,25-44,Has_no_Child(ren),Married
4924572,Female,85700,White,45-64,Has_no_Child(ren),Married
4925209,Female,24300,Asian,25-44,Has_no_Child(ren),Married
4926789,Male,20000,White,45-64,Has_no_Child(ren),Married
4928873,Male,50900,White,45-64,Has_Child(ren),Married
4928963,Male,20000,Asian,45-64,Has_no_Child(ren),Not_Married
4933263,Female,74100,White,25-44,Has_Child(ren),Married
4934328,Female,93400,Two_or_More,25-44,Has_Child(ren),Married
4938157,Female,40100,White,45-64,Has_Child(ren),Married
4938518,Female,69100,White,25-44,Has_no_Child(ren),Married
4938534,Male,102400,White,64+,Has_no_Child(ren),Married
4938704,Female,66700,White,25-44,Has_Child(ren),Married
4939406,Male,68200,White,45-64,Has_no_Child(ren),Married
4942188,Male,88700,Asian,25-44,Has_no_Child(ren),Married
4942522,Female,79700,White,25-44,Has_no_Child(ren),Married
4945064,Male,62300,White,25-44,Has_no_Child(ren),Married
4946988,Male,78700,Black,25-44,Has_no_Child(ren),Married
4947433,Male,64600,White,25-44,Has_Child(ren),Not_Married
4948900,Male,113100,White,25-44,Has_Child(ren),Not_Married
4954550,Female,94800,White,45-64,Has_Child(ren),Married
4955014,Female,88100,White,25-44,Has_no_Child(ren),Married
4955752,Male,43400,White,45-64,Has_Child(ren),Not_Married
4958469,Female,20000,White,45-64,Has_no_Child(ren),Married
4959110,Female,100400,White,45-64,Has_Child(ren),Married
4965003,Male,41100,Black,45-64,Has_Child(ren),Not_Married
4966537,Female,70000,White,25-44,Has_no_Child(ren),Not_Married
4966613,Male,35100,Two_or_More,64+,Has_no_Child(ren),Married
4967145,Male,49900,White,25-44,Has_no_Child(ren),Married
4967759,Female,68600,White,64+,Has_no_Child(ren),Not_Married
4968406,Male,57400,White,45-64,Has_no_Child(ren),Married
4969125,Male,42700,Asian,25-44,Has_no_Child(ren),Married
4971335,Female,75100,White,25-44,Has_Child(ren),Not_Married
4972577,Female,46100,Black,25-44,Has_no_Child(ren),Married
4972756,Female,63000,Black,45-64,Has_Child(ren),Not_Married
4975631,Male,93700,White,25-44,Has_no_Child(ren),Married
4975755,Female,44400,White,45-64,Has_no_Child(ren),Not_Married
4977833,Female,77200,White,45-64,Has_no_Child(ren),Married
4978183,Male,80400,White,25-44,Has_no_Child(ren),Married
4979436,Female,38900,White,25-44,Has_no_Child(ren),Not_Married
4979647,Female,76300,White,64+,Has_no_Child(ren),Not_Married
4982554,Female,77900,White,45-64,Has_Child(ren),Not_Married
4985227,Male,64300,White,15-24,Has_no_Child(ren),Not_Married
4987155,Female,55200,White,64+,Has_Child(ren),Married
4996073,Male,64500,Asian,15-24,Has_Child(ren),Married
4996164,Female,89500,White,25-44,Has_no_Child(ren),Married
4998457,Male,63300,Asian,25-44,Has_Child(ren),Not_Married
4998967,Female,113600,Asian,45-64,Has_no_Child(ren),Not_Married
4999808,Male,78700,White,25-44,Has_Child(ren),Married
5005869,Male,42100,Black,64+,Has_no_Child(ren),Not_Married
5006763,Female,101700,White,45-64,Has_no_Child(ren),Married
5007829,Female,68400,Black,45-64,Has_Child(ren),Not_Married
5008034,Female,33600,White,64+,Has_no_Child(ren),Married
5011227,Male,69700,White,64+,Has_no_Child(ren),Married
5011735,Female,55100,Asian,25-44,Has_Child(ren),Married
5012107,Male,42700,White,45-64,Has_no_Child(ren),Married
5014041,Female,75300,White,64+,Has_Child(ren),Married
5015404,Male,53300,White,64+,Has_Child(ren),Married
5015443,Male,106900,White,25-44,Has_Child(ren),Married
5017067,Male,74100,White,45-64,Has_no_Child(ren),Married
5017635,Female,84700,White,45-64,Has_Child(ren),Married
5019213,Female,97600,White,45-64,Has_no_Child(ren),Married
5019374,Male,69800,White,25-44,Has_Child(ren),Married
5020258,Male,72300,Black,45-64,Has_Child(ren),Married
5020845,Male,58200,Black,64+,Has_Child(ren),Married
5021903,Female,58700,White,45-64,Has_no_Child(ren),Not_Married
5022903,Female,90400,White,45-64,Has_no_Child(ren),Married
5023169,Male,65300,Black,25-44,Has_no_Child(ren),Not_Married
5029170,Male,53800,White,45-64,Has_Child(ren),Married
5031365,Female,65100,White,25-44,Has_no_Child(ren),Married
5032618,Female,84100,White,25-44,Has_no_Child(ren),Married
5036261,Male,69700,White,45-64,Has_no_Child(ren),Married
5037383,Male,30500,White,15-24,Has_no_Child(ren),Not_Married
5037608,Female,56000,White,25-44,Has_no_Child(ren),Married
5037838,Male,54800,White,25-44,Has_Child(ren),Married
5039060,Female,74100,White,64+,Has_Child(ren),Married
5042288,Male,96600,White,15-24,Has_no_Child(ren),Married
5043232,Female,91400,White,25-44,Has_no_Child(ren),Married
5043958,Male,79200,White,45-64,Has_no_Child(ren),Married
5045411,Female,61700,Black,45-64,Has_no_Child(ren),Married
5047894,Male,98800,White,25-44,Has_Child(ren),Not_Married
5047908,Female,43000,White,45-64,Has_no_Child(ren),Married
5048928,Female,63400,White,25-44,Has_Child(ren),Married
5050748,Female,50800,White,25-44,Has_Child(ren),Married
5051814,Female,20000,White,45-64,Has_Child(ren),Not_Married
5052475,Female,102100,Asian,45-64,Has_no_Child(ren),Married
5052647,Male,47100,Black,45-64,Has_no_Child(ren),Not_Married
5052674,Female,33100,White,25-44,Has_Child(ren),Not_Married
5056667,Female,54800,White,64+,Has_Child(ren),Married
5057788,Female,62300,White,45-64,Has_no_Child(ren),Not_Married
5057857,Female,49300,Black,64+,Has_no_Child(ren),Not_Married
5059535,Female,52700,Asian,45-64,Has_Child(ren),Married
5061084,Female,76000,Black,64+,Has_no_Child(ren),Married
5062855,Female,68700,Black,45-64,Has_no_Child(ren),Not_Married
5063803,Male,99000,Asian,45-64,Has_no_Child(ren),Married
5064715,Female,80500,White,45-64,Has_no_Child(ren),Married
5067402,Female,27400,White,25-44,Has_no_Child(ren),Married
5070680,Female,45600,Black,25-44,Has_Child(ren),Not_Married
5071319,Female,85500,White,45-64,Has_no_Child(ren),Married
5073558,Male,92300,Black,25-44,Has_Child(ren),Married
5074679,Male,44900,Asian,15-24,Has_no_Child(ren),Not_Married
5078038,Female,124700,White,45-64,Has_no_Child(ren),Married
5079397,Female,34300,Black,25-44,Has_Child(ren),Not_Married
5081550,Male,80500,White,64+,Has_no_Child(ren),Married
5082762,Female,61100,White,25-44,Has_no_Child(ren),Not_Married
5084127,Male,92200,White,45-64,Has_no_Child(ren),Not_Married
5084177,Male,38600,White,45-64,Has_Child(ren),Married
5085690,Male,55300,White,45-64,Has_Child(ren),Not_Married
5091774,Female,34000,Black,25-44,Has_Child(ren),Married
5092827,Female,20000,White,64+,Has_Child(ren),Married
5092938,Female,64500,White,25-44,Has_Child(ren),Married
5093888,Female,67100,Other,25-44,Has_no_Child(ren),Married
5095052,Female,62800,White,45-64,Has_Child(ren),Married
5095053,Male,54900,White,15-24,Has_Child(ren),Married
5103547,Female,96900,White,45-64,Has_no_Child(ren),Not_Married
5103613,Male,91500,White,25-44,Has_no_Child(ren),Not_Married
5106035,Female,46600,White,25-44,Has_no_Child(ren),Married
5110405,Male,108600,White,64+,Has_no_Child(ren),Married
5112629,Male,26500,White,64+,Has_no_Child(ren),Married
5114959,Female,54600,White,45-64,Has_no_Child(ren),Married
5116337,Female,94800,Black,45-64,Has_Child(ren),Married
5117086,Female,72200,Other,25-44,Has_no_Child(ren),Married
5117113,Female,51500,Black,15-24,Has_Child(ren),Not_Married
5117688,Female,62000,White,25-44,Has_Child(ren),Married
5117961,Female,46000,Asian,45-64,Has_no_Child(ren),Married
5121237,Male,69600,White,25-44,Has_no_Child(ren),Married
5121473,Female,61800,Two_or_More,45-64,Has_Child(ren),Married
5122627,Female,78800,White,45-64,Has_Child(ren),Not_Married
5124717,Female,46600,White,64+,Has_Child(ren),Not_Married
5126285,Female,81000,White,64+,Has_no_Child(ren),Married
5128646,Female,58000,White,25-44,Has_no_Child(ren),Married
5131095,Female,74400,White,45-64,Has_no_Child(ren),Married
5132104,Female,116900,White,45-64,Has_no_Child(ren),Married
5132187,Male,56200,White,64+,Has_no_Child(ren),Married
5132992,Male,97000,White,64+,Has_no_Child(ren),Married
5133434,Female,47300,Two_or_More,25-44,Has_no_Child(ren),Married
5134676,Female,49000,Black,15-24,Has_Child(ren),Not_Married
5135259,Male,29700,White,45-64,Has_no_Child(ren),Married
5135337,Male,55500,White,15-24,Has_no_Child(ren),Married
5135762,Female,41300,White,45-64,Has_no_Child(ren),Married
5136040,Male,62900,White,45-64,Has_Child(ren),Married
5138416,Male,53600,White,45-64,Has_no_Child(ren),Married
5140999,Male,70500,White,64+,Has_no_Child(ren),Married
5141311,Male,80300,White,45-64,Has_Child(ren),Married
5144327,Female,62900,White,25-44,Has_Child(ren),Married
5145320,Male,44300,White,45-64,Has_no_Child(ren),Not_Married
5149816,Male,74800,White,25-44,Has_no_Child(ren),Married
5152889,Male,76900,White,25-44,Has_Child(ren),Not_Married
5154723,Male,95300,White,64+,Has_no_Child(ren),Married
5156561,Male,101600,White,15-24,Has_Child(ren),Married
5156960,Male,68100,Black,25-44,Has_no_Child(ren),Married
5157501,Male,46400,Black,25-44,Has_no_Child(ren),Not_Married
5158533,Female,69200,White,64+,Has_Child(ren),Married
5161997,Male,67800,White,25-44,Has_Child(ren),Married
5162546,Female,74400,White,25-44,Has_no_Child(ren),Married
5166644,Female,53000,White,15-24,Has_Child(ren),Married
5167613,Male,56500,Black,45-64,Has_Child(ren),Not_Married
5169214,Male,42500,White,64+,Has_Child(ren),Married
5169553,Female,97600,White,45-64,Has_Child(ren),Married
5169740,Female,68500,Asian,45-64,Has_Child(ren),Married
5169851,Female,58700,White,45-64,Has_Child(ren),Married
5170983,Male,45600,White,45-64,Has_Child(ren),Not_Married
5171771,Female,81000,White,45-64,Has_no_Child(ren),Not_Married
5173938,Male,77200,White,15-24,Has_no_Child(ren),Married
5177635,Female,103500,White,45-64,Has_Child(ren),Married
5178863,Male,55300,Other,64+,Has_no_Child(ren),Married
5180254,Female,52400,Black,45-64,Has_Child(ren),Married
5180533,Male,57700,Black,45-64,Has_no_Child(ren),Not_Married
5181912,Female,85800,White,45-64,Has_no_Child(ren),Married
5183170,Female,63500,White,64+,Has_Child(ren),Married
5190723,Female,55200,White,45-64,Has_no_Child(ren),Not_Married
5192706,Female,104600,White,45-64,Has_Child(ren),Married
5193850,Female,65200,White,25-44,Has_no_Child(ren),Not_Married
5195080,Female,72400,White,64+,Has_no_Child(ren),Married
5199680,Male,95000,White,25-44,Has_no_Child(ren),Married
5200608,Male,57600,White,64+,Has_Child(ren),Not_Married
5202311,Female,51100,Other,25-44,Has_Child(ren),Married
5205475,Male,89100,White,45-64,Has_no_Child(ren),Married
5211818,Male,61700,White,45-64,Has_Child(ren),Married
5212164,Female,39600,White,64+,Has_no_Child(ren),Married
5213417,Female,67200,Asian,25-44,Has_no_Child(ren),Married
5214321,Male,75400,White,25-44,Has_Child(ren),Married
5215056,Male,94700,White,45-64,Has_no_Child(ren),Not_Married
5216004,Male,91600,White,45-64,Has_Child(ren),Married
5216829,Male,67300,White,45-64,Has_no_Child(ren),Married
5219482,Female,91200,White,15-24,Has_no_Child(ren),Married
5223564,Male,20000,White,64+,Has_Child(ren),Married
5224668,Female,20000,Black,25-44,Has_no_Child(ren),Not_Married
5225090,Male,71000,White,15-24,Has_no_Child(ren),Not_Married
5226369,Male,82300,White,45-64,Has_no_Child(ren),Not_Married
5227250,Female,74100,White,15-24,Has_no_Child(ren),Not_Married
5229683,Male,55700,White,25-44,Has_Child(ren),Married
5231118,Male,66100,Black,45-64,Has_Child(ren),Not_Married
5231308,Female,31300,Asian,45-64,Has_Child(ren),Married
5233125,Male,91800,White,25-44,Has_Child(ren),Married
5236858,Female,57200,Asian,45-64,Has_Child(ren),Married
5242669,Female,66800,White,25-44,Has_Child(ren),Not_Married
5243680,Male,63300,White,64+,Has_no_Child(ren),Married
5245072,Male,75900,White,25-44,Has_Child(ren),Married
5248442,Female,75500,White,25-44,Has_Child(ren),Married
5251619,Male,41600,White,25-44,Has_no_Child(ren),Married
5253238,Male,86500,White,64+,Has_Child(ren),Not_Married
5254957,Female,105000,White,25-44,Has_Child(ren),Married
5257079,Male,20000,White,64+,Has_no_Child(ren),Married
5257210,Male,95300,White,64+,Has_no_Child(ren),Not_Married
5258601,Male,69300,White,25-44,Has_no_Child(ren),Not_Married
5262671,Female,62600,Asian,25-44,Has_Child(ren),Not_Married
5262746,Female,90300,White,64+,Has_no_Child(ren),Not_Married
5266868,Female,42700,Two_or_More,25-44,Has_Child(ren),Married
5268829,Male,87000,White,25-44,Has_Child(ren),Not_Married
5270707,Female,100700,White,64+,Has_Child(ren),Married
5271430,Female,85200,White,25-44,Has_no_Child(ren),Married
5271527,Male,84800,Asian,25-44,Has_Child(ren),Married
5272161,Male,54900,White,25-44,Has_no_Child(ren),Married
5273523,Female,35100,Other,64+,Has_Child(ren),Not_Married
5278046,Male,84500,White,45-64,Has_Child(ren),Not_Married
5278086,Female,68300,White,45-64,Has_no_Child(ren),Married
5282444,Male,65900,White,45-64,Has_Child(ren),Married
5284217,Male,65200,White,25-44,Has_no_Child(ren),Married
5285045,Female,83400,White,25-44,Has_no_Child(ren),Married
5285502,Male,50700,White,45-64,Has_Child(ren),Married
5286269,Male,51700,Black,25-44,Has_no_Child(ren),Married
5287474,Male,54600,White,64+,Has_no_Child(ren),Married
5289015,Male,99100,White,45-64,Has_no_Child(ren),Married
5290043,Female,36000,Two_or_More,45-64,Has_no_Child(ren),Not_Married
5291883,Male,93000,White,25-44,Has_no_Child(ren),Married
5298849,Female,67700,Asian,45-64,Has_Child(ren),Married
5299329,Female,46500,Black,15-24,Has_Child(ren),Not_Married
5299460,Female,59800,White,64+,Has_Child(ren),Married
5300729,Male,82700,White,45-64,Has_no_Child(ren),Not_Married
5301088,Female,36000,White,25-44,Has_no_Child(ren),Married
5301167,Female,45400,White,25-44,Has_no_Child(ren),Married
5301682,Female,55500,White,25-44,Has_no_Child(ren),Married
5302715,Female,85300,White,45-64,Has_Child(ren),Married
5304568,Male,96500,White,25-44,Has_Child(ren),Married
5307584,Female,51400,White,45-64,Has_no_Child(ren),Not_Married
5311134,Female,45400,Two_or_More,64+,Has_no_Child(ren),Married
5311363,Male,49600,White,45-64,Has_Child(ren),Married
5313174,Female,60200,Black,25-44,Has_Child(ren),Married
5313663,Male,20000,White,45-64,Has_Child(ren),Not_Married
5316775,Male,40700,White,25-44,Has_no_Child(ren),Not_Married
5318655,Female,79800,White,45-64,Has_Child(ren),Married
5322054,Female,85400,Asian,45-64,Has_no_Child(ren),Married
5324978,Female,65200,White,25-44,Has_Child(ren),Married
5325200,Female,42400,White,25-44,Has_Child(ren),Married
5332722,Female,69000,Other,45-64,Has_Child(ren),Married
5333794,Female,96300,White,45-64,Has_no_Child(ren),Married
5338541,Male,99800,White,64+,Has_no_Child(ren),Not_Married
5338841,Male,88000,White,45-64,Has_no_Child(ren),Married
5340613,Female,75000,White,25-44,Has_no_Child(ren),Married
5343135,Female,71900,White,45-64,Has_no_Child(ren),Married
5343249,Male,50000,Two_or_More,45-64,Has_no_Child(ren),Not_Married
5344481,Female,74300,White,25-44,Has_no_Child(ren),Not_Married
5345259,Male,62100,White,25-44,Has_no_Child(ren),Married
5348277,Female,52400,White,64+,Has_no_Child(ren),Not_Married
5349413,Female,77500,White,64+,Has_Child(ren),Not_Married
5350989,Female,94500,White,25-44,Has_no_Child(ren),Married
5355476,Female,49900,White,45-64,Has_Child(ren),Married
5358538,Female,94700,White,45-64,Has_no_Child(ren),Married
5361527,Female,75400,Black,64+,Has_no_Child(ren),Married
5374507,Male,40900,White,25-44,Has_no_Child(ren),Married
5375501,Male,40200,Black,45-64,Has_Child(ren),Married
5376171,Female,92500,White,25-44,Has_no_Child(ren),Married
5378292,Male,110100,White,64+,Has_no_Child(ren),Married
5381022,Male,62300,White,64+,Has_no_Child(ren),Married
5381265,Male,48800,Two_or_More,25-44,Has_Child(ren),Not_Married
5381676,Male,52700,White,45-64,Has_no_Child(ren),Married
5382808,Female,48400,White,25-44,Has_no_Child(ren),Married
5383161,Female,20000,White,45-64,Has_no_Child(ren),Married
5387176,Female,20000,White,25-44,Has_no_Child(ren),Married
5388733,Male,64000,White,45-64,Has_no_Child(ren),Married
5397313,Male,87100,White,45-64,Has_Child(ren),Married
5398855,Male,73300,White,45-64,Has_Child(ren),Married
5401063,Male,106900,White,25-44,Has_no_Child(ren),Married
5409947,Male,20000,White,45-64,Has_no_Child(ren),Married
5416928,Male,54200,White,25-44,Has_no_Child(ren),Married
5417751,Male,99000,White,25-44,Has_Child(ren),Not_Married
5418915,Female,40600,White,25-44,Has_no_Child(ren),Married
5419861,Female,81900,White,45-64,Has_Child(ren),Married
5423941,Female,37700,White,64+,Has_no_Child(ren),Married
5425354,Female,68200,White,25-44,Has_Child(ren),Married
5430056,Female,78500,White,25-44,Has_no_Child(ren),Not_Married
5430423,Male,52900,Asian,45-64,Has_no_Child(ren),Married
5431213,Male,61300,Asian,25-44,Has_no_Child(ren),Married
5432400,Male,20000,White,45-64,Has_Child(ren),Married
5434223,Female,22300,White,64+,Has_Child(ren),Married
5438242,Male,91600,White,45-64,Has_Child(ren),Married
5438361,Female,70100,White,25-44,Has_Child(ren),Not_Married
5439225,Female,87100,White,45-64,Has_no_Child(ren),Not_Married
5439573,Female,32000,White,25-44,Has_Child(ren),Not_Married
5439797,Male,73900,White,25-44,Has_Child(ren),Married
5441548,Female,59200,White,25-44,Has_Child(ren),Not_Married
5443557,Female,21100,White,45-64,Has_Child(ren),Married
5444032,Female,73300,White,64+,Has_no_Child(ren),Married
5444648,Female,71400,White,25-44,Has_Child(ren),Married
5446413,Female,40000,White,45-64,Has_no_Child(ren),Married
5446996,Male,58000,White,25-44,Has_Child(ren),Married
5448672,Male,68100,White,25-44,Has_Child(ren),Not_Married
5448865,Female,81000,White,64+,Has_Child(ren),Not_Married
5449550,Male,47100,White,45-64,Has_Child(ren),Married
5450314,Male,20000,White,64+,Has_Child(ren),Married
5464741,Female,107300,White,45-64,Has_no_Child(ren),Not_Married
5464845,Female,68800,Black,64+,Has_no_Child(ren),Not_Married
5469266,Female,80800,White,45-64,Has_Child(ren),Married
5470286,Male,87100,White,25-44,Has_no_Child(ren),Married
5473739,Female,26500,Other,25-44,Has_Child(ren),Married
5475890,Male,103500,White,45-64,Has_Child(ren),Married
5477303,Male,43300,White,45-64,Has_Child(ren),Not_Married
5480048,Male,43700,White,25-44,Has_Child(ren),Married
5480049,Male,64900,Asian,15-24,Has_no_Child(ren),Married
5481551,Male,65700,White,45-64,Has_Child(ren),Married
5482056,Male,102900,White,45-64,Has_Child(ren),Married
5487067,Male,90800,Black,25-44,Has_no_Child(ren),Not_Married
5489522,Male,55300,White,25-44,Has_Child(ren),Married
5490793,Male,72300,White,25-44,Has_no_Child(ren),Married
5493355,Male,48600,White,15-24,Has_no_Child(ren),Married
5494253,Female,45700,White,45-64,Has_no_Child(ren),Married
5494991,Female,55000,White,64+,Has_Child(ren),Married
5501083,Male,99700,White,25-44,Has_Child(ren),Married
5508099,Male,67700,White,45-64,Has_no_Child(ren),Married
5511263,Male,72100,White,25-44,Has_Child(ren),Married
5513336,Female,89700,White,64+,Has_Child(ren),Not_Married
5517394,Male,68400,Other,45-64,Has_Child(ren),Not_Married
5517663,Female,96500,White,45-64,Has_Child(ren),Married
5517818,Female,78600,White,25-44,Has_Child(ren),Married
5520467,Male,71900,White,45-64,Has_no_Child(ren),Married
5520925,Female,55900,Asian,64+,Has_Child(ren),Married
5522388,Female,46000,White,25-44,Has_no_Child(ren),Married
5522433,Male,72900,White,25-44,Has_no_Child(ren),Married
5526463,Male,99300,White,45-64,Has_Child(ren),Married
5527427,Male,69100,White,25-44,Has_Child(ren),Married
5527990,Male,64300,White,25-44,Has_Child(ren),Married
5529324,Male,51500,White,45-64,Has_Child(ren),Married
5529636,Male,59400,White,64+,Has_Child(ren),Married
5532818,Female,22900,White,45-64,Has_no_Child(ren),Married
5536803,Female,101000,Other,45-64,Has_no_Child(ren),Not_Married
5542285,Female,68300,White,25-44,Has_no_Child(ren),Married
5543517,Male,46500,White,64+,Has_Child(ren),Not_Married
5553341,Female,29400,White,45-64,Has_Child(ren),Married
5555762,Female,52500,Asian,64+,Has_Child(ren),Not_Married
5557387,Male,48100,White,25-44,Has_Child(ren),Married
5557448,Female,99000,White,25-44,Has_Child(ren),Married
5559088,Female,60000,Two_or_More,45-64,Has_no_Child(ren),Not_Married
5564655,Male,83400,White,25-44,Has_no_Child(ren),Married
5565356,Male,82700,Asian,64+,Has_no_Child(ren),Married
5565454,Male,76000,Black,45-64,Has_no_Child(ren),Married
5567351,Male,51900,Black,64+,Has_Child(ren),Married
5568223,Female,111900,White,45-64,Has_Child(ren),Married
5569564,Female,84600,White,45-64,Has_no_Child(ren),Married
5571951,Female,45200,Asian,25-44,Has_no_Child(ren),Married
5573928,Male,40400,Black,15-24,Has_no_Child(ren),Not_Married
5575237,Male,45000,Asian,45-64,Has_Child(ren),Not_Married
5583955,Male,81000,White,64+,Has_Child(ren),Married
5584904,Female,105900,White,25-44,Has_Child(ren),Married
5591436,Female,95900,White,45-64,Has_no_Child(ren),Not_Married
5591480,Female,46200,White,45-64,Has_Child(ren),Married
5593679,Male,82900,White,45-64,Has_Child(ren),Married
5596474,Male,66500,White,45-64,Has_no_Child(ren),Not_Married
5600618,Female,20000,White,64+,Has_Child(ren),Married
5602629,Male,99600,White,64+,Has_no_Child(ren),Married
5602879,Female,91800,White,25-44,Has_no_Child(ren),Married
5602941,Male,85000,White,25-44,Has_Child(ren),Married
5603595,Female,58200,Black,25-44,Has_Child(ren),Not_Married
5604471,Male,49500,Other,25-44,Has_Child(ren),Married
5604503,Male,64100,White,45-64,Has_Child(ren),Married
5604753,Female,95700,White,45-64,Has_no_Child(ren),Married
5605789,Male,103600,White,45-64,Has_Child(ren),Married
5609054,Male,71400,White,25-44,Has_Child(ren),Married
5611132,Female,78300,White,25-44,Has_no_Child(ren),Married
5614268,Female,98900,White,45-64,Has_no_Child(ren),Not_Married
5618647,Male,95200,White,64+,Has_Child(ren),Married
5620025,Female,50100,White,45-64,Has_no_Child(ren),Married
5620635,Female,54500,White,25-44,Has_Child(ren),Not_Married
5623338,Female,87700,White,45-64,Has_no_Child(ren),Married
5628353,Male,42300,White,45-64,Has_no_Child(ren),Married
5630173,Male,85400,White,45-64,Has_no_Child(ren),Married
5630222,Female,75800,White,25-44,Has_Child(ren),Not_Married
5634124,Female,54300,White,25-44,Has_no_Child(ren),Married
5635947,Female,42300,Other,25-44,Has_Child(ren),Not_Married
5640462,Female,66400,White,25-44,Has_no_Child(ren),Not_Married
5645441,Female,29100,White,45-64,Has_no_Child(ren),Married
5647320,Female,76400,White,15-24,Has_no_Child(ren),Married
5651563,Male,59500,White,45-64,Has_no_Child(ren),Married
5654262,Female,45700,Black,45-64,Has_no_Child(ren),Not_Married
5654275,Male,56300,White,64+,Has_Child(ren),Married
5656384,Female,55300,White,15-24,Has_Child(ren),Married
5657446,Female,51200,Black,64+,Has_no_Child(ren),Married
5657828,Female,96700,White,45-64,Has_no_Child(ren),Married
5660036,Male,104300,White,25-44,Has_Child(ren),Married
5660189,Male,20900,White,25-44,Has_no_Child(ren),Married
5661958,Female,64700,Asian,25-44,Has_no_Child(ren),Married
5663542,Male,64700,White,64+,Has_Child(ren),Married
5665690,Male,29700,White,64+,Has_no_Child(ren),Married
5666441,Male,73700,Asian,25-44,Has_no_Child(ren),Married
5666877,Male,93500,White,45-64,Has_Child(ren),Married
5669761,Female,48800,Two_or_More,25-44,Has_Child(ren),Married
5670597,Female,35700,White,64+,Has_Child(ren),Not_Married
5671861,Male,77200,White,25-44,Has_no_Child(ren),Not_Married
5672165,Female,45700,Black,45-64,Has_Child(ren),Married
5672800,Male,29500,White,25-44,Has_Child(ren),Married
5675825,Male,64100,White,45-64,Has_no_Child(ren),Married
5679773,Male,67100,Asian,45-64,Has_Child(ren),Married
5679909,Female,74200,White,45-64,Has_no_Child(ren),Married
5680149,Male,32400,White,25-44,Has_no_Child(ren),Not_Married
5682977,Male,51300,White,45-64,Has_no_Child(ren),Not_Married
5685904,Male,28300,White,64+,Has_no_Child(ren),Married
5686912,Female,64400,White,64+,Has_no_Child(ren),Married
5688637,Female,93600,Black,25-44,Has_no_Child(ren),Not_Married
5689584,Male,44700,White,64+,Has_Child(ren),Not_Married
5693249,Male,104800,White,25-44,Has_no_Child(ren),Not_Married
5694553,Male,51100,White,45-64,Has_no_Child(ren),Not_Married
5695940,Female,50700,White,25-44,Has_no_Child(ren),Married
5699214,Female,69200,Black,25-44,Has_no_Child(ren),Not_Married
5699490,Female,58700,Black,25-44,Has_Child(ren),Married
5699908,Male,92700,White,64+,Has_Child(ren),Married
5700786,Male,67400,White,45-64,Has_no_Child(ren),Not_Married
5704429,Female,36300,Asian,64+,Has_no_Child(ren),Married
5706450,Female,64100,White,25-44,Has_no_Child(ren),Not_Married
5712898,Male,60000,White,45-64,Has_no_Child(ren),Married
5713979,Male,70300,White,25-44,Has_no_Child(ren),Married
5714395,Male,92500,White,45-64,Has_no_Child(ren),Married
5716200,Male,87500,White,25-44,Has_no_Child(ren),Married
5719188,Female,78200,Asian,25-44,Has_no_Child(ren),Married
5719238,Male,55900,White,25-44,Has_Child(ren),Married
5723060,Female,69500,White,45-64,Has_no_Child(ren),Married
5729212,Female,93100,Asian,25-44,Has_Child(ren),Not_Married
5729297,Female,91100,White,25-44,Has_no_Child(ren),Married
5729785,Male,77600,White,25-44,Has_no_Child(ren),Married
5731361,Male,73100,White,25-44,Has_no_Child(ren),Not_Married
5733739,Male,76400,White,64+,Has_no_Child(ren),Married
5734273,Male,80100,White,45-64,Has_Child(ren),Married
5734879,Male,84000,White,25-44,Has_Child(ren),Married
5736331,Male,102900,Black,25-44,Has_no_Child(ren),Married
5736611,Female,44600,Other,45-64,Has_no_Child(ren),Not_Married
5736629,Male,40400,Black,45-64,Has_Child(ren),Married
5740302,Female,20600,White,64+,Has_no_Child(ren),Married
5740378,Male,71100,Two_or_More,25-44,Has_Child(ren),Married
5741400,Female,94800,White,45-64,Has_no_Child(ren),Not_Married
5742254,Female,68000,White,45-64,Has_Child(ren),Not_Married
5743215,Female,84300,White,45-64,Has_no_Child(ren),Married
5745385,Female,74700,Asian,25-44,Has_no_Child(ren),Married
5746117,Female,53000,White,45-64,Has_no_Child(ren),Married
5748315,Male,75600,White,45-64,Has_no_Child(ren),Married
5749470,Female,89700,White,25-44,Has_Child(ren),Married
5750131,Male,47400,White,64+,Has_no_Child(ren),Married
5753368,Male,70000,White,25-44,Has_Child(ren),Married
5758508,Male,45200,White,64+,Has_no_Child(ren),Married
5760416,Male,74400,White,25-44,Has_no_Child(ren),Not_Married
5762286,Male,84700,White,25-44,Has_no_Child(ren),Married
5764435,Female,50200,White,45-64,Has_Child(ren),Married
5769152,Female,56500,Black,64+,Has_Child(ren),Married
5771206,Female,61600,White,45-64,Has_Child(ren),Not_Married
5773408,Female,92700,White,25-44,Has_no_Child(ren),Not_Married
5786514,Female,79200,White,45-64,Has_no_Child(ren),Married
5788021,Female,101800,White,15-24,Has_no_Child(ren),Not_Married
5788497,Male,55400,Asian,25-44,Has_no_Child(ren),Not_Married
5788746,Female,97100,White,25-44,Has_no_Child(ren),Married
5789999,Female,71800,White,25-44,Has_no_Child(ren),Married
5791180,Male,72800,White,25-44,Has_Child(ren),Married
5792640,Female,79800,White,64+,Has_no_Child(ren),Not_Married
5793001,Female,72700,Asian,25-44,Has_Child(ren),Married
5793579,Female,31800,White,25-44,Has_Child(ren),Married
5794156,Female,61500,White,45-64,Has_no_Child(ren),Married
5795026,Male,25100,White,45-64,Has_Child(ren),Married
5800939,Male,88300,White,25-44,Has_no_Child(ren),Married
5801232,Male,38700,White,45-64,Has_Child(ren),Not_Married
5804243,Female,96400,White,45-64,Has_no_Child(ren),Married
5810003,Male,33800,Other,64+,Has_no_Child(ren),Not_Married
5812519,Male,61800,White,64+,Has_Child(ren),Married
5813169,Female,99500,White,25-44,Has_no_Child(ren),Married
5815215,Male,58700,Black,45-64,Has_Child(ren),Married
5818944,Male,35800,Asian,64+,Has_Child(ren),Married
5823210,Female,83700,White,45-64,Has_no_Child(ren),Married
5824379,Female,102700,White,64+,Has_no_Child(ren),Married
5826554,Female,64400,White,64+,Has_no_Child(ren),Not_Married
5826918,Female,97500,White,45-64,Has_no_Child(ren),Married
5828659,Male,43500,White,45-64,Has_no_Child(ren),Married
5830675,Male,59800,Black,45-64,Has_no_Child(ren),Married
5837908,Female,70400,Other,25-44,Has_no_Child(ren),Married
5840472,Female,56700,White,25-44,Has_no_Child(ren),Married
5844033,Female,41600,White,25-44,Has_no_Child(ren),Married
5846304,Male,58500,White,25-44,Has_no_Child(ren),Not_Married
5851561,Female,43200,White,25-44,Has_no_Child(ren),Not_Married
5852494,Female,86000,White,25-44,Has_no_Child(ren),Married
5852929,Female,79100,White,45-64,Has_no_Child(ren),Married
5854822,Female,79800,White,45-64,Has_no_Child(ren),Married
5856567,Male,73200,White,25-44,Has_no_Child(ren),Married
5859109,Male,47600,White,25-44,Has_no_Child(ren),Not_Married
5859330,Male,93100,White,25-44,Has_no_Child(ren),Married
5859994,Male,60000,White,25-44,Has_Child(ren),Married
5860622,Female,89400,White,25-44,Has_Child(ren),Not_Married
5864344,Female,36800,White,45-64,Has_Child(ren),Married
5864621,Female,33800,Asian,25-44,Has_no_Child(ren),Married
5866639,Male,53800,White,45-64,Has_Child(ren),Not_Married
5868558,Female,62300,White,45-64,Has_Child(ren),Not_Married
5880356,Female,84100,White,25-44,Has_Child(ren),Married
5884692,Male,46100,White,25-44,Has_Child(ren),Married
5887730,Female,99000,White,45-64,Has_Child(ren),Married
5888115,Male,63500,Black,64+,Has_Child(ren),Married
5888215,Male,51900,Other,64+,Has_Child(ren),Married
5889375,Female,45200,White,45-64,Has_no_Child(ren),Married
5890211,Male,110100,Asian,25-44,Has_no_Child(ren),Married
5890238,Female,34800,White,25-44,Has_Child(ren),Not_Married
5897708,Female,23500,Other,45-64,Has_no_Child(ren),Not_Married
5900711,Female,98200,White,25-44,Has_no_Child(ren),Married
5901170,Male,51900,White,45-64,Has_no_Child(ren),Not_Married
5903151,Male,65900,White,64+,Has_no_Child(ren),Not_Married
5910926,Female,66500,White,25-44,Has_no_Child(ren),Not_Married
5913393,Female,78800,White,15-24,Has_Child(ren),Married
5913745,Female,54800,White,25-44,Has_no_Child(ren),Married
5914427,Female,104200,White,64+,Has_Child(ren),Married
5914534,Male,41100,Black,25-44,Has_Child(ren),Married
5915886,Female,75500,White,25-44,Has_no_Child(ren),Married
5918165,Male,34800,Asian,25-44,Has_no_Child(ren),Not_Married
5919160,Female,53600,Asian,25-44,Has_no_Child(ren),Not_Married
5919541,Male,63900,Two_or_More,45-64,Has_no_Child(ren),Not_Married
5921939,Female,65500,White,25-44,Has_no_Child(ren),Married
5922965,Male,86300,White,15-24,Has_Child(ren),Married
5928011,Female,20000,White,45-64,Has_no_Child(ren),Married
5928809,Female,45500,White,64+,Has_no_Child(ren),Married
5929866,Female,66500,White,25-44,Has_Child(ren),Married
5933997,Female,90800,White,25-44,Has_Child(ren),Married
5937178,Male,92400,White,15-24,Has_no_Child(ren),Married
5939653,Female,51100,White,25-44,Has_Child(ren),Married
5939953,Female,78600,Black,45-64,Has_no_Child(ren),Married
5940589,Male,29500,White,25-44,Has_no_Child(ren),Married
5944081,Female,66600,White,25-44,Has_no_Child(ren),Married
5944905,Male,53600,White,25-44,Has_Child(ren),Not_Married
5945498,Male,58000,White,25-44,Has_Child(ren),Married
5947090,Male,96400,White,25-44,Has_no_Child(ren),Not_Married
5947353,Male,70500,White,25-44,Has_no_Child(ren),Married
5947808,Female,109700,White,45-64,Has_Child(ren),Married
5953181,Female,66000,White,25-44,Has_Child(ren),Married
5954105,Male,49400,White,45-64,Has_Child(ren),Married
5957978,Male,41400,White,25-44,Has_Child(ren),Married
5958481,Male,99800,White,25-44,Has_Child(ren),Married
5958707,Male,78100,White,64+,Has_Child(ren),Married
5961733,Male,57200,White,45-64,Has_Child(ren),Married
5965959,Female,83200,White,25-44,Has_no_Child(ren),Not_Married
5969755,Male,86300,White,64+,Has_no_Child(ren),Not_Married
5972691,Male,42000,White,25-44,Has_Child(ren),Married
5974410,Male,54600,Black,15-24,Has_no_Child(ren),Not_Married
5974603,Female,85100,White,25-44,Has_no_Child(ren),Married
5977616,Female,67600,Asian,64+,Has_Child(ren),Married
5979444,Male,87900,Black,64+,Has_Child(ren),Married
5980975,Male,44100,White,25-44,Has_Child(ren),Not_Married
5982710,Male,76800,White,64+,Has_Child(ren),Married
5990869,Male,58400,White,25-44,Has_Child(ren),Not_Married
5991313,Male,20000,White,45-64,Has_Child(ren),Married
5992276,Female,58000,White,45-64,Has_Child(ren),Not_Married
5992339,Female,106400,White,64+,Has_no_Child(ren),Not_Married
5992356,Male,67900,White,25-44,Has_no_Child(ren),Not_Married
5992937,Male,66900,White,25-44,Has_no_Child(ren),Married
5993732,Female,41000,White,25-44,Has_no_Child(ren),Not_Married
5996893,Male,85000,White,25-44,Has_no_Child(ren),Not_Married
6003919,Female,53400,White,15-24,Has_Child(ren),Married
6004919,Female,87300,White,45-64,Has_Child(ren),Married
6006958,Female,101500,White,25-44,Has_Child(ren),Married
6007013,Male,97200,White,45-64,Has_no_Child(ren),Married
6008171,Male,54000,White,45-64,Has_no_Child(ren),Not_Married
6008249,Female,101800,White,45-64,Has_no_Child(ren),Married
6010262,Male,81400,White,25-44,Has_Child(ren),Not_Married
6014365,Male,20000,White,64+,Has_Child(ren),Not_Married
6014638,Male,55000,White,15-24,Has_no_Child(ren),Married
6016292,Female,71000,White,25-44,Has_Child(ren),Married
6018291,Female,62600,White,45-64,Has_no_Child(ren),Married
6018776,Female,30800,White,25-44,Has_no_Child(ren),Married
6022405,Female,61200,Asian,45-64,Has_no_Child(ren),Married
6024083,Female,76000,White,25-44,Has_Child(ren),Not_Married
6025171,Male,97000,Other,45-64,Has_Child(ren),Not_Married
6032045,Male,58700,White,25-44,Has_Child(ren),Married
6032106,Female,78300,White,15-24,Has_no_Child(ren),Married
6036120,Female,79700,White,45-64,Has_Child(ren),Married
6036135,Male,73300,White,25-44,Has_Child(ren),Married
6038241,Female,95700,White,45-64,Has_Child(ren),Not_Married
6038610,Male,90800,White,25-44,Has_no_Child(ren),Married
6040429,Female,56400,White,45-64,Has_Child(ren),Married
6041753,Female,87400,White,25-44,Has_no_Child(ren),Married
6043476,Male,67600,White,25-44,Has_no_Child(ren),Married
6044474,Male,42200,White,25-44,Has_Child(ren),Married
6045114,Male,73900,White,45-64,Has_no_Child(ren),Married
6046495,Male,102000,White,45-64,Has_no_Child(ren),Married
6050619,Male,54700,White,64+,Has_Child(ren),Married
6052644,Female,50900,Other,25-44,Has_Child(ren),Not_Married
6053580,Female,59300,Asian,15-24,Has_Child(ren),Married
6055389,Male,67500,White,64+,Has_Child(ren),Married
6057906,Female,59200,Black,45-64,Has_Child(ren),Not_Married
6059218,Female,20000,Other,64+,Has_Child(ren),Not_Married
6059563,Male,36400,White,45-64,Has_no_Child(ren),Not_Married
6063653,Female,98700,White,25-44,Has_no_Child(ren),Married
6066457,Female,79800,White,64+,Has_no_Child(ren),Not_Married
6068514,Female,95000,White,45-64,Has_Child(ren),Married
6073085,Male,44200,Other,45-64,Has_no_Child(ren),Married
6073530,Female,89900,White,64+,Has_no_Child(ren),Married
6073671,Female,46000,White,45-64,Has_no_Child(ren),Married
6074295,Female,93500,White,45-64,Has_no_Child(ren),Not_Married
6074552,Female,87000,White,25-44,Has_Child(ren),Married
6075416,Female,58800,White,25-44,Has_Child(ren),Married
6076264,Female,73900,White,45-64,Has_no_Child(ren),Married
6079324,Female,31900,White,25-44,Has_Child(ren),Not_Married
6081830,Female,92500,White,25-44,Has_Child(ren),Married
6085051,Female,56500,White,45-64,Has_no_Child(ren),Not_Married
6086802,Female,54900,Two_or_More,64+,Has_Child(ren),Not_Married
6088522,Male,20900,White,25-44,Has_no_Child(ren),Not_Married
6089514,Male,76800,White,45-64,Has_Child(ren),Married
6089733,Male,49800,White,25-44,Has_no_Child(ren),Married
6095145,Female,96400,White,64+,Has_Child(ren),Married
6095670,Female,34100,White,25-44,Has_Child(ren),Married
6106014,Male,77100,Asian,45-64,Has_no_Child(ren),Married
6109293,Female,32000,Black,64+,Has_no_Child(ren),Not_Married
6109600,Male,76300,White,45-64,Has_no_Child(ren),Married
6110577,Female,62900,White,45-64,Has_no_Child(ren),Married
6111653,Female,57900,White,25-44,Has_Child(ren),Not_Married
6111761,Male,35100,White,45-64,Has_Child(ren),Married
6112630,Female,68200,White,25-44,Has_no_Child(ren),Married
6116428,Female,113800,Asian,45-64,Has_Child(ren),Married
6116532,Male,69100,White,45-64,Has_no_Child(ren),Married
6120190,Female,58900,White,25-44,Has_no_Child(ren),Married
6122206,Female,82800,White,45-64,Has_no_Child(ren),Married
6123530,Female,90100,White,25-44,Has_no_Child(ren),Married
6123684,Male,82700,White,64+,Has_Child(ren),Not_Married
6124522,Female,87300,Black,45-64,Has_no_Child(ren),Married
6124549,Male,65200,White,25-44,Has_Child(ren),Married
6127376,Female,67800,White,64+,Has_no_Child(ren),Married
6128090,Female,20000,White,45-64,Has_Child(ren),Married
6130750,Female,50400,White,25-44,Has_no_Child(ren),Married
6132405,Female,105100,White,25-44,Has_no_Child(ren),Not_Married
6133051,Female,45400,White,45-64,Has_Child(ren),Not_Married
6133213,Female,46000,Black,25-44,Has_Child(ren),Married
6133531,Male,68500,White,45-64,Has_no_Child(ren),Married
6135925,Male,64100,White,25-44,Has_no_Child(ren),Married
6138860,Female,83000,Black,25-44,Has_no_Child(ren),Married
6139191,Female,44900,White,45-64,Has_Child(ren),Not_Married
6139779,Female,44700,White,45-64,Has_Child(ren),Married
6140348,Male,100900,Two_or_More,45-64,Has_no_Child(ren),Married
6141157,Male,92600,White,45-64,Has_no_Child(ren),Married
6141967,Female,85200,White,64+,Has_Child(ren),Married
6142168,Male,81400,White,45-64,Has_Child(ren),Not_Married
6143470,Male,50200,White,15-24,Has_no_Child(ren),Married
6143606,Female,49500,Black,45-64,Has_no_Child(ren),Not_Married
6145460,Male,98800,White,25-44,Has_Child(ren),Married
6148115,Female,52600,White,64+,Has_Child(ren),Married
6149865,Female,52900,White,45-64,Has_no_Child(ren),Married
6151658,Male,63400,Asian,25-44,Has_Child(ren),Married
6152769,Female,81800,White,64+,Has_Child(ren),Not_Married
6155217,Male,111400,Asian,64+,Has_Child(ren),Not_Married
6156583,Female,56000,Two_or_More,64+,Has_no_Child(ren),Married
6157494,Female,74400,White,64+,Has_no_Child(ren),Married
6160342,Female,82900,White,45-64,Has_no_Child(ren),Not_Married
6161670,Male,45000,White,25-44,Has_Child(ren),Married
6164510,Female,65700,White,15-24,Has_no_Child(ren),Married
6165827,Female,52200,White,45-64,Has_Child(ren),Not_Married
6166643,Female,50700,White,45-64,Has_Child(ren),Not_Married
6167846,Female,53200,White,15-24,Has_Child(ren),Not_Married
6170706,Female,67200,White,25-44,Has_no_Child(ren),Not_Married
6173579,Male,97300,White,64+,Has_no_Child(ren),Married
6174497,Female,66100,White,45-64,Has_no_Child(ren),Married
6176047,Female,76000,White,25-44,Has_no_Child(ren),Married
6181015,Male,63900,White,25-44,Has_no_Child(ren),Not_Married
6181589,Male,64900,White,25-44,Has_Child(ren),Married
6182753,Male,87600,White,64+,Has_no_Child(ren),Married
6183821,Female,46700,White,45-64,Has_no_Child(ren),Not_Married
6185141,Female,69000,White,25-44,Has_no_Child(ren),Married
6186675,Female,68900,White,45-64,Has_no_Child(ren),Married
6187285,Female,85600,White,25-44,Has_no_Child(ren),Married
6192304,Female,27900,White,45-64,Has_Child(ren),Married
6193664,Male,57000,White,25-44,Has_Child(ren),Not_Married
6195154,Female,20000,White,25-44,Has_no_Child(ren),Married
6195611,Female,49800,White,45-64,Has_Child(ren),Married
6198605,Female,91600,White,45-64,Has_no_Child(ren),Not_Married
6201831,Female,109700,White,64+,Has_no_Child(ren),Married
6203367,Male,99200,White,45-64,Has_no_Child(ren),Married
6204758,Female,85600,White,25-44,Has_no_Child(ren),Not_Married
6208625,Male,56600,White,64+,Has_no_Child(ren),Married
6208691,Male,20300,White,45-64,Has_no_Child(ren),Married
6213863,Female,44600,White,45-64,Has_no_Child(ren),Married
6214309,Male,99500,White,25-44,Has_Child(ren),Married
6215090,Female,104100,White,25-44,Has_Child(ren),Married
6218555,Female,20000,White,45-64,Has_Child(ren),Married
6218771,Male,94500,Black,45-64,Has_no_Child(ren),Married
6219105,Female,53400,White,45-64,Has_Child(ren),Not_Married
6219913,Male,101900,Other,45-64,Has_no_Child(ren),Married
6220548,Male,32900,White,45-64,Has_Child(ren),Married
6221562,Male,102500,White,45-64,Has_no_Child(ren),Married
6224351,Female,93500,Asian,45-64,Has_no_Child(ren),Married
6224510,Male,59400,Asian,64+,Has_no_Child(ren),Married
6226853,Male,75300,White,45-64,Has_no_Child(ren),Married
6227391,Female,95000,White,25-44,Has_no_Child(ren),Not_Married
6230111,Female,100500,White,25-44,Has_no_Child(ren),Married
6232150,Female,20000,White,45-64,Has_no_Child(ren),Married
6233204,Male,80900,White,45-64,Has_Child(ren),Not_Married
6233675,Male,107900,White,15-24,Has_no_Child(ren),Married
6234002,Male,47600,White,25-44,Has_no_Child(ren),Married
6234507,Male,66200,White,25-44,Has_no_Child(ren),Married
6236783,Female,62000,White,45-64,Has_no_Child(ren),Married
6237488,Female,47200,Other,25-44,Has_no_Child(ren),Married
6237840,Female,53900,White,25-44,Has_Child(ren),Married
6243813,Male,78300,White,45-64,Has_no_Child(ren),Married
6244951,Male,103500,White,64+,Has_Child(ren),Married
6245238,Male,66800,White,64+,Has_Child(ren),Married
6252061,Female,72000,White,45-64,Has_no_Child(ren),Married
6257432,Male,54400,White,25-44,Has_Child(ren),Married
6258800,Female,25400,White,45-64,Has_no_Child(ren),Married
6262854,Male,95300,Asian,25-44,Has_no_Child(ren),Married
6264046,Female,100200,White,45-64,Has_Child(ren),Married
6265486,Female,96300,White,25-44,Has_Child(ren),Married
6266325,Male,39200,White,45-64,Has_no_Child(ren),Not_Married
6274818,Female,80300,Asian,64+,Has_Child(ren),Married
6278108,Female,59000,White,45-64,Has_no_Child(ren),Married
6278662,Female,52200,White,45-64,Has_Child(ren),Married
6278843,Female,70400,White,25-44,Has_no_Child(ren),Married
6279433,Male,92500,White,64+,Has_no_Child(ren),Married
6283833,Male,20100,Black,25-44,Has_no_Child(ren),Married
6283998,Male,104400,White,25-44,Has_no_Child(ren),Married
6284810,Female,71100,Black,25-44,Has_Child(ren),Married
6288617,Male,74200,White,45-64,Has_Child(ren),Married
6289686,Male,71300,White,64+,Has_no_Child(ren),Not_Married
6291326,Female,96800,White,64+,Has_no_Child(ren),Married
6292251,Female,33100,White,45-64,Has_Child(ren),Not_Married
6292372,Female,72500,White,64+,Has_Child(ren),Not_Married
6293359,Female,53900,White,25-44,Has_Child(ren),Married
6293729,Female,77700,White,64+,Has_Child(ren),Not_Married
6293977,Male,56500,White,64+,Has_Child(ren),Married
6294183,Male,25400,White,25-44,Has_Child(ren),Married
6296210,Female,88000,White,45-64,Has_no_Child(ren),Married
6300073,Male,63100,White,45-64,Has_no_Child(ren),Not_Married
6300844,Male,88900,White,45-64,Has_no_Child(ren),Married
6301218,Female,99900,White,25-44,Has_no_Child(ren),Married
6302231,Female,76100,White,25-44,Has_no_Child(ren),Married
6305045,Male,52200,White,25-44,Has_Child(ren),Not_Married
6305326,Male,47200,White,15-24,Has_no_Child(ren),Not_Married
6306655,Female,20000,White,25-44,Has_Child(ren),Married
6307456,Female,61900,White,45-64,Has_no_Child(ren),Not_Married
6307718,Male,100600,White,64+,Has_Child(ren),Married
6307843,Male,64400,White,64+,Has_no_Child(ren),Married
6308051,Male,20000,White,25-44,Has_no_Child(ren),Married
6311140,Female,56600,White,25-44,Has_no_Child(ren),Married
6318793,Male,35400,Black,45-64,Has_Child(ren),Not_Married
6319880,Male,20000,White,25-44,Has_no_Child(ren),Married
6320374,Female,64800,White,64+,Has_Child(ren),Married
6320713,Male,52000,White,45-64,Has_no_Child(ren),Married
6321814,Female,103600,White,45-64,Has_Child(ren),Not_Married
6322847,Female,85000,White,25-44,Has_no_Child(ren),Married
6324554,Male,70000,White,45-64,Has_no_Child(ren),Married
6324910,Female,103900,White,25-44,Has_no_Child(ren),Married
6326937,Female,54600,Asian,25-44,Has_no_Child(ren),Married
6332088,Male,107100,White,45-64,Has_Child(ren),Not_Married
6334938,Male,38500,White,25-44,Has_Child(ren),Married
6335790,Male,91700,White,45-64,Has_Child(ren),Not_Married
6336464,Female,49000,White,64+,Has_no_Child(ren),Married
6336620,Male,66800,White,45-64,Has_Child(ren),Not_Married
6341187,Female,62000,Asian,64+,Has_no_Child(ren),Married
6343333,Male,20000,White,45-64,Has_no_Child(ren),Married
6343621,Male,85200,White,25-44,Has_Child(ren),Not_Married
6343751,Male,88200,White,25-44,Has_no_Child(ren),Married
6345600,Male,61700,Black,25-44,Has_Child(ren),Not_Married
6346451,Female,43000,Asian,45-64,Has_no_Child(ren),Not_Married
6347052,Female,55800,White,45-64,Has_no_Child(ren),Not_Married
6347734,Male,57500,White,45-64,Has_no_Child(ren),Married
6350727,Female,74800,White,64+,Has_Child(ren),Married
6352119,Male,42900,White,64+,Has_no_Child(ren),Not_Married
6352677,Female,88400,White,25-44,Has_no_Child(ren),Married
6353435,Female,60200,White,25-44,Has_Child(ren),Married
6355376,Female,72400,White,45-64,Has_no_Child(ren),Married
6355643,Male,81900,White,64+,Has_no_Child(ren),Married
6356190,Female,71800,Other,45-64,Has_no_Child(ren),Married
6357606,Female,39200,White,64+,Has_Child(ren),Not_Married
6363590,Male,84200,White,25-44,Has_Child(ren),Married
6365584,Male,20000,Asian,45-64,Has_Child(ren),Married
6370050,Female,88800,Other,25-44,Has_no_Child(ren),Not_Married
6370930,Male,49600,Two_or_More,45-64,Has_no_Child(ren),Married
6375164,Male,74000,Black,25-44,Has_no_Child(ren),Not_Married
6375521,Male,73100,White,45-64,Has_Child(ren),Married
6376710,Female,76500,White,45-64,Has_Child(ren),Married
6377872,Male,59200,White,45-64,Has_Child(ren),Not_Married
6379421,Male,91800,White,45-64,Has_no_Child(ren),Married
6380977,Male,73100,White,45-64,Has_no_Child(ren),Not_Married
6381229,Male,74600,White,45-64,Has_no_Child(ren),Married
6382915,Female,60200,White,45-64,Has_Child(ren),Not_Married
6384003,Female,48400,Asian,25-44,Has_no_Child(ren),Married
6387969,Female,61200,White,64+,Has_Child(ren),Married
6389015,Male,93800,White,45-64,Has_Child(ren),Married
6389445,Male,63700,Asian,64+,Has_Child(ren),Married
6390511,Female,56200,White,25-44,Has_no_Child(ren),Married
6394574,Male,104100,White,64+,Has_no_Child(ren),Married
6396862,Male,63800,Black,25-44,Has_no_Child(ren),Married
6401356,Male,20000,Black,45-64,Has_no_Child(ren),Not_Married
6402765,Male,46300,White,64+,Has_no_Child(ren),Married
6403604,Male,57600,White,45-64,Has_no_Child(ren),Married
6404195,Male,73600,White,25-44,Has_no_Child(ren),Married
6405765,Female,48700,White,25-44,Has_no_Child(ren),Not_Married
6406438,Male,61200,Black,15-24,Has_no_Child(ren),Married
6409109,Male,77200,White,45-64,Has_Child(ren),Not_Married
6409192,Female,49900,White,64+,Has_no_Child(ren),Married
6409773,Female,20000,White,25-44,Has_Child(ren),Married
6410045,Male,51900,Asian,45-64,Has_no_Child(ren),Married
6411555,Male,81200,White,25-44,Has_no_Child(ren),Not_Married
6414264,Female,69600,White,45-64,Has_no_Child(ren),Married
6415310,Female,64900,White,64+,Has_no_Child(ren),Married
6416226,Female,57300,White,25-44,Has_Child(ren),Not_Married
6419018,Male,79500,Asian,64+,Has_no_Child(ren),Married
6423157,Male,48800,White,25-44,Has_no_Child(ren),Married
6429799,Male,59500,Asian,25-44,Has_Child(ren),Not_Married
6431772,Male,71000,White,45-64,Has_Child(ren),Married
6432190,Female,51100,White,25-44,Has_Child(ren),Married
6432378,Female,49900,White,25-44,Has_Child(ren),Married
6434508,Male,61200,Other,25-44,Has_no_Child(ren),Not_Married
6436107,Female,89800,White,45-64,Has_Child(ren),Not_Married
6439307,Male,95700,White,25-44,Has_Child(ren),Married
6440036,Female,50500,White,64+,Has_Child(ren),Married
6442224,Female,34200,White,45-64,Has_no_Child(ren),Married
6442680,Female,99900,White,25-44,Has_Child(ren),Married
6444191,Female,93800,White,45-64,Has_no_Child(ren),Married
6445003,Male,72400,White,25-44,Has_no_Child(ren),Married
6446416,Male,81200,Asian,45-64,Has_no_Child(ren),Married
6448701,Male,59700,Black,25-44,Has_no_Child(ren),Married
6450503,Female,100600,White,25-44,Has_no_Child(ren),Married
6450877,Male,71600,White,64+,Has_Child(ren),Not_Married
6456765,Female,104800,White,64+,Has_no_Child(ren),Married
6457141,Male,67200,White,25-44,Has_no_Child(ren),Married
6459996,Female,69300,White,25-44,Has_no_Child(ren),Not_Married
6461619,Female,62800,Black,25-44,Has_Child(ren),Not_Married
6462353,Female,89100,Other,15-24,Has_Child(ren),Married
6462992,Male,95500,Asian,45-64,Has_no_Child(ren),Married
6463199,Female,63900,White,25-44,Has_no_Child(ren),Married
6463676,Female,67400,White,45-64,Has_Child(ren),Married
6464065,Female,76600,White,45-64,Has_no_Child(ren),Not_Married
6468161,Male,72300,White,25-44,Has_no_Child(ren),Married
6468165,Female,51000,Black,45-64,Has_Child(ren),Not_Married
6469478,Female,52900,White,45-64,Has_no_Child(ren),Married
6471330,Male,56600,White,64+,Has_no_Child(ren),Not_Married
6473161,Female,54800,White,25-44,Has_Child(ren),Married
6473281,Male,20000,White,64+,Has_no_Child(ren),Married
6473329,Female,100800,White,25-44,Has_Child(ren),Not_Married
6476499,Male,93900,Asian,64+,Has_no_Child(ren),Married
6486296,Male,59900,White,25-44,Has_no_Child(ren),Married
6492339,Male,89300,White,45-64,Has_no_Child(ren),Married
6494381,Female,95400,White,45-64,Has_no_Child(ren),Married
6495643,Female,65500,White,45-64,Has_Child(ren),Not_Married
6497565,Female,45600,White,45-64,Has_Child(ren),Married
6498060,Female,77100,White,25-44,Has_Child(ren),Married
6498783,Female,55700,White,64+,Has_Child(ren),Married
