Customer_ID,First_Name,Last_Name,Customer_Address,Customer_City,Customer_State,Customer_Zip,Customer_Phone_Number,2690,6436,3143,8003,9650,738,5449,3219,2236,3123,2785,3482,2454,6919,1010,8013,8752,9873,1678,9697,6127,9,6419,3925,8143,5581,3802,9059,1855,4708,4043,3157,2923,9867,8797,3257,3416,6979,4602,285,5601,7072,West,3426,2820,8392,9528,4016,2055,3484,6384,2172,7004,1970,5274,8798,4401,5086,9324,178,West,2984,4465,4813,9846,7220,1549,4060,9432,2798,7160,7472,8757,8741,Hyde,9104,6501,6554,5694,2726,5695,6525,West,9778,670,8110,3392,1972,442,6218,7108,4726,West,208,6535,7509,598,5117,5278,Jamaica,2520,Jamaica,9680,8450,484,5262,6984,8030,6745,1837,6707,9222,8737,2671,8121,7173,8535,3167,9028,9993,4169,7499,6857,787,8956,6405,2655,7463,1179,5529,3600,3102,8509,4705,8935,8639,6798,6140,7680,4193,2126,8602,8369,5055,4416,8008,9360,5840,1048,5170,668,8191,3773,South,9261,9445,9474,3494,5469,8517,8382,9386,984,8798,1451,4275,9242,7350,5370,5500,384,2025,4731,286,1731,3095,1455,3424,1258,591,8067,2704,8819,3050,West,6184,7276,2431,2898,6465,4809,546,9768,5893,9298,1061,197,7527,1310,3200,5791,3579,Newton,7991,6729,1719,1837,1394,4590,861,1420,9327,3376,6680,9281,2010,7970,892,363,2063,7713,8235,7440,9938,2440,5329,5255,1525,9937,1811,7054,1631,4204,5730,4710,4012,1444,7408,2392,9396,180,1723,3425,8048,2352,6498,9399,3855,5313,782,800,5844,4325,9723,5703,822,3218,9927,3703,7622,7654,Feeding,704,1863,5918,8774,9774,Dorchester,8293,8323,9519,7505,9001,9670,West,829,155,167,130,289,1566,1073,1224,7349,442,6525,4789,3451,5004,6919,1278,6771,8065,6995,7891,5306,3816,9961,5375,4152,218,7747,1637,9120,4020,5748,New,354,2333,3871,5226,7996,4572,North,5951,9544,9517,4465,7851,2227,5013,2082,9952,5451,2447,3596,6615,5742,5536,6735,8498,2677,5625,5079,5670,2237,4813,Newton,1665,2699,1514,9835,555,4190,Roxbury,2579,9913,7426,4232,6529,5548,8678,8840,5995,3094,6806,1160,1995,5025,5073,9056,4056,5507,7523,8081,9123,2358,9621,8960,5645,2016,8150,7243,4894,5206,4301,West,5011,7869,5857,West,8209,7233,3903,8,1311,West,5183,6608,3143,1145,527,4473,5938,7617,5353,Hyde,3822,1144,861,6089,4522,6821,8390,5324,East,7866,3064,8996,9559,6491,9554,8039,2058,2825,6809,5444,9540,8205,3553,216,7995,2983,3591,8347,4905,9258,2549,5682,West,6024,6539,374,7257,5316,4140,2966,5066,9540,5145,5350,3827,9957,5004,6002,3422,5544,8992,5777,384,4997,565,1081,3796,Oak,362,4885,7696,7543,1833,8780,7696,9708,529,7386,684,3639,50,8602,5434,8001,2834,2827,2730,2768,6500,2853,18,3124,7802,6124,2752,6074,5556,528,2789,5581,257,4601,223,4113,6637,3579,4539,6014,3701,8006,8728,1152,1753,2844,4096,2712,5103,5701,2690,6147,3572,3656,6707,6705,4558,5564,9857,5351,Dorchester,8356,8316,1260,786,Hyde,687,1161,1707,7499,1115,4270,3404,45,3697,5057,408,5720,3680,9369,5657,9321,6493,5674,4935,378,3969,8361,2964,7817,3804,2825,8536,8284,5831,1128,2669,86,6174,6583,5697,2160,7481,4003,762,9186,9104,8942,6455,4046,2100,7552,Cherry,8220,1861,8346,1963,137,6926,8827,5937,6887,339,6808,3297,252,West,973,Dorchester,3639,3334,9236,4771,West,7893,9548,2746,5134,1102,4542,974,6418,Jamaica,7269,4936,8174,5813,4997,6274,3885,Dorchester,7753,7562,5985,9478,4650,3776,6912,9338,1387,8019,1251,Dorchester,3319,5530,4260,2141,Dorchester,2956,3865,Newton,944,6634,5635,4072,2908,730,6004,Hyde,491,803,2501,3546,7350,2108,8837,130,9096,9750,8185,4261,6090,6728,7309,Buzzards,7316,Feeding,4587,6481,7172,3730,2413,9514,896,2371,4585,4837,8355,9587,3390,6436,Indian,5613,3364,8177,5410,8100,991,7903,438,4081,1779,1391,9248,9770,1440,2976,7580,2047,4248,5588,6997,1669,4153,9695,1745,5796,8138,6104,North,1832,102,7577,8408,3578,7317,5585,6692,West,8971,1961,2258,5731,9072,3685,3974,1100,4468,9376,4729,175,8684,4990,5531,3798,1733,9712,Dorchester,1434,5257,2048,6516,5723,9207,8780,3971,3811,5019,Newton,9789,North,1691,4213,6034,8042,West,6810,5762,6810,9689,5476,22,5630,8852,8197,8075,4202,6548,2341,6916,2522,6467,6216,430,833,9355,850,9449,9894,2510,4766,4571,2434,East,3493,7158,215,9160,3973,Dorchester,958,349,6970,6429,9698,8115,2942,4137,5554,7358,4228,7929,7937,5757,8152,6866,3951,1490,5100,9510,9932,4865,5606,West,1411,3093,North,4808,7446,1801,New,2054,6392,3545,7319,6425,5792,2998,9715,7293,2890,6073,6839,6798,8705,9161,6433,4147,8899,4585,1976,3901,5275,2092,9469,3134,2341,Fall,7247,7660,202,2547,9754,5827,9193,5564,4487,6288,3231,3549,9433,4934,8300,2786,8194,4973,9132,7115,9881,4674,639,2565,4238,4820,5787,3800,6533,5163,Jamaica,651,6776,16,6034,395,6439,North,4175,980,3883,4097,3841,8694,6538,Cherry,1472,488,9568,6249,East,6984,8362,Feeding,6732,2164,4967,3708,3324,6182,3979,5293,3642,3470,1629,3998,327,2927,8160,8796,2532,9849,2085,233,5654,684,5370,9201,6179,1774,5445,5896,4278,8604,8996,8436,731,Hyde,6131,7092,West,7754,1438,3647,8219,622,1424,6858,8523,2546,4916,3054,5544,8526,1298,7543,7181,547,2180,4022,West,1692,6307,721,4551,8060,3952,912,1036,5681,2503,7856,4704,9482,6837,8711,3878,3221,3938,5180,2448,9390,7033,1211,1150,727,8356,2343,9903,7317,3525,4157,6288,7745,2756,4406,107,556,639,1804,2959,4301,731,5393,East,6086,3154,2236,8222,3049,North,5766,1490,926,6077,8188,7524,6982,9707,6035,7046,925,5473,8382,1577,236,2254,524,3661,7462,8745,9426,4839,3937,4980,5016,6924,Hyde,8274,North,4767,9816,8763,1611,5607,7385,5084,5855,3627,4530,315,2523,Jamaica,253,2098,5570,4903,5831,7235,North,5731,2787,2736,West,6365,8339,2226,8917,1426,8185,6885,3207,7771,8571,6617,808,2885,8104,3629,7857,39,8647,West,528,3503,7627,9257,5899,8551,1323,2982,3802,5359,9742,6330,7949,1673,8579,West,7042,516,5331,7783,8755,3476,3637,1359,4620,6867,North,3611,7771,9548,1834,1040,2,3586,6503,8382,7630,7438,9560,7438,6680,4125,5195,1427,9904,3234,5660,8464,9675,5523,8937,678,1264,7884,West,4135,1816,East,4979,2105,7461,61,1424,8835,1409,West,2765,7584,9715,8862,8406,4529,5043,1448,8747,West,1645,3523,1372,8741,7749,3791,West,8466,8896,5102,9217,4259,9788,2677,8415,8150,7155,491,5703,4094,8944,9013,1967,Feeding,6087,8242,3324,9647,3586,182,6688,2779,1404,5953,6456,3494,West,5881,4554,6385,8960,6397,9829,9287,9502,4087,150,Dorchester,2826,1881,8144,333,5947,Jamaica,915,6666,6997,Dorchester,7745,89,3235,1629,1421,1807,3534,9112,5754,5972,3380,6090,1182,8804,5056,8373,6279,3434,4971,1416,6546,7264,3719,8756,1258,2429,3455,4389,2431,767,9279,3453,8946,1482,3130,5416,3102,Hyde,7555,4361,7532,2687,7607,5520,8708,3683,2970,4111,6089,4740,9618,7525,Dorchester,2448,3256,4492,5292,6955,6176,4340,1360,Dorchester,3608,5488,2001,6597,378,8204,8953,4026,8700,8876,3740,Buzzards,5811,5032,6220,310,2355,1128,7987,5178,6197,277,8985,9774,450,7162,6568,4364,5612,423,6363,6593,5241,1574,304,9160,2699,5380,723,1598,7813,Jamaica,9041,5899,East,125,3451,8871,5580,6050,8178,3644,3760,447,Indian,9150,6461,1512,7932,5148,5581,3863,2003,2258,7084,510,1853,2265,5552,3798,5133,7861,7267,5097,3316,664,235,4658,3861,8382,4439,2978,1334,7115,4751,7355,9503,3487,3014,North,2602,South,4360,4985,5126,1960,363,9890,7737,565,West,7699,2440,9480,4418,8671,3027,584,9037,3594,6402,9863,2525,2920,7436,9857,6279,3008,2583,2601,438,1047,West,7938,3882,6307,14,1669,1861,Dorchester,3131,Newton,2839,6652,5306,2032,6358,5548,4401,1829,514,8960,3183,1827,8504,1806,1912,4612,4068,2425,975,5913,8382,8002,6746,6205,535,South,1494,7062,3118,1910,4329,592,North,6294,4705,849,2162,8788,6605,172,9917,4201,2999,7783,8277,2641,5012,4061,655,West,6056,9173,5283,5624,4571,1662,Jamaica,2631,1782,5196,4944,9189,9773,8602,8662,5912,7817,4130,934,6620,8045,3472,North,6863,5978,4040,164,West,9595,2602,7631,1489,2926,4039,498,2502,354,3313,3589,9253,1235,8783,5992,628,7871,707,5435,4309,3053,West,5753,4366,8829,2254,5101,4005,3040,852,5192,6057,2400,602,7123,5771,4650,7198,South,9517,3097,1018,1919,West,7668,4006,4641,257,2675,2506,1152,8121,9535,9817,8979,7936,1430,7871,8239,5358,5118,5758,7991,9209,4554,3268,8366,7662,7367,9575,6015,North,5317,3732,9845,8801,8643,7446,4808,2091,1021,5866,6730,3456,4135,8553,9943,7637,8919,9912,3108,8587,4540,5262,9944,754,8689,1935,392,8983,Fall,9582,1548,South,305,5928,3609,4158,9006,1156,1251,1758,7852,3509,North,7546,3192,North,9847,9979,West,8552,2447,7534,5876,6889,5129,6829,9967,3127,9856,1957,Wellesley,2170,East,1697,West,9948,3036,3636,6403,6901,906,9591,785,North,2671,6394,9636,8011,Jamaica,6244,668,981,5404,7029,6116,5359,5344,West,4648,1770,6474,6612,2831,9370,4717,5261,558,7355,9586,9514,2720,7270,4836,3747,5276,92,8701,614,3950,1647,8744,462,5051,7873,9677,6988,4392,3272,8561,6415,1461,3769,5621,8501,9120,6146,1245,484,2705,259,9428,4470,8365,4114,7693,9689,2345,596,1829,4956,2428,5126,9183,4284,132,7102,Fall,2053,4916,341,9798,7673,3801,8913,2763,5801,178,8419,8232,8093,7178,2955,3747,872,3760,8320,8821,9835,7485,6513,5339,6645,2689,5212,4350,7606,9946,3325,2742,4968,4760,8303,6748,8359,170,636,3839,4751,7973,6191,2317,2454,3491,2571,Jamaica,6489,4511,4281,2961,5941,2635,400,4807,West,4025,9585,South,3645,2452,1587,2376,1686,7196,1005,7302,3265,6340,8910,5503,4452,7444,6699,1233,660,3724,1669,4627,Dorchester,4792,3914,8073,9324,7580,6118,2826,6954,8023,5949,8259,1689,6991,5860,2489,3349,5006,6678,210,1317,4872,5001,4945,6399,West,5326,5914,4225,2297,92,9564,9167,1860,7967,5899,7126,4418,3118,1954,5177,8803,9090,9777,9804,705,1094,3048,2059,8331,837,7174,5972,796,9570,8858,7988,1924,2499,2502,2923,3342,217,1897,5200,8683,4195,206,4463,3951,5879,1205,515,6620,6751,6943,3035,9655,6457,3500,3620,West,6529,1140,8704,4675,2372,5359,8437,1877,5262,Jamaica,6389,8741,778,8848,8601,4533,7939,4180,7991,9112,4245,3645,4210,3206,4051,6,4355,4617,3266,4828,6064,8484,862,1859,2943,397,4721,5919,6983,2336,3045,West,644,3777,8031,440,1963,Dorchester,2744,1697,4741,Chestnut,1078,111,Jamaica,5573,3170,186,2999,9467,3895,8218,South,2052,West,757,8153,3665,5382,913,5170,7647,7047,Feeding,8048,6815,4898,6788,1066,4978,9092,1925,6008,6195,North,6993,8590,8273,5133,8891,9401,9385,1322,721,891,6312,652,4021,4288,9806,9857,906,6857,717,5,8370,8068,2484,1772,1330,3170,4849,9236,Roxbury,5568,767,7336,North,1409,8587,6066,396,4431,2707,8985,4665,4624,2431,4235,6970,7957,South,5952,158,7720,7850,5539,8731,7383,9760,7265,1711,Buzzards,2516,4846,6677,1282,9103,1667,684,8429,1398,7776,3606,9935,1729,3875,6357,7134,5153,567,6350,Jamaica,9424,7579,4059,4066,524,3971,2619,3211,8446,1290,9880,Hyde,4114,1557,6013,1450,2994,2953,692,2764,3510,3960,508,7887,5571,2867,2932,4948,5258,6261,4237,520,8004,1040,6303,7242,West,6764,3266,8349,7160,7960,West,4319,6458,894,9569,3400,2652,7283,West,4319,5617,West,8862,403,8784,7328,8117,7601,Newton,3355,4371,1981,1571,8745,North,7868,2638,5745,8955,1319,6360,1617,4173,7819,7265,Newton,2535,9182,9621,3065,2371,8963,6486,6459,6246,9740,4884,5873,1870,7250,Hyde,152,5363,East,3468,9486,1239,1859,Jamaica,678,1006,6711,556,6377,7503,957,1526,4153,Roxbury,1289,3089,6482,1119,7295,West,9940,9062,4421,1492,771,9855,6361,2733,5292,4039,9370,560,1345,9482,8024,3075,7073,South,1294,6250,5713,5553,6738,1631,3711,1675,8269,5457,1619,2458,348,7968,9996,1118,226,4585,4330,5621,2424,9342,Jamaica,3353,1404,7485,4146,6975,6557,2207,9065,3851,4323,1541,1815,5930,361,1838,2423,7525,4306,9121,8189,4326,3193,2069,8560,5337,2169,2761,3196,352,1641,1244,9642,2305,2163,5593,7084,3578,6897,8993,3708,1087,9333,873,1432,6862,9693,5709,8344,81,5393,6457,8825,6583,7305,3511,967,1875,7470,4170,7628,2611,6511,1224,2065,4531,1554,112,2634,2912,6198,3710,7477,1893,2421,North,2357,7446,1161,1342,West,424,West,3135,9927,6329,5584,7172,2598,823,4058,2546,3429,4114,7900,1955,2393,9160,1811,8904,6057,3910,9973,West,8185,3669,8130,8946,3164,7992,9828,3992,7823,6991,5155,3541,6401,503,5965,3622,911,3075,7906,3092,832,5464,Three,2830,4005,5447,4486,9260,4577,3235,9147,2,8976,7640,9405,1318,Dorchester,462,2967,West,7945,178,6061,5988,7709,5389,1452,North,949,Chestnut,4296,9856,1067,Jamaica,2195,9148,7126,South,1647,4210,Hyde,1575,2280,5923,8123,2982,6751,7763,7014,4308,2458,9492,6038,4084,8568,Oak,6359,8058,2238,7064,4062,5325,3822,5049,9102,3104,7880,3559,4392,1040,5700,1472,9297,7061,7969,9600,645,8669,3366,3607,West,4937,7014,5916,1245,8331,4946,2417,9693,9249,8409,1485,5203,4396,8650,6974,2350,7021,4158,726,133,6179,New,824,9042,4573,2233,390,9550,9520,285,8833,6608,3913,8636,3380,8439,8588,9938,3879,9491,Newton,8347,8182,Jamaica,4122,9102,3730,2785,2144,4707,3282,7790,West,2289,2009,9070,8877,9431,5480,Jamaica,8567,5603,5971,7288,3307,4431,5722,9894,18,1808,5048,3871,East,7846,8038,2364,7148,2742,4893,807,8464,3350,2468,9658,8746,4148,3667,894,9679,6560,5855,6552,9032,251,5203,5209,3099,2165,9451,8830,6859,6974,8955,1975,2132,3714,1870,1067,Roxbury,4900,6312,7203,7734,5275,4561,5056,7380,4016,6584,4390,8070,7042,1334,2201,2658,East,3908,3390,3458,7953,8816,8625,2248,1149,2697,7695,6010,3937,9517,6641,3314,4154,6036,4347,5219,2574,8782,1665,7527,1406,4026,8803,North,2428,7116,9424,1593,6171,2398,7420,8028,6373,933,8109,5021,761,5878,1258,1231,705,9120,7783,8510,3206,7541,North,5026,2022,6587,4613,3822,4843,7032,9314,New,5087,5113,3995,3719,Dorchester,4496,7492,7743,1402,8255,4544,8377,4109,3712,7245,7803,6340,8087,North,9191,2010,8828,4889,1975,7244,8373,West,157,8128,5424,Dorchester,6212,945,3675,4401,2847,8882,667,4085,3134,8154,7110,6349,1892,193,1550,8967,9045,8883,8146,882,6761,North,3409,9141,9461,112,4376,1162,745,513,4306,1902,339,4362,Hyde,1614,159,2028,3018,4257,1801,1068,9742,2195,9810,9613,1381,4509,6950,4186,7563,7828,4809,6975,745,558,4868,3311,7599,8608,248,4466,8711,8876,5657,8260,9681,3094,8787,9106,2677,6665,3247,4251,2365,9560,8188,590,4418,6420,9122,North,7204,741,8326,8701,2703,2514,9679,388,5856,South,3825,5024,4362,9019,9416,9382,Hyde,3223,9394,1598,East,7057,1161,8655,8774,6956,4571,6804,Jamaica,6524,4027,8955,8971,5325,3207,4856,8219,6172,7143,528,West,8883,7671,5164,1126,8598,2925,5706,7795,5413,9797,5799,366,5519,5671,1569,9654,3668,1855,5454,West,4381,9936,6157,8333,737,5097,6726,9905,9384,4627,3998,378,North,8415,313,1155,1828,9620,3706,1075,3112,333,5059,7522,42,9670,9350,584,1178,7336,1325,6416,5563,5889,2103,9714,1845,7169,8975,5156,4513,3691,3973,7018,1515,9536,2572,2561,4846,7075,9983,669,811,9117,5191,6035,78,4577,151,703,4770,5198,6845,6481,3936,9509,8602,342,8441,5404,825,8806,7605,4891,589,903,7224,8713,3414,7427,2226,1299,197,South,321,7953,3016,5239,9398,8264,Feeding,3316,8083,2848,5538,3935,7637,North,6446,7156,2242,4754,5865,West,5077,1194,2631,5293,5586,South,7865,7978,2478,4476,7174,2367,9661,1353,2629,Feeding,1847,544,1092,2694,3160,4697,8325,West,495,4925,8630,3839,1452,4573,8877,4123,377,9342,1511,2224,4401,5667,8888,165,6375,5829,6667,Indian,6400,9770,391,7320,6913,9864,8236,5061,4184,9178,6923,Jamaica,8179,9648,8047,3777,3438,9923,1353,1810,6270,5203,Jamaica,7205,2214,2259,8517,1448,2003,7011,4245,1087,8340,Cherry,1645,4724,4094,1748,4825,5587,8529,3311,9281,4531,6964,4311,3963,2709,3978,9941,8647,6579,2021,7353,7924,2142,8377,8635,7633,3986,6074,9338,7140,2079,5690,9240,8419,2102,2208,1606,3552,3489,8512,3648,1144,6669,9854,3213,9426,West,1728,5483,5060,1088,1758,9214,9788,4278,8668,6079,2874,7027,9842,9738,8472,5135,7783,2052,2435,1762,492,8803,4673,9987,4073,7784,2542,4943,5671,3653,7931,9339,9147,1172,7009,9554,4663,7843,East,5476,3561,4316,4241,9634,Indian,5879,2746,3633,3694,8211,4267,8569,3674,5925,5775,7221,5690,7640,2974,9053,7300,3464,9339,6990,3989,8155,3901,4903,8525,7243,4311,279,5411,Roxbury,2664,9257,9421,3237,7598,6664,8737,1021,972,6919,9817,7399,1707,2320,7467,5675,West,107,4800,7256,6907,7817,6284,9006,1679,805,1025,9674,6596,3872,8972,3875,9365,3392,648,9627,7905,5654,1506,889,4224,Dorchester,4066,5668,6094,9848,6880,8397,3671,3457,2211,4363,409,2116,9540,7922,1239,3376,7170,7228,9598,4807,8999,5275,6485,East,4102,8541,7603,8445,611,9065,South,7154,486,5396,3032,3532,3862,1423,8894,7102,555,2411,2377,1795,West,4079,1845,4829,9852,South,7115,8912,2064,2969,4713,Dorchester,6666,4722,North,6071,1341,6798,5326,8572,7538,3399,1641,1341,256,3831,5967,6958,Jamaica,6314,6471,4456,4918,6980,8082,4600,2617,7280,4725,9516,East,5812,6277,9024,7640,337,8657,2260,322,7398,6840,2902,4611,5194,1116,925,6145,9814,321,9389,3097,4316,North,8777,2154,696,8598,5293,8991,350,5333,2348,2949,8481,7203,3599,4721,7147,7561,8221,6179,West,7602,2988,6075,8477,Dorchester,7907,2656,6053,8444,618,4482,633,4912,4156,2357,5056,1467,6646,5978,3981,1704,4833,1777,3335,2481,5120,9269,7052,6100,6533,1420,1003,3931,1246,Jamaica,3503,3213,4378,West,9655,338,6660,3645,9214,West,6911,935,511,2393,800,2850,4496,4410,1867,3234,528,5152,5101,4957,3440,8483,894,7204,271,5472,3948,1744,152,6853,9598,Newton,1922,5546,3422,1463,3122,7594,891,1071,9035,1933,2186,7052,5574,576,9019,4221,2018,6725,3602,West,6579,4845,7971,1164,1242,3822,Dorchester,4545,2241,9283,1707,695,7800,7447,8840,5685,7582,3321,344,6934,5261,7167,7187,4492,4462,3310,8263,9641,1833,5090,2056,75,5060,2467,126,West,1548,5701,Dorchester,2251,3076,555,8582,651,96,1759,6171,1455,3997,5741,Feeding,2394,6137,8249,7748,West,2604,5433,8082,436,5913,6915,8447,4362,7881,North,2689,461,1439,5648,2999,3846,West,9609,9842,3551,4240,7655,160,4171,Dorchester,8495,6467,1402,8331,1986,5057,9352,6388,2079,8082,2008,3661,West,4245,4169,9581,9351,8190,4251,8477,7259,3296,4986,9716,North,38,9658,2833,604,6580,7958,3706,9815,6911,4925,6629,3368,7809,8170,469,9711,5407,West,5439,207,1706,7108,4339,1909,West,5908,6720,6528,6477,9247,3712,9179,42,9121,5029,4556,684,5606,8210,2150,Dorchester,3676,2045,731,3974,6785,2303,6572,6707,2639,9540,9282,69,1720,Jamaica,7688,3206,9457,5560,4510,4751,3948,Newton,5026,4870,5290,6709,745,North,2753,3498,North,4368,Cherry,4003,5050,3816,9524,6738,9996,7365,9275,5552,3916,590,5883,Dorchester,4530,8550,5894,7219,9373,8143,4294,3995,5566,6489,2479,8992,488,4703,2779,8587,1836,9909,2882,4751,422,6271,9134,East,1605,5854,3384,2862,5576,7130,5131,3362,7648,9908,9356,7687,3401,7221,2259,6413,1204,3946,2149,8841,1153,2015,9035,1521,West,8390,1786,8687,1686,108,9564,1017,1986,120,5239,9494,723,9497,1624,8607,4380,6507,687,3844,8296,9024,1184,5404,5437,West,5129,7272,9684,8967,2317,2392,9953,9076,3960,Jamaica,2733,6646,9362,7794,1892,5659,2890,8892,9281,6910,8982,8542,9747,1485,7683,9516,8912,4273,3916,North,807,6720,6139,5389,3780,183,4049,7652,5968,1412,1796,5025,West,898,7740,4870,8090,6443,8154,601,156,1438,5034,4556,34,9765,2115,1063,2809,4450,7870,2311,7807,9624,5341,2362,9080,5612,Jamaica,7254,9274,8562,4966,2280,8278,9134,5707,8811,1672,7351,5977,4885,8801,753,4104,4689,West,8863,9938,8082,234,1449,1436,5956,9582,9595,8796,7192,3820,1739,7310,9594,5475,455,South,1033,7294,4677,885,9078,6494,7875,6547,3573,4305,West,3112,West,4041,6565,6398,5511,8878,9310,8831,4230,4288,6895,2397,7948,2909,3444,2669,6440,9920,9699,9404,7307,2739,4171,2776,Dorchester,4257,2077,2610,9763,9480,3142,8610,6438,7335,122,3470,329,8821,710,2738,6557,Hyde,3028,7949,1703,West,5046,5842,6354,1564,6657,6991,3108,1439,1569,1455,7575,5606,7723,8299,Dorchester,8282,9004,4484,6879,3225,8676,8768,2193,9907,4536,3864,7307,4444,2207,9725,6245,9706,7457,1426,3250,7651,9112,3353,7535,3541,5049,2938,7735,3301,315,6036,473,782,9311,3522,4312,769,1434,2337,North,1898,2949,5840,1168,1610,6533,5152,3912,5799,1874,3878,8203,3717,212
7366,Jody,Meyers,2690 EVANS AVE,Lowell,MA,1854,(578) 555-8497
11947,Landon,Fowler,6436 CUTLER AVE,Tewksbury,MA,1876,(850) 555-9094
12872,Stephen,Bridges,3143 LIGGETT AVE,Watertown,MA,2472,(765) 555-6994
14392,Perry,Hudson,8003 BANNOCK ST,Haverhill,MA,1832,(662) 555-4538
16347,Kitty,Hurst,9650 FUNSTON AVE,Framingham,MA,1702,(261) 555-9741
16953,Audra,Washington,738 HOLLOWAY AVE,Dalton,MA,1226,(516) 555-4888
18274,Millicent,Carey,5449 YOUNG ST,Worcester,MA,1610,(197) 555-4335
19889,Gus,Burks,3219 SIGNAL RD,Cambridge,MA,2141,(148) 555-5865
22430,Raymon,Briggs,2236 KORET WAY,Boston,MA,2111,(524) 555-2022
24090,Sherwood,Avila,3123 BEACHMONT DR,Westfield,MA,1085,(504) 555-3191
31246,Deidra,Richardson,2785 VERNON ST,Lowell,MA,1850,(448) 555-7704
31546,Devon,Chen,3482 BATTERY CAULFIELD RD,Wakefield,MA,1880,(811) 555-9768
33169,Lyndon,Law,2454 SILVER AVE,Boston,MA,2127,(662) 555-4691
33904,Danial,Perez,6919 LANSDALE AVE,Boston,MA,2127,(627) 555-1040
44351,Cheri,Morales,1010 SUSSEX ST,Worcester,MA,1602,(744) 555-5400
45025,Lauri,Schwartz,8013 AMETHYST WAY,Brighton,MA,2135,(880) 555-8957
46167,Briana,Britton,8752 ILLINOIS ST,Wayland,MA,1778,(304) 555-4152
46849,Patrice,Mooney,9873 SPRUCE ST,Salisbury,MA,1952,(665) 555-4570
47504,Ora,Potter,1678 GRATTAN ST,Boston,MA,2215,(906) 555-6084
47525,Eva,Mcpherson,9697 SHOUP AVE,Dracut,MA,1826,(266) 555-4143
53810,Kayla,Garcia,6127 PRETOR WAY,Arlington,MA,2474,(806) 555-7025
57274,Reuben,Ferguson,9 BATTERY SAFFORD RD,Dorchester,MA,2122,(293) 555-2600
57859,Haywood,Gallegos,6419 ILLINOIS ST,Somerville,MA,2144,(764) 555-6065
62338,Sidney,Beach,3925 SYLVAN DR,Boston,MA,2118,(149) 555-9779
63433,Yvonne,Mcdaniel,8143 FELTON ST,Revere,MA,2151,(189) 555-4077
63627,Malinda,Giles,5581 PORTOLA DR,Quincy,MA,2169,(661) 555-6547
63832,Joanna,Clements,3802 AMHERST ST,Worcester,MA,1609,(621) 555-5411
65497,Riley,Nielsen,9059 TOLEDO WAY,Whitinsville,MA,1588,(910) 555-1024
65701,Fred,Bunch,1855 GIBSON RD,Agawam,MA,1001,(457) 555-2516
66291,Rod,Doyle,4708 ARELLANO AVE,Dorchester,MA,2125,(447) 555-3840
67801,Susanna,Lang,4043 DIGBY ST,Swampscott,MA,1907,(923) 555-8642
69105,Antoine,Robertson,3157 LUNDEEN ST,Boston,MA,2199,(370) 555-9723
69753,Natalia,Kidd,2923 COLERIDGE ST,Arlington,MA,2474,(618) 555-8736
69885,Edward,Neal,9867 FUNSTON AVE,Quincy,MA,2169,(129) 555-4388
70021,Adrienne,Lane,8797 EMERALD COVE WAY,Chelsea,MA,2150,(227) 555-5543
70103,April,Odonnell,3257 BOCANA ST,Revere,MA,2151,(961) 555-3529
70117,Griselda,Fields,3416 DELANO AVE,Leominster,MA,1453,(957) 555-6393
70791,Adrian,Witt,6979 TREAT AVE,Cambridge,MA,2138,(596) 555-7693
71580,Adelina,Akers,4602 PARK ST,Haverhill,MA,1830,(261) 555-3023
71852,Cristobal,Simpson,285 SEVILLE ST,Boston,MA,2128,(302) 555-3781
72183,Matt,Dudley,5601 ELLERT ST,Malden,MA,2148,(910) 555-6869
73654,Nickolas,Dean,7072 PLUM ST,West Newton,MA,2465,(996) 555-1609
74449,Mary,Newman,3426 MOUNT VERNON AVE,Cambridge,MA,2139,(334) 555-6102
75212,Dalton,Dalton,2820 CLOVER ST,Belchertown,MA,1007,(824) 555-2157
76815,Hester,Christensen,8392 FRIEDELL ST,Cambridge,MA,2139,(491) 555-6665
78237,Graig,Clayton,9528 SOUTH VAN NESS AVE,Peabody,MA,1960,(632) 555-2541
83824,Darla,Floyd,4016 GLADSTONE DR,Billerica,MA,1821,(520) 555-1810
86668,Tracey,Nance,2055 PORTOLA DR,Salisbury,MA,1952,(240) 555-5758
88290,Darius,Boyce,3484 CONCORD ST,Cambridge,MA,2138,(481) 555-6036
90639,Abdul,Blair,6384 LYELL ST,Watertown,MA,2472,(299) 555-5842
90861,Rhett,Estrada,2172 ELDRIDGE ST,Springfield,MA,1129,(609) 555-3518
91436,Ilene,Jenkins,7004 ELMIRA ST,Boston,MA,2127,(596) 555-6837
95477,Terrance,Mccoy,1970 SAN ALESO AVE,Framingham,MA,1701,(773) 555-7943
96036,Bonnie,Stanley,5274 STONEYBROOK AVE,Auburn,MA,1501,(761) 555-1893
97987,Mayme,Berg,8798 BLYTHDALE AVE,Everett,MA,2149,(587) 555-6663
100226,Ralph,Mcneil,4401 SAINT CROIX DR,Malden,MA,2148,(789) 555-3112
106348,Lorri,Reilly,5086 LAPU-LAPU ST,Roslindale,MA,2131,(184) 555-4247
109472,Freeman,Field,9324 ELLIOT ST,Newburyport,MA,1950,(553) 555-4715
111422,Belle,Carter,178 HARDIE AVE,West Brookfield,MA,1585,(325) 555-5268
112864,Colin,Riggs,2984 BROWN ST,Brookline,MA,2446,(727) 555-9422
114813,Mai,Cruz,4465 NELLIE ST,Taunton,MA,2780,(426) 555-1034
115383,Mari,Willis,4813 BRANNAN ST,Pittsfield,MA,1201,(101) 555-1165
120895,Frank,Vazquez,9846 ACACIA ST,Stoneham,MA,2180,(945) 555-8177
122416,Jimmie,Delaney,7220 VENUS ST,Southborough,MA,1772,(488) 555-3248
123501,Ashley,Kirk,1549 WINDING WAY,Framingham,MA,1701,(549) 555-7113
123610,Sara,Perry,4060 RIVERTON DR,Maynard,MA,1754,(148) 555-1058
128550,Lucretia,Wilcox,9432 ROBINSON DR,Cambridge,MA,2140,(806) 555-8612
128938,Alecia,Kinney,2798 EL PLAZUELA WAY,Holden,MA,1520,(735) 555-2876
132121,Krystle,Montgomery,7160 WELSH ST,Malden,MA,2148,(444) 555-4810
135635,Hank,Orozco,7472 SAN ANSELMO AVE,Boston,MA,2116,(785) 555-6328
135814,Clifton,Sargent,8757 JULIUS ST,Lowell,MA,1852,(654) 555-7693
139954,Bridgette,Watkins,8741 ELLSWORTH ST,Hyde Park,MA,2136,(330) 555-9676
141088,Joan,Huffman,9104 ARNOLD AVE,Shrewsbury,MA,1545,(413) 555-8732
142494,Alvin,Burton,6501 AUBURN ST,Malden,MA,2148,(757) 555-9740
147183,Latoya,Holt,6554 POINT LOBOS AVE,Agawam,MA,1001,(540) 555-5475
147528,Ahmad,French,5694 HAYWARD ST,Boston,MA,2109,(973) 555-2190
149826,Aida,Griffith,2726 BERRY ST,Cambridge,MA,2140,(430) 555-5679
149949,Charley,Zimmerman,5695 NAHUA AVE,Lowell,MA,1851,(701) 555-2358
152911,Von,Velasquez,6525 TOUCHARD ST,West Springfield,MA,1089,(145) 555-7523
156952,Lila,Pierson,9778 ALTON AVE,Northborough,MA,1532,(923) 555-3000
160178,Migdalia,Branch,670 MONETA WAY,Westfield,MA,1085,(122) 555-2217
160791,Sal,Adkins,8110 LIVINGSTON ST,Pittsfield,MA,1201,(868) 555-8826
160841,Dale,Padilla,3392 SHAKESPEARE ST,Winthrop,MA,2152,(786) 555-4631
164576,Drew,Mcintyre,1972 BOYLSTON ST,Boston,MA,2215,(616) 555-8742
167634,Salvador,Bradshaw,442 CABRILLO ST,Ashland,MA,1721,(348) 555-6605
169490,Mark,Kaufman,6218 RIVERTON DR,Westford,MA,1886,(154) 555-7875
172553,Tyron,Butler,7108 MADRONE AVE,Amesbury,MA,1913,(590) 555-5542
172829,Margery,Arroyo,4726 BRODERICK ST,West Springfield,MA,1089,(771) 555-3370
173636,Ericka,Salinas,208 PENNINGTON ST,Springfield,MA,1109,(596) 555-5739
176623,Cecelia,Hutchinson,6535 GETZ ST,Norwood,MA,2062,(487) 555-5755
178685,Grant,Cunningham,7509 WHITE ST,Boston,MA,2215,(219) 555-9726
178765,Brigitte,Downing,598 CRISP RD,Malden,MA,2148,(110) 555-8213
180305,Garland,Mack,5117 KEYES AVE,Bellingham,MA,2019,(198) 555-8497
180504,Ernie,Holman,5278 MESA AVE,Jamaica Plain,MA,2130,(286) 555-9489
181809,Burl,Bush,2520 BELGRAVE AVE,Jamaica Plain,MA,2130,(516) 555-8069
182669,Lavonne,Gates,9680 MURRAY ST,Worcester,MA,1609,(934) 555-4808
183584,Clint,Caldwell,8450 BERNARD ST,Lawrence,MA,1843,(767) 555-2153
190629,Renee,Armstrong,484 WHIPPLE AVE,Dracut,MA,1826,(709) 555-2324
191145,Carey,Sloan,5262 KATE ST,Wakefield,MA,1880,(347) 555-2171
191444,Mabel,Shelton,6984 SAN JACINTO WAY,Peabody,MA,1960,(744) 555-2654
192539,Naomi,Larson,8030 BERNICE RODGERS WAY,Cambridge,MA,2141,(776) 555-7629
193339,Delmar,Dorsey,6745 MERCEDES WAY,Allston,MA,2134,(713) 555-1316
196427,Dionne,Perkins,1837 LYDIA AVE,Chicopee,MA,1013,(727) 555-6587
198332,Jamel,Baldwin,6707 COUNTRY CLUB DR,Braintree,MA,2184,(569) 555-4154
200655,Chauncey,Crabtree,9222 MCLAREN AVE,Boston,MA,2111,(989) 555-8864
201234,Edwin,Douglas,8737 VALLEY ST,Malden,MA,2148,(886) 555-5023
201823,Beau,Lewis,2671 COWLES ST,Boston,MA,2128,(468) 555-1191
205513,Neville,Wynn,8121 MONTEZUMA ST,Boston,MA,2128,(668) 555-5900
205616,Gale,Peck,7173 MILEY ST,Springfield,MA,1118,(548) 555-9811
207279,Cathryn,Frederick,8535 PATTON ST,Everett,MA,2149,(556) 555-6808
210007,Isabella,Cruz,3167 BROOKDALE AVE,Worcester,MA,1604,(578) 555-7285
210942,Rowena,Pollard,9028 MARSHALL ST,Roslindale,MA,2131,(733) 555-9623
214642,Deangelo,Summers,9993 COLLEEN WAY,Saugus,MA,1906,(908) 555-2471
215079,Rafaela,Fitzgerald,4169 AGNON AVE,Brighton,MA,2135,(974) 555-1813
216936,Rudolf,Prince,7499 MARNE AVE,Framingham,MA,1701,(437) 555-1416
218369,Lilia,Shafer,6857 SONOMA ST,Waltham,MA,2453,(810) 555-3436
218612,Santiago,Krause,787 ZANOWITZ ST,Cambridge,MA,2141,(566) 555-4816
219167,Charley,Holland,8956 TIFFANY AVE,Worcester,MA,1603,(948) 555-2256
219473,Brandon,Cooley,6405 WALLEN ST,Danvers,MA,1923,(529) 555-7743
223511,Georgia,Maynard,2655 SAMOSET ST,Peabody,MA,1960,(560) 555-8874
226783,Carmen,French,7463 CABRILLO ST,Revere,MA,2151,(953) 555-4024
227044,Adrienne,Paul,1179 NORTHPOINT DR,Shrewsbury,MA,1545,(378) 555-9280
227323,Earle,Hartman,5529 ISLAIS ST,Lynn,MA,1905,(906) 555-7719
231659,Wilma,Simmons,3600 PRESIDIO AVE,Cambridge,MA,2140,(833) 555-5571
232866,Chadwick,Jacobs,3102 BRODERICK ST,Marblehead,MA,1945,(244) 555-9682
233700,Abigail,Valdez,8509 LASKIE ST,Revere,MA,2151,(973) 555-8964
233818,Samual,Sheppard,4705 GOLDEN GATE AVE,Worcester,MA,1605,(613) 555-8672
233960,Jenny,Green,8935 FUNSTON AVE,Boston,MA,2113,(211) 555-4095
234272,Lavonne,Rogers,8639 RICE ST,Malden,MA,2148,(454) 555-8639
236653,King,Yoder,6798 ZANOWITZ AVE,Tewksbury,MA,1876,(263) 555-5432
240378,Ray,Richard,6140 PATTON ST,Worcester,MA,1610,(684) 555-5664
240771,Rob,Castaneda,7680 JULES AVE,Marlborough,MA,1752,(297) 555-5924
241033,Caren,Melton,4193 WINFIELD ST,Springfield,MA,1107,(450) 555-7622
242423,Ernie,Parker,2126 ESCOLTA WAY,Salem,MA,1970,(388) 555-8091
243327,Cary,Kirkpatrick,8602 DELAWARE ST,Revere,MA,2151,(833) 555-1930
246478,Clifton,Wells,8369 LAIDLEY ST,Chicopee,MA,1013,(160) 555-5723
247995,Reba,Woodruff,5055 BATTERY WAGNER RD,Chicopee,MA,1020,(807) 555-8606
248590,Joyce,Juarez,4416 GRANADA AVE,Woburn,MA,1801,(998) 555-1595
250733,Charity,Whitaker,8008 GRAND VIEW AVE,Worcester,MA,1604,(268) 555-1432
250780,Henry,Snider,9360 BRANNAN ST,Arlington,MA,2474,(635) 555-1513
250984,Duane,Morin,5840 SPEAR AVE,Saugus,MA,1906,(399) 555-8432
251236,Robbin,Randall,1048 BAY VIEW ST,Berlin,MA,1503,(325) 555-4094
251374,Marianne,Mcdowell,5170 HILL ST,Malden,MA,2148,(618) 555-9856
251665,Reginald,West,668 CAROLINA ST,Brookline,MA,2445,(976) 555-4740
253860,Annette,Stokes,8191 POLARIS WAY,Lynn,MA,1902,(514) 555-9191
254215,Kenneth,Sharp,3773 MOSCOW ST,South Weymouth,MA,2190,(472) 555-7933
257630,Roxanna,Carrillo,9261 CENTRAL MAGAZINE RD,Medford,MA,2155,(605) 555-2498
258372,Edgar,Mccoy,9445 DE SOTO ST,Lynn,MA,1902,(833) 555-1828
261287,Winona,Elmore,9474 BROOKS ST,Quincy,MA,2169,(763) 555-6576
263452,Ulysses,Young,3494 BURKE AVE,Everett,MA,2149,(726) 555-9490
263549,Rashad,Simmons,5469 ESMERALDA AVE,Pittsfield,MA,1201,(419) 555-1439
267470,Bret,Fuentes,8517 HARBOR RD,Cambridge,MA,2140,(258) 555-9331
269131,Will,Brady,8382 LUNDEEN ST,Boston,MA,2128,(361) 555-5900
270476,Madeleine,Hickman,9386 ESPANOLA ST,Boston,MA,2127,(884) 555-6718
270622,Lorene,Ervin,984 ARNOLD AVE,Lowell,MA,1854,(503) 555-6625
271521,Graig,Wolf,8798 SHRADER ST,Cambridge,MA,2140,(904) 555-6115
273351,Rose,Crowe,1451 HARKNESS AVE,Somerville,MA,2144,(280) 555-6545
273841,Ezra,Hickey,4275 ROBINSON DR,Framingham,MA,1701,(847) 555-8381
275398,Melody,Bunch,9242 BALCETA AVE,Danvers,MA,1923,(194) 555-8191
276917,Renee,Kirby,7350 CHESTER AVE,Boston,MA,2215,(828) 555-7074
276955,Carey,Nielsen,5370 WATERVILLE ST,Billerica,MA,1821,(990) 555-9243
278889,Gabrielle,Saunders,5500 SYLVAN DR,Lowell,MA,1851,(680) 555-3798
280068,Jasmine,Kline,384 JUSTIN DR,Framingham,MA,1701,(189) 555-2941
281758,Rosalinda,Albert,2025 MONTE VISTA DR,Lowell,MA,1852,(557) 555-6520
282435,Jeannine,Grant,4731 NAHUA AVE,Melrose,MA,2176,(711) 555-7364
282953,Lois,Christensen,286 LAPHAM WAY,Everett,MA,2149,(764) 555-9115
284383,Brad,Blackburn,1731 OGDEN AVE,Lowell,MA,1854,(370) 555-4842
284576,Anastasia,Delgado,3095 LOS PALMOS DR,Cambridge,MA,2141,(704) 555-9955
292417,Sharron,Baker,1455 MONTGOMERY ST,Everett,MA,2149,(555) 555-8248
298389,Leslie,Small,3424 ELLIS ST,Boston,MA,2215,(708) 555-8705
300086,Tommie,Klein,1258 SPEAR ST,Dorchester,MA,2125,(329) 555-4266
300489,Concetta,Wilkinson,591 NEBRASKA ST,Marblehead,MA,1945,(464) 555-5968
303916,Johanna,Ramsey,8067 GREENWICH ST,Salem,MA,1970,(785) 555-3263
309047,Glen,Jamison,2704 EL PLAZUELA WAY,Salem,MA,1970,(486) 555-7863
311502,Desmond,Burks,8819 LAPU-LAPU ST,Hampden,MA,1036,(443) 555-8612
314409,Johnie,Herbert,3050 VALPARAISO ST,West Springfield,MA,1089,(130) 555-4105
318275,Abram,Hopkins,6184 QUANE ST,Somerville,MA,2144,(250) 555-8064
319307,Tonya,Ervin,7276 ROSSMOOR DR,Watertown,MA,2472,(334) 555-7350
320121,Celestine,Lockhart,2431 SANCHES ST,Salem,MA,1970,(485) 555-3267
320864,Griselda,Nixon,2898 SOTELO AVE,Reading,MA,1867,(194) 555-7718
321864,Zackary,Medina,6465 HOLLOWAY AVE,Peabody,MA,1960,(827) 555-6067
322218,Florence,Whitley,4809 NANTUCKET AVE,Boston,MA,2215,(648) 555-3479
323596,Earl,Gibson,546 THERESA ST,Lynn,MA,1902,(491) 555-4052
327221,Daniel,Hawkins,9768 BUCKINGHAM WAY,Newton,MA,2458,(725) 555-4387
327873,Julie,Pate,5893 SENECA AVE,Boston,MA,2128,(622) 555-1287
328451,Wendi,Caldwell,9298 RINCON ST,Woburn,MA,1801,(359) 555-4895
330002,Barton,Horn,1061 UPLAND DR,Amesbury,MA,1913,(108) 555-9574
331061,Elinor,Gill,197 BLYTHDALE AVE,Foxboro,MA,2035,(753) 555-6829
332173,Jc,Sellers,7527 SHAFTER AVE,Newton,MA,2458,(527) 555-6622
332451,William,Johnson,1310 CECILIA AVE,Worcester,MA,1605,(378) 555-7741
336866,Cleveland,Sweeney,3200 CECILIA AVE,Pittsfield,MA,1201,(932) 555-9936
340069,Warner,Kemp,5791 BATTERY CROSBY RD,Brockton,MA,2302,(544) 555-8399
341740,Gloria,Good,3579 HILL DR,Newton Center,MA,2459,(842) 555-6271
342011,Antonio,Oconnell,7991 EDGEHILL WAY,Shrewsbury,MA,1545,(305) 555-7079
343310,Ivy,Garner,6729 FALMOUTH ST,Waltham,MA,2453,(348) 555-5613
346449,Millie,Henry,1719 VALDEZ AVE,Brookline,MA,2446,(685) 555-6162
349116,Ashleigh,Hooper,1837 JOOST AVE,Medford,MA,2155,(603) 555-9578
353048,Hyman,Klein,1394 LUCERNE ST,Dorchester,MA,2121,(176) 555-1016
353751,Kris,Mathis,4590 ROTTECK ST,Melrose,MA,2176,(570) 555-5316
354297,Mervin,Edwards,861 SEVILLE ST,Chelmsford,MA,1824,(931) 555-5626
354426,Rosalyn,Booth,1420 LYDIA AVE,Wilbraham,MA,1095,(740) 555-6457
355835,Beatriz,Townsend,9327 SANTA ROSA AVE,Springfield,MA,1107,(906) 555-4234
355929,Linwood,Rosales,3376 LUNDEEN ST,Everett,MA,2149,(276) 555-8297
357159,Troy,Richard,6680 WALLER ST,Pittsfield,MA,1201,(855) 555-9884
360708,Christoper,Adams,9281 KELLOCH AVE,Danvers,MA,1923,(381) 555-9095
361137,Jackie,Villa,2010 THOMAS MORE WAY,Arlington,MA,2474,(685) 555-3107
364733,Alphonso,Stanton,7970 RAYBURN ST,Marlborough,MA,1752,(786) 555-9698
365836,Alejandra,Carlson,892 BOYD ST,Bedford,MA,1730,(415) 555-6819
369293,Yong,Pryor,363 ELMWOOD WAY,Boston,MA,2128,(837) 555-7106
371874,Justine,Alford,2063 BROWN ST,Centerville,MA,2632,(652) 555-6786
372660,Lionel,Head,7713 HUGO ST,Springfield,MA,1104,(933) 555-6410
373416,Hoyt,Godfrey,8235 SUMMIT WAY,Malden,MA,2148,(484) 555-6100
373755,Mack,Kennedy,7440 RACCOON DR,Worcester,MA,1605,(386) 555-9353
378928,Susana,Simms,9938 ARGONAUT AVE,Chicopee,MA,1013,(563) 555-9463
379340,Susie,Dale,2440 EAST FORT MILEY RD,Southbridge,MA,1550,(874) 555-3179
380178,Sondra,Lugo,5329 SHAFTER RD,Medford,MA,2155,(500) 555-9804
385617,Pat,Flowers,5255 ESPANOLA ST,Worcester,MA,1605,(609) 555-8855
387651,Terrie,Trevino,1525 FOREST VIEW DR,Pittsfield,MA,1201,(664) 555-4199
390110,Myles,Chase,9937 MARIPOSA ST,Quincy,MA,2169,(895) 555-2893
396899,Carissa,Lamb,1811 LINCOLN WAY,Milford,MA,1757,(163) 555-7601
401230,Terry,Smith,7054 GALVEZ AVE,Somerville,MA,2143,(206) 555-9496
401390,Jacquelyn,Fleming,1631 HARE ST,Melrose,MA,2176,(167) 555-2687
404479,Bernard,Herbert,4204 NORTH 15TH AVE,Douglas,MA,1516,(851) 555-3715
404614,Zackary,House,5730 HAMPSHIRE ST,Arlington,MA,2474,(365) 555-4411
407501,Olivia,Dennis,4710 VERNON ST,Boston,MA,2116,(165) 555-7531
408087,Donnell,Rowe,4012 ELLSWORTH ST,Brockton,MA,2301,(241) 555-5180
409212,Elaine,Cook,1444 LAUREL ST,Revere,MA,2151,(921) 555-7030
409258,Garrett,Bean,7408 SPRINGFIELD DR,Cambridge,MA,2138,(981) 555-6932
409403,Kay,Sloan,2392 MONTE VISTA DR,Florence,MA,1062,(103) 555-3630
418930,Owen,Guy,9396 MORTON ST,Winthrop,MA,2152,(632) 555-7123
420555,Marva,George,180 MILES ST,Cambridge,MA,2138,(699) 555-4915
427566,Rubin,Mcgee,1723 BAKER ST,Brookline,MA,2446,(711) 555-5482
428048,Victor,Frazier,3425 SANTA ROSA AVE,Pittsfield,MA,1201,(591) 555-8324
428886,Etta,Reed,8048 SAWYER ST,Somerville,MA,2145,(637) 555-1818
430539,Evelyn,Colon,2352 JUSTIN DR,Chicopee,MA,1020,(529) 555-2918
433376,Deanna,Wells,6498 BALANCE ST,Marlborough,MA,1752,(604) 555-7800
435510,Leona,Cruz,9399 COWLES ST,Somerville,MA,2145,(930) 555-7098
439787,Lynn,Hastings,3855 CORDOVA ST,Boston,MA,2118,(383) 555-8620
440867,Goldie,Hester,5313 MARSILY ST,Framingham,MA,1701,(243) 555-7929
441865,Sung,Hicks,782 BAY VIEW ST,Revere,MA,2151,(202) 555-4981
442047,Jae,Moses,800 FALMOUTH ST,Holyoke,MA,1040,(386) 555-3269
442413,Joni,Kelly,5844 SHARON ST,Peabody,MA,1960,(650) 555-3732
444403,Malissa,Hyde,4325 SARGENT ST,Boston,MA,2116,(417) 555-3082
445346,Tory,Carter,9723 MADISON ST,Worcester,MA,1602,(215) 555-1177
447693,Dixie,Daniel,5703 BRIDGEVIEW DR,Worcester,MA,1606,(356) 555-8107
454302,George,Garrett,822 SIXTH ST,Lowell,MA,1850,(490) 555-1072
455195,Misty,Wheeler,3218 VASQUEZ AVE,Lowell,MA,1851,(277) 555-8795
455995,Jan,Wallace,9927 MONCADA WAY,Boston,MA,2127,(840) 555-9618
456508,Chris,Houston,3703 CATALINA ST,Chelsea,MA,2150,(626) 555-6414
456798,Dan,Stephens,7622 ANZA ST,Ashburnham,MA,1430,(850) 555-5484
457987,Jefferey,Mullins,7654 RHINE ST,Feeding Hills,MA,1030,(172) 555-7605
460677,Elma,Sherman,704 STONEYBROOK AVE,Worcester,MA,1604,(274) 555-2425
460774,Iva,Roth,1863 FITZGERALD AVE,Newton,MA,2458,(636) 555-5476
460974,Saul,Luna,5918 HUSSEY ST,Framingham,MA,1702,(196) 555-5220
461181,Terence,Jensen,8774 GOUGH ST,Boston,MA,2114,(517) 555-4897
461291,Virginia,Ratliff,9774 BATTERY ST,Dorchester Center,MA,2124,(315) 555-5846
465449,Shelby,Butler,8293 CRESTLINE DR,Framingham,MA,1702,(184) 555-1205
465541,Tameka,Mckay,8323 DUNSHEE ST,Quincy,MA,2169,(980) 555-2514
466125,Reba,Pike,9519 BESSIE ST,Beverly,MA,1915,(353) 555-9875
467063,Jesus,Ruiz,7505 HARDIE AVE,Boston,MA,2116,(935) 555-5348
467625,Agnes,Barton,9001 CRESTLINE DR,Springfield,MA,1104,(822) 555-8305
467697,Cari,Crabtree,9670 MARCELA AVE,West Newbury,MA,1985,(347) 555-9683
472659,Geneva,Hickman,829 DEL VALE AVE,Burlington,MA,1803,(249) 555-5349
475511,Dominique,Hahn,155 CORA ST,Medford,MA,2155,(905) 555-4558
475539,Katie,Tatum,167 CHAVES AVE,Holyoke,MA,1040,(932) 555-6449
476470,Twila,Bryan,130 CARNELIAN WAY,Dorchester,MA,2122,(333) 555-4349
479669,Weldon,Leblanc,289 SELMA WAY,Revere,MA,2151,(530) 555-1143
480699,Kenya,Blanton,1566 ARROYO WAY,Gardner,MA,1440,(773) 555-8471
481784,Percy,Atkins,1073 LYDIA AVE,Boston,MA,2128,(455) 555-7090
486424,Kennith,Patton,1224 EUGENIA AVE,Cambridge,MA,2139,(180) 555-5259
487753,Edna,Wong,7349 ARGONAUT AVE,Boston,MA,2113,(540) 555-2748
488776,Sun,Ellison,442 EL PLAZUELA WAY,Lexington,MA,2421,(203) 555-3393
489476,Alejandra,Rutledge,6525 ARNOLD AVE,Revere,MA,2151,(598) 555-3872
491601,Scottie,Gallagher,4789 FELTON ST,Worcester,MA,1605,(138) 555-5841
491612,Romeo,Jenkins,3451 OAK ACCESS RD,Quincy,MA,2169,(253) 555-3391
492660,Myles,Hodges,5004 YERBA BUENA RD,Billerica,MA,1821,(914) 555-3348
494341,Tamika,Hanna,6919 MASSACHUSETTS ST,Woburn,MA,1801,(768) 555-8315
495439,Matilda,Kelley,1278 THOMAS MELLON DR,Lowell,MA,1851,(299) 555-6038
498845,Camilla,Higgins,6771 CAMERON WAY,Marblehead,MA,1945,(359) 555-6862
500859,Darwin,Costa,8065 DEEMS RD,Worcester,MA,1610,(457) 555-4709
504294,Charlene,Riggs,6995 PRESIDIO AVE,Haverhill,MA,1832,(765) 555-5749
513299,Beau,Dawson,7891 SONOMA ST,Agawam,MA,1001,(491) 555-1775
515891,Curt,Sexton,5306 SAN PABLO AVE,Cambridge,MA,2139,(608) 555-9753
518247,Lacy,Gonzalez,3816 AVERY ST,Boston,MA,2199,(751) 555-4154
524023,Jocelyn,Webber,9961 MILTON ST,Medford,MA,2155,(676) 555-3853
525886,Lyman,Schroeder,5375 GALVEZ AVE,Abington,MA,2351,(584) 555-6078
526864,Donna,Mcclure,4152 NEWBURG ST,Lowell,MA,1854,(330) 555-9335
528415,Nichole,Cooke,218 NORTH GATE RD,Allston,MA,2134,(861) 555-3427
532245,Royal,Rubio,7747 SAMOSET ST,Boston,MA,2115,(307) 555-8156
538095,Krystle,Tucker,1637 VASQUEZ AVE,Revere,MA,2151,(730) 555-7274
538667,Tyson,Spencer,9120 ACACIA AVE,Boston,MA,2114,(153) 555-6555
539935,Melva,Barr,4020 VERDUN WAY,Boston,MA,2116,(449) 555-7880
540521,Russell,Rios,5748 PRETOR WAY,New Braintree,MA,1531,(704) 555-9321
541336,Lynn,Brooks,354 SYLVAN DR,Easthampton,MA,1027,(127) 555-2766
543404,Douglas,Houston,2333 ORTEGA ST,Quincy,MA,2169,(346) 555-2325
545309,Rico,Reyna,3871 BOYD ST,Medford,MA,2155,(308) 555-1670
546733,Bryon,Lowe,5226 BANK ST,Tewksbury,MA,1876,(387) 555-4012
546775,James,Harvey,7996 INNES AVE,Medford,MA,2155,(763) 555-6269
548072,Octavio,Duran,4572 MASONIC AVE,North Andover,MA,1845,(770) 555-9119
549724,Delmar,Bonner,5951 LILLIAN ST,Dorchester,MA,2125,(960) 555-8236
550281,Dusty,Ortega,9544 PRESIDIO AVE,Boston,MA,2128,(628) 555-4259
551119,Huey,Parrish,9517 DAGGETT ST,Amesbury,MA,1913,(599) 555-2291
553579,Nancy,Fitzgerald,4465 BANK ST,Lowell,MA,1852,(326) 555-9040
556236,Rashad,Brown,7851 WILLIAMS AVE,Boston,MA,2116,(797) 555-8161
556350,Katherine,Ewing,2227 CORDOVA ST,Haverhill,MA,1835,(843) 555-3514
561619,Hobert,Gross,5013 BERKSHIRE WAY,Marlborough,MA,1752,(242) 555-4298
562626,Angie,Hutchins,2082 INDIANA ST,Cambridge,MA,2139,(415) 555-8152
563447,Ronnie,Richardson,9952 WOODACRE DR,Medford,MA,2155,(162) 555-1954
565234,Tia,Stein,5451 CENTRAL AVE,Brookline,MA,2446,(145) 555-9660
565606,Isreal,Walters,2447 BAY ST,Hudson,MA,1749,(136) 555-4092
566210,Ellie,Vargas,3596 KING ST,Seekonk,MA,2771,(527) 555-3954
568358,Jerrold,Davenport,6615 GUTTENBERG ST,Brighton,MA,2135,(302) 555-4240
568703,Audrey,Alston,5742 ROACH ST,Westfield,MA,1085,(492) 555-5130
568905,Rico,Hoffman,5536 COCHRANE ST,Boston,MA,2215,(421) 555-1222
570351,Ariel,Rich,6735 WESTWOOD DR,Malden,MA,2148,(673) 555-2783
570421,Maryjane,Osborn,8498 CASHMERE ST,Boston,MA,2118,(449) 555-5020
573527,Adela,Archer,2677 KELLOCH AVE,Springfield,MA,1109,(337) 555-6492
574205,Kurt,Weeks,5625 PRINCETON ST,Worcester,MA,1603,(817) 555-2244
574493,Cruz,Osborn,5079 TREAT AVE,Boston,MA,2115,(713) 555-1315
577938,Mona,Farris,5670 JESSIE WEST ST,Dracut,MA,1826,(532) 555-3309
578015,Kelsey,Fleming,2237 OTTAWA AVE,Boston,MA,2118,(304) 555-2261
579091,Helena,Reyna,4813 EXPOSITION DR,Newton Upper Falls,MA,2464,(299) 555-3009
581101,Toni,Sosa,1665 MCLAREN AVE,Worcester,MA,1605,(436) 555-6219
587114,Krystal,Crosby,2699 TACOMA ST,Acton,MA,1720,(130) 555-9610
587339,Jose,Fuentes,1514 BLYTHDALE AVE,Saugus,MA,1906,(276) 555-8728
591328,Valerie,Warren,9835 ASHBURY ST,Brighton,MA,2135,(889) 555-9509
591603,Judy,Godfrey,555 MARY ST,Boston,MA,2118,(696) 555-5601
592406,Marsha,Tatum,4190 RUCKMAN AVE,Roxbury Crossing,MA,2120,(343) 555-6660
592638,Douglass,Lyons,2579 JOSEPHA AVE,Springfield,MA,1104,(211) 555-1840
594235,Benita,Reyes,9913 MIDDLE POINT RD,Norfolk,MA,2056,(247) 555-5222
594388,Lesley,Rojas,7426 ELDRIDGE ST,Lowell,MA,1852,(701) 555-1456
595988,Jeff,Goodman,4232 KING ST,Pittsfield,MA,1201,(320) 555-9260
597464,Desiree,Clifton,6529 HOWTH ST,Worcester,MA,1610,(982) 555-3030
597622,Sheree,Ponce,5548 VICKSBURG ST,Boston,MA,2116,(491) 555-6294
601769,Estelle,Villarreal,8678 UNDERWOOD AVE,Boston,MA,2118,(377) 555-4042
601943,Carmela,Landry,8840 NORTH GATE RD,Springfield,MA,1108,(528) 555-6017
604116,Diego,Sims,5995 DAVIDSON AVE,Winthrop,MA,2152,(727) 555-1596
614514,Tamera,Vargas,3094 CRISP RD,Natick,MA,1760,(148) 555-1818
615346,Elmer,Ross,6806 MANZANITA AVE,Brighton,MA,2135,(879) 555-6668
615477,Pierre,Swanson,1160 HAHN ST,Dorchester,MA,2125,(507) 555-3490
616317,Sondra,Brewer,1995 POWERS AVE,Chelsea,MA,2150,(819) 555-3406
618667,Dona,Mcpherson,5025 SAN FELIPE AVE,Boston,MA,2163,(412) 555-6178
618684,Susanna,Stone,5073 TARAVAL ST,Lunenburg,MA,1462,(578) 555-7052
618943,Brain,Winters,9056 SEYMOUR ST,Marlborough,MA,1752,(542) 555-5360
620488,Pamela,Rogers,4056 HITCHCOCK ST,Hopedale,MA,1747,(310) 555-3506
620805,Marlon,Buckner,5507 MARTINEZ ST,Somerville,MA,2143,(241) 555-1230
623608,Jeffrey,Silva,7523 EAST BEACH RD,Brookline,MA,2446,(454) 555-8232
624062,Abby,Davis,8081 CALVERT DR,Boston,MA,2215,(423) 555-3174
624973,Jennifer,George,9123 GREENWOOD AVE,Chelsea,MA,2150,(878) 555-4658
625994,Andy,Hall,2358 ROSSMOOR DR,Charlestown,MA,2129,(984) 555-5674
626746,Reggie,Rowe,9621 BANCROFT AVE,Gloucester,MA,1930,(549) 555-4674
627251,Sara,Richardson,8960 SPRUCE ST,Cambridge,MA,2139,(351) 555-2782
627367,Abbie,Sweet,5645 PASADENA ST,Somerville,MA,2144,(536) 555-1822
628380,Jess,Navarro,2016 SOMERSET ST,Hopkinton,MA,1748,(321) 555-3516
628513,Milton,Field,8150 DON CHEE WAY,Burlington,MA,1803,(589) 555-9201
637067,Margie,Fry,7243 BANNOCK ST,Worcester,MA,1608,(530) 555-4352
639772,Sherrie,Kramer,4894 EXCELSIOR AVE,Haverhill,MA,1830,(630) 555-5671
640493,Lynne,Quinn,5206 NEVADA ST,Springfield,MA,1104,(334) 555-9461
641522,Petra,Davis,4301 PERALTA AVE,West Springfield,MA,1089,(983) 555-1611
641842,Joaquin,Carlson,5011 EDDY ST,Boston,MA,2110,(943) 555-2931
644636,Cathy,Elmore,7869 OLNEY AVE,Springfield,MA,1118,(643) 555-2778
645580,Dante,Sharpe,5857 TRUETT ST,West Springfield,MA,1089,(779) 555-1656
646759,Lester,Morales,8209 HOFFMAN ST,Boston,MA,2118,(793) 555-1530
647253,Ladonna,Brown,7233 HALE ST,Beverly,MA,1915,(859) 555-1319
648293,Flora,Stark,3903 MERSEY ST,Groton,MA,1450,(285) 555-9614
649444,Modesto,Slaughter,8 HIGH ST,Reading,MA,1867,(536) 555-3931
652536,Willy,Berry,1311 DE FOREST WAY,West Springfield,MA,1089,(657) 555-8150
654526,Olive,Park,5183 INDIANA ST,Boston,MA,2127,(705) 555-4808
656054,Zackary,Rodriquez,6608 CLEMENT ST,Dorchester,MA,2125,(280) 555-1048
656095,Rochelle,Manning,3143 COCHRANE ST,Somerville,MA,2144,(354) 555-9290
661136,Bret,Padilla,1145 TINGLEY ST,Pittsfield,MA,1201,(184) 555-3635
664836,Tracey,Davenport,527 LAKE MERCED HILL ST,Methuen,MA,1844,(430) 555-2551
665850,Jesse,Avila,4473 SOUTHWOOD DR,Lowell,MA,1852,(840) 555-8853
666101,Brant,Franklin,5938 WESTMOORLAND DR,Boston,MA,2118,(133) 555-4049
666869,Allison,Christian,7617 VICKSBURG ST,Salem,MA,1970,(123) 555-2763
671908,Howard,Mcleod,5353 FOUNTAIN ST,Hyde Park,MA,2136,(101) 555-2038
676450,Megan,Beatty,3822 ROTTECK ST,Revere,MA,2151,(637) 555-1505
678435,Mari,Mclaughlin,1144 KEMPTON AVE,Framingham,MA,1701,(399) 555-1301
682114,Anton,Reyna,861 COLBY ST,Peabody,MA,1960,(336) 555-1881
683988,Sara,Harper,6089 WELSH ST,Brighton,MA,2135,(236) 555-7098
684569,Alan,Skinner,4522 WARREN DR,Malden,MA,2148,(441) 555-7306
686575,Anastasia,William,6821 LONG AVE,Somerville,MA,2143,(844) 555-5707
687726,Hunter,Petty,8390 KALMANOVITZ ST,Dorchester,MA,2121,(121) 555-8246
689092,Graham,Medina,5324 DELTA ST,East Longmeadow,MA,1028,(575) 555-2963
691666,King,Magee,7866 DEMING ST,Ayer,MA,1432,(693) 555-7688
691834,Faye,Dorsey,3064 MARIETTA DR,Shrewsbury,MA,1545,(222) 555-7425
691992,Gabriel,Phillips,8996 ELIZABETH ST,Brockton,MA,2301,(298) 555-1425
694687,Noelle,Wilkinson,9559 BIRD ST,Newburyport,MA,1950,(291) 555-4832
694908,Robby,Kinney,6491 PLYMOUTH AVE,Springfield,MA,1109,(399) 555-5118
695620,Delilah,Mays,9554 MISSION ST,Quincy,MA,2171,(308) 555-4940
696299,Glen,Gonzales,8039 COLUMBIA SQUARE ST,Springfield,MA,1108,(557) 555-1638
696308,Blanca,Zuniga,2058 CORDELIA ST,Lowell,MA,1854,(787) 555-6593
700612,Trudy,Chavez,2825 WATT AVE,Cambridge,MA,2138,(766) 555-6246
701309,Ernest,Mobley,6809 SHIPLEY ST,Peabody,MA,1960,(328) 555-3298
704502,Elva,Grant,5444 BURNSIDE AVE,Springfield,MA,1104,(150) 555-6875
705422,Caleb,Kendrick,9540 MADDUX AVE,Brighton,MA,2135,(621) 555-8664
709060,Kristin,Morin,8205 BERNICE RODGERS WAY,Melrose,MA,2176,(731) 555-6847
715056,Cindy,Dixon,3553 SANTA BARBARA AVE,Everett,MA,2149,(408) 555-2283
715581,Dina,Howell,216 BALANCE ST,Cambridge,MA,2138,(440) 555-3863
715804,Jocelyn,Leach,7995 MILL ST,Boston,MA,2111,(871) 555-3128
716640,Aurelia,Tate,2983 RICE ST,Brighton,MA,2135,(324) 555-6568
717122,Maggie,Gilliam,3591 PERU AVE,Malden,MA,2148,(653) 555-3574
718460,Avery,Palmer,8347 CLEVELAND ST,Lowell,MA,1852,(830) 555-5363
720199,Alyce,Alexander,4905 CORONADO ST,Saugus,MA,1906,(695) 555-6530
721300,Eldon,Mayfield,9258 PRESIDIO AVE,Waltham,MA,2453,(127) 555-1964
721980,Paris,Dudley,2549 KENWOOD WAY,Milton,MA,2186,(813) 555-1827
722112,Wilford,King,5682 RINCON ST,West Springfield,MA,1089,(773) 555-7323
723019,Emily,Atkinson,6024 MADDUX AVE,Worcester,MA,1609,(739) 555-3047
723299,Celina,Hahn,6539 RIVERTON DR,Springfield,MA,1109,(499) 555-1249
723806,Sierra,Moyer,374 NORTH GATE RD,Auburn,MA,1501,(208) 555-9909
725727,Leanne,Petty,7257 FALMOUTH ST,Shrewsbury,MA,1545,(477) 555-9015
726075,Jacques,Tillman,5316 MISSION ROCK ST,Everett,MA,2149,(136) 555-5059
726283,Monika,Gary,4140 ISIS ST,Brighton,MA,2135,(109) 555-1888
728683,Maurice,Bartlett,2966 WILLIAMS AVE,Boston,MA,2118,(984) 555-9602
730877,Leah,Dickerson,5066 MENDOSA AVE,Boston,MA,2118,(221) 555-1516
730883,Louise,Duncan,9540 BOWLING GREEN DR,Boston,MA,2115,(500) 555-2068
732282,Marshall,Roy,5145 HAVENS ST,Milton,MA,2186,(346) 555-1440
735318,Jeannette,Potter,5350 ANDOVER ST,Framingham,MA,1702,(282) 555-8255
735366,Frances,Hogan,3827 ELLIS ST,Worcester,MA,1606,(273) 555-2707
736100,Antoinette,Dickerson,9957 KANSAS ST,Beverly,MA,1915,(638) 555-2295
738552,Sherrie,Wolfe,5004 MAGNOLIA ST,Somerville,MA,2143,(453) 555-2525
739886,Christie,Katz,6002 CECILIA AVE,Lowell,MA,1851,(837) 555-5944
743790,Hoyt,Flanagan,3422 OAK GROVE ST,Melrose,MA,2176,(831) 555-4877
744576,Deborah,Thomas,5544 BERKSHIRE WAY,Andover,MA,1810,(129) 555-4165
747525,Yong,Hilton,8992 SHERIDAN AVE,Marblehead,MA,1945,(477) 555-3834
747814,Doyle,Blue,5777 PEABODY ST,Charlestown,MA,2129,(949) 555-2259
749233,Bertie,Griffin,384 GLADYS ST,Revere,MA,2151,(978) 555-9427
750394,Casey,Moser,4997 OREILLY AVE,Lynn,MA,1902,(929) 555-3146
750891,Araceli,Fitzgerald,565 MOFFITT ST,Charlestown,MA,2129,(466) 555-6349
752069,Roman,Carlson,1081 SAINT CHARLES AVE,Medford,MA,2155,(130) 555-6336
752834,Roberto,Kline,3796 SAN DIEGO AVE,Oak Bluffs,MA,2557,(139) 555-9785
753158,Sharlene,Rice,362 TOLAND ST,Beverly,MA,1915,(279) 555-4203
754147,Nick,Buck,4885 HAMERTON AVE,Somerville,MA,2145,(708) 555-6012
754537,Luciano,Peterson,7696 HANGAH ST,Boston,MA,2108,(737) 555-8570
755414,Jasper,Farley,7543 WETMORE ST,Boston,MA,2115,(838) 555-9807
758615,Granville,Snow,1833 SKYVIEW WAY,Boston,MA,2128,(877) 555-4584
761403,Osvaldo,Rasmussen,8780 FEDERAL ST,Mansfield,MA,2048,(419) 555-6234
763690,Tori,Emerson,7696 BUENA VISTA AVE,Boston,MA,2118,(499) 555-1195
767384,Lorenzo,Mercado,9708 ARBALLO DR,Northborough,MA,1532,(906) 555-3942
776469,Stan,Ramirez,529 EVANS AVE,Woburn,MA,1801,(761) 555-3876
779006,Stacy,Butler,7386 SEARS ST,Boston,MA,2111,(576) 555-2305
779092,Isreal,Gross,684 RIVERTON DR,Boston,MA,2118,(201) 555-1135
780759,Thomas,Johnston,3639 KANSAS ST,Maynard,MA,1754,(205) 555-8980
783470,Booker,Melton,50 ONONDAGA AVE,Adams,MA,1220,(187) 555-8538
786765,Jayne,Swain,8602 NAHUA AVE,Boston,MA,2118,(854) 555-3088
789183,Paul,Krueger,5434 MARENGO ST,Springfield,MA,1118,(290) 555-7985
792991,Paul,Dalton,8001 HENRY ADAMS ST,Taunton,MA,2780,(450) 555-2678
793889,Bette,Archer,2834 STEUBEN ST,Dorchester,MA,2125,(643) 555-7474
794509,Fern,Perry,2827 VAN KEUREN AVE,Pittsfield,MA,1201,(403) 555-3587
796701,Jermaine,Gilbert,2730 SUSSEX ST,Somerville,MA,2143,(670) 555-6288
797408,Loyd,Lindsey,2768 TOLAND ST,Arlington,MA,2476,(798) 555-4996
799022,Christen,Cooke,6500 OTIS ST,Boston,MA,2114,(601) 555-1339
799858,Racheal,Shaw,2853 POWERS AVE,Pittsfield,MA,1201,(328) 555-7194
801637,Irma,Hancock,18 TERRACE DR,Taunton,MA,2780,(995) 555-1371
803277,Catalina,Singleton,3124 VETERANS DR,Malden,MA,2148,(133) 555-4410
804235,Barney,Lambert,7802 SAWYER ST,Marlborough,MA,1752,(452) 555-4389
804492,Burt,Garcia,6124 WAITHMAN WAY,Methuen,MA,1844,(237) 555-2331
805082,Dee,Vincent,2752 VERNON ST,Framingham,MA,1701,(728) 555-3997
805209,Matt,Sampson,6074 EGBERT AVE,Lynnfield,MA,1940,(553) 555-5999
806759,Earnestine,Richardson,5556 SAGAMORE ST,Stoneham,MA,2180,(883) 555-6532
806932,Martha,Valencia,528 ELIZABETH ST,Lynn,MA,1902,(171) 555-7929
812233,Fernando,Garrett,2789 HARNEY WAY,Beverly,MA,1915,(787) 555-8934
812601,Federico,Dudley,5581 ALPHA ST,Lexington,MA,2420,(728) 555-2736
813842,Teresa,Brady,257 EAST FORT MILEY RD,Framingham,MA,1701,(273) 555-9522
818798,Nola,Bean,4601 MARCELA AVE,Westfield,MA,1085,(730) 555-8473
820380,Waylon,Walls,223 ARGONAUT AVE,Revere,MA,2151,(593) 555-9962
821158,Robt,Bean,4113 CHANNEL ST,Marlborough,MA,1752,(914) 555-1753
822090,Trenton,Fox,6637 BROOKS ST,Boston,MA,2118,(157) 555-5553
822361,Armando,Franco,3579 GLADYS ST,Scituate,MA,2066,(925) 555-9507
823114,Janice,Numbers,4539 CENTRAL MAGAZINE RD,Salem,MA,1970,(887) 555-4270
825222,John,Fuentes,6014 DAY ST,Quincy,MA,2170,(554) 555-7750
830424,Emilio,Alston,3701 PROGRESS ST,Mattapan,MA,2126,(107) 555-9136
835819,Frank,Dickinson,8006 WIESE ST,Stoneham,MA,2180,(924) 555-1593
836310,Kaitlin,Serrano,8728 HALLECK ST,Boston,MA,2118,(530) 555-9238
838834,Efrain,Guzman,1152 CLEMENTINA ST,Springfield,MA,1129,(781) 555-8441
842523,Billie,Sims,1753 LLOYD ST,Brighton,MA,2135,(651) 555-8884
843427,Wm,Mckenzie,2844 BELCHER ST,Dorchester,MA,2125,(500) 555-6269
846084,Shaun,Rush,4096 SAN ALESO AVE,Brighton,MA,2135,(512) 555-4253
848582,Jeremy,Mayer,2712 LANSDALE AVE,Longmeadow,MA,1106,(493) 555-4283
851058,Otto,Ballard,5103 NAVY RD,Framingham,MA,1702,(866) 555-4304
855368,Hazel,Mayes,5701 BROOKDALE AVE,Roslindale,MA,2131,(743) 555-9450
856142,Kris,Kendrick,2690 GEORGIA ST,Somerville,MA,2144,(447) 555-1494
861461,Agustin,White,6147 MONTALVO AVE,Brookline,MA,2446,(951) 555-6061
861875,Daisy,Watson,3572 MORTON ST,Malden,MA,2148,(474) 555-9623
861924,Stacey,Pierson,3656 DEVONSHIRE WAY,Everett,MA,2149,(822) 555-8710
862071,Lupe,Dudley,6707 CLEVELAND ST,Springfield,MA,1118,(873) 555-6520
862154,Sheryl,Rosado,6705 ORTEGA WAY,Quincy,MA,2169,(832) 555-2804
864024,Linwood,Silva,4558 MILES ST,Peabody,MA,1960,(680) 555-4127
864858,Kevin,Reid,5564 PALOU AVE,Hudson,MA,1749,(683) 555-3222
866802,Bernadine,Sargent,9857 OAK GROVE ST,Bellingham,MA,2019,(796) 555-6562
869424,Chi,Nguyen,5351 ANZA AVE,Dorchester Center,MA,2124,(169) 555-2771
869700,Oralia,Pace,8356 NEWTON ST,Springfield,MA,1109,(472) 555-5255
873116,Marcus,Sweeney,8316 DE LONG ST,Malden,MA,2148,(735) 555-9862
874774,Dianna,Rose,1260 KENSINGTON WAY,Salem,MA,1970,(207) 555-1646
879308,Leola,Vinson,786 HESTER AVE,Hyde Park,MA,2136,(305) 555-4463
879802,Vance,Valentine,687 CHILD ST,Revere,MA,2151,(782) 555-8501
881824,Glen,Barnes,1161 LYNCH ST,Boston,MA,2215,(349) 555-7696
883136,Ronda,Booth,1707 HITCHCOCK ST,Leominster,MA,1453,(233) 555-3244
884365,Geoffrey,Harrell,7499 WINDING WAY,Melrose,MA,2176,(912) 555-6946
885039,Kraig,Johns,1115 MONTE VISTA DR,Marion,MA,2738,(998) 555-9234
886242,Jeremy,Mclean,4270 HOFF ST,Framingham,MA,1702,(731) 555-8366
887016,Priscilla,Sullivan,3404 BROAD ST,Brighton,MA,2135,(337) 555-3114
888013,Gavin,House,45 LANGTON ST,Abington,MA,2351,(125) 555-2350
890618,Sabrina,Sykes,3697 UPLAND DR,Lynn,MA,1902,(642) 555-9069
893997,Elvira,Hancock,5057 SYLVAN DR,Allston,MA,2134,(288) 555-8980
896326,Darcy,Weber,408 JEAN WAY,Revere,MA,2151,(351) 555-5140
898943,Mabel,Pace,5720 SAN RAFAEL WAY,Quincy,MA,2171,(752) 555-7091
900820,Arnulfo,Durham,3680 ARKANSAS ST,Essex,MA,1929,(108) 555-8572
900847,Stacey,Sosa,9369 SHAWNEE AVE,Allston,MA,2134,(965) 555-6811
905005,Shelby,Madden,5657 SALMON ST,Everett,MA,2149,(766) 555-8562
907290,Emile,Koch,9321 NEWTON ST,Winthrop,MA,2152,(198) 555-4875
909005,Bruno,Robbins,6493 GOETTINGEN ST,Agawam,MA,1001,(330) 555-4241
911098,Jeannine,Howell,5674 GARDEN WAY,Quincy,MA,2169,(520) 555-5864
916525,Graham,Mueller,4935 DONAHUE ST,Salem,MA,1970,(985) 555-2791
917822,Jamar,Carpenter,378 AERIAL WAY,Newtonville,MA,2460,(790) 555-3242
926220,Elba,Stinson,3969 RIO VERDE ST,Pittsfield,MA,1201,(922) 555-7514
929009,Catherine,Holden,8361 ESMERALDA AVE,Stoneham,MA,2180,(295) 555-6887
931734,Thurman,Riley,2964 BESSIE ST,Leominster,MA,1453,(994) 555-7036
932111,Ivy,Webster,7817 ORA WAY,Southborough,MA,1772,(243) 555-9932
934881,Wendy,Orr,3804 OTTAWA AVE,Nahant,MA,1908,(501) 555-7133
934979,Claire,Andrade,2825 VASQUEZ AVE,Woburn,MA,1801,(226) 555-8449
935077,Sidney,Meeks,8536 ERIE ST,Salem,MA,1970,(681) 555-9485
935443,Bernadette,Kendrick,8284 TOUCHARD ST,Malden,MA,2148,(216) 555-3204
935843,Alisha,Schwartz,5831 SILVERVIEW DR,Boston,MA,2113,(599) 555-9517
937505,Virgil,Jefferson,1128 POWELL ST,Chelsea,MA,2150,(241) 555-1371
938617,Essie,Hunt,2669 DELTA ST,Framingham,MA,1701,(103) 555-1348
943197,Frieda,Mcdaniel,86 MONETA WAY,Chelsea,MA,2150,(615) 555-1114
945607,Ina,Benson,6174 SHIPLEY ST,Boston,MA,2111,(910) 555-2046
948408,Amalia,Dye,6583 SHERIDAN ST,Lowell,MA,1854,(877) 555-3036
949475,Erwin,Ochoa,5697 CRESTLAKE DR,Saugus,MA,1906,(358) 555-5627
949506,Kathrine,Cordova,2160 NELLIE ST,Hudson,MA,1749,(336) 555-5909
950723,Samuel,Butts,7481 ESCONDIDO AVE,Worcester,MA,1608,(106) 555-5335
955629,Allene,Conner,4003 MONTECITO AVE,Everett,MA,2149,(938) 555-7640
955831,Huey,Rutledge,762 JOHN ST,Brookline,MA,2446,(464) 555-3464
958701,Alexandria,Hampton,9186 SHARON ST,Peabody,MA,1960,(113) 555-2123
961227,Angel,Cordova,9104 RETIRO WAY,Somerville,MA,2145,(893) 555-2094
964643,Delmar,Hutchinson,8942 CORWIN ST,Holyoke,MA,1040,(342) 555-9632
965276,Brooke,Porter,6455 ROSEWOOD DR,Plymouth,MA,2360,(291) 555-2558
968860,Fanny,Brandt,4046 SPRING ST,Arlington,MA,2476,(509) 555-5992
970084,Ty,Lane,2100 LUPINE AVE,Malden,MA,2148,(448) 555-8620
970264,Abel,Mclean,7552 MANOR DR,Cherry Valley,MA,1611,(785) 555-6685
970403,Andrew,West,8220 NOE ST,Chicopee,MA,1020,(756) 555-5892
973777,Connie,Hurst,1861 LANDERS ST,Beverly,MA,1915,(148) 555-5423
974390,Weldon,Fowler,8346 ALTON AVE,Boston,MA,2118,(796) 555-3544
974807,Shirley,Shaffer,1963 VENUS ST,Cambridge,MA,2141,(128) 555-1549
976764,Twila,Morrow,137 VAN BUREN ST,Stoneham,MA,2180,(430) 555-7390
981409,Wilber,Mayo,6926 RUTLAND ST,Salem,MA,1970,(935) 555-9709
986245,Efrain,Carver,8827 BARNARD AVE,Cambridge,MA,2139,(170) 555-2768
988019,Elwood,Smart,5937 GLENVIEW DR,Medford,MA,2155,(118) 555-7352
989099,Dallas,Gross,6887 WHEELER AVE,Roslindale,MA,2131,(773) 555-7032
990948,Milo,Lambert,339 MORNINGSIDE DR,Worcester,MA,1605,(180) 555-6991
992606,Neva,Hewitt,6808 RAVENWOOD DR,Cambridge,MA,2138,(608) 555-8349
994158,Rusty,Ritter,3297 DUNCAN ST,Somerville,MA,2145,(234) 555-2423
994564,Lenny,Ochoa,252 ORTEGA ST,West Springfield,MA,1089,(518) 555-6326
995030,Lorie,Fulton,973 PARIS ST,Dorchester Center,MA,2124,(871) 555-6403
995546,Lucinda,Weber,3639 PENNSYLVANIA AVE,Worcester,MA,1603,(448) 555-1805
998703,Lloyd,Goss,3334 DOUGLASS ST,Revere,MA,2151,(443) 555-6959
999565,Annette,Robles,9236 FLORENCE ST,Medford,MA,2155,(681) 555-6732
1002429,Scott,Perez,4771 ROSEWOOD DR,West Springfield,MA,1089,(378) 555-9445
1002526,Merrill,Rush,7893 MCKINLEY AVE,Sudbury,MA,1776,(908) 555-4527
1007557,Alberta,Crane,9548 PIERCE ST,Revere,MA,2151,(313) 555-4319
1007797,Jospeh,Bond,2746 CONRAD ST,Dracut,MA,1826,(682) 555-9396
1008147,Silas,Gallagher,5134 LOS PALMOS DR,Pittsfield,MA,1201,(331) 555-5651
1008573,Jimmy,Zuniga,1102 WESTSIDE DR,Springfield,MA,1109,(131) 555-6017
1013497,Gale,Covington,4542 INNES AVE,Northborough,MA,1532,(529) 555-9340
1015199,Kurtis,Garrett,974 MARVIEW WAY,Revere,MA,2151,(355) 555-4434
1019515,Orville,Leblanc,6418 EASTWOOD DR,Jamaica Plain,MA,2130,(711) 555-3478
1020352,Rosalie,Dodd,7269 HENRY ST,Springfield,MA,1104,(660) 555-2564
1023885,Maurice,Cowan,4936 SAN BRUNO AVE,Quincy,MA,2169,(906) 555-4948
1025839,Tamra,Flores,8174 QUARTZ WAY,Springfield,MA,1107,(477) 555-6231
1028456,Lela,Jacobs,5813 ONONDAGA AVE,Allston,MA,2134,(861) 555-2574
1028957,Debora,Hines,4997 MARENGO ST,Hardwick,MA,1037,(650) 555-7398
1031696,Rocky,Morgan,6274 MONTICELLO ST,Waltham,MA,2453,(557) 555-4907
1031850,Kent,Rouse,3885 STANFORD HEIGHTS AVE,Dorchester Center,MA,2124,(319) 555-4859
1032639,Bridgette,Carter,7753 GOLDEN GATE AVE,Southbridge,MA,1550,(310) 555-9364
1041658,Courtney,Burnett,7562 SAN DIEGO AVE,Boston,MA,2128,(683) 555-8535
1042901,Cole,Hendricks,5985 DICKINSON ST,Chelsea,MA,2150,(821) 555-6128
1043173,Fanny,Miranda,9478 SAINT CROIX DR,Salem,MA,1970,(614) 555-6658
1045371,Rusty,Strickland,4650 ANDOVER ST,Framingham,MA,1701,(715) 555-1916
1048618,Maryellen,Grace,3776 VICKSBURG ST,Chelsea,MA,2150,(472) 555-8235
1050344,Stephen,Berry,6912 STEUBEN ST,Cambridge,MA,2140,(545) 555-7442
1052079,Jeremy,Kimball,9338 PARNASSUS AVE,Stoneham,MA,2180,(574) 555-7789
1054311,Emily,Parsons,1387 PRESIDIO AVE,Brighton,MA,2135,(731) 555-2868
1058347,Cornell,Mccray,8019 VAN KEUREN AVE,Somerville,MA,2143,(321) 555-4124
1060522,Allyson,Mann,1251 GOETTINGEN ST,Dorchester Center,MA,2124,(165) 555-6063
1062303,Felecia,Manley,3319 HOFF ST,Allston,MA,2134,(496) 555-7247
1063000,Trina,Coleman,5530 ANTONIO ST,Haverhill,MA,1830,(991) 555-1909
1063698,Rosalie,Adams,4260 BELGRAVE AVE,Cambridge,MA,2140,(284) 555-3262
1066929,Giovanni,Mueller,2141 MARY ST,Dorchester Center,MA,2124,(623) 555-8421
1074560,Karla,Fritz,2956 VASQUEZ AVE,Boston,MA,2118,(794) 555-6854
1076267,Kenton,Holt,3865 LASKIE ST,Newton Center,MA,2459,(782) 555-1823
1080550,Gregory,Cordova,944 SHERIDAN ST,Boston,MA,2116,(818) 555-5085
1083040,Brent,House,6634 PEABODY ST,Hull,MA,2045,(628) 555-4980
1083651,Della,Cruz,5635 BLYTHDALE AVE,Revere,MA,2151,(274) 555-2715
1083879,Ruben,Haas,4072 DUNSMUIR ST,Peabody,MA,1960,(553) 555-3071
1086492,Genevieve,Chandler,2908 CECILIA AVE,Winthrop,MA,2152,(489) 555-4282
1087583,Royce,Orr,730 CHAVES AVE,Pittsfield,MA,1201,(720) 555-3291
1088728,Ferdinand,House,6004 MASSACHUSETTS ST,Hyde Park,MA,2136,(980) 555-2792
1091012,Eliseo,Hobbs,491 GRIJALVA DR,Peabody,MA,1960,(725) 555-3750
1093000,Cari,Ford,803 MONUMENT WAY,Salem,MA,1970,(225) 555-7803
1093907,Lolita,Austin,2501 SOUTH VAN NESS AVE,Lynn,MA,1902,(489) 555-1415
1097750,Mathew,Riggs,3546 LAUREL ST,Westminster,MA,1473,(760) 555-2744
1099697,Lesa,Johnston,7350 BALTIMORE WAY,Boston,MA,2127,(782) 555-3763
1108553,Gerry,Humphrey,2108 TARAVAL ST,Abington,MA,2351,(121) 555-4436
1108981,Marlene,Duncan,8837 EDGEWOOD AVE,Revere,MA,2151,(709) 555-4239
1114477,Tyler,Hines,130 NIAGARA AVE,Boston,MA,2127,(733) 555-2302
1114578,Jamey,Foster,9096 DELLBROOK AVE,Peabody,MA,1960,(509) 555-9438
1116728,Bessie,Ramos,9750 LENOX WAY,Brockton,MA,2301,(916) 555-4277
1117104,Cory,Waller,8185 MAPLE ST,Medford,MA,2155,(296) 555-4317
1117202,Keri,Randolph,4261 MORRELL ST,Salem,MA,1970,(769) 555-1730
1119039,Trenton,Smith,6090 SANTA BARBARA AVE,Peabody,MA,1960,(130) 555-4954
1125565,Conrad,Powers,6728 HERON ST,Waltham,MA,2451,(435) 555-6602
1125899,Lloyd,Contreras,7309 JOHN MUIR DR,Buzzards Bay,MA,2532,(723) 555-9595
1129583,Elvira,Melendez,7316 MADISON ST,Feeding Hills,MA,1030,(118) 555-4571
1132010,Reba,Clements,4587 MISSION ST,Lowell,MA,1851,(389) 555-7012
1133607,William,Hampton,6481 EGBERT AVE,Plymouth,MA,2360,(433) 555-9836
1133660,Althea,Rosales,7172 BIRCH ST,Springfield,MA,1107,(438) 555-8995
1138999,Aron,Riddle,3730 GEORGIA ST,Salem,MA,1970,(173) 555-6333
1140465,Carissa,Frederick,2413 EGBERT AVE,Somerville,MA,2145,(392) 555-9623
1143013,Delphine,Beard,9514 HIGH ST,Boston,MA,2118,(769) 555-5780
1145372,Lottie,Barrera,896 AERIAL WAY,Chelmsford,MA,1824,(483) 555-3602
1150312,Dino,Lucas,2371 JOHN MAHER ST,Peabody,MA,1960,(945) 555-4092
1151416,Elsa,Petersen,4585 SOUTHWOOD DR,Dorchester,MA,2125,(893) 555-3055
1151729,Veronica,Warner,4837 STEUBEN ST,Chicopee,MA,1013,(401) 555-1070
1160544,Al,Hurley,8355 BURNSIDE AVE,Holyoke,MA,1040,(855) 555-6000
1161697,Sergio,Britton,9587 PORTER ST,Boston,MA,2127,(756) 555-4608
1163804,Tonya,Shepherd,3390 MORNINGSIDE DR,Boston,MA,2116,(246) 555-3321
1164972,Ron,Ratliff,6436 BARTLETT ST,Indian Orchard,MA,1151,(747) 555-3191
1166643,Lori,Jones,5613 STEUART ST,Chicopee,MA,1020,(561) 555-3285
1166795,Alton,Mccullough,3364 HALE ST,Stoneham,MA,2180,(256) 555-6408
1167963,Benita,Floyd,8177 MEADOWBROOK DR,Reading,MA,1867,(275) 555-5442
1169198,Parker,Hoffman,5410 GRAFTON AVE,Lowell,MA,1850,(676) 555-9464
1169697,Daisy,Ibarra,8100 MIDWAY ST,Revere,MA,2151,(777) 555-1252
1170681,Tabatha,Parks,991 DOUGLASS ST,Worcester,MA,1607,(943) 555-1617
1176263,Brent,Rucker,7903 SARGENT ST,Brookline,MA,2446,(902) 555-5938
1176519,Leah,Costa,438 WEST POINT RD,Worcester,MA,1605,(264) 555-3183
1177539,Giuseppe,Garrett,4081 STANTON ST,Oxford,MA,1540,(318) 555-7935
1177663,Rocco,Bridges,1779 INVERNESS DR,Brighton,MA,2135,(937) 555-7710
1178870,Janet,Olsen,1391 VISITACION AVE,Boston,MA,2128,(686) 555-1152
1179525,Celestine,Fitzgerald,9248 MADDUX AVE,Malden,MA,2148,(497) 555-4708
1181046,Lorene,Morton,9770 HOFFMAN ST,Everett,MA,2149,(856) 555-9067
1185399,Felton,Petty,1440 THOMAS MELLON DR,Somerville,MA,2144,(933) 555-5918
1187531,Janette,Bradley,2976 RHODE ISLAND ST,Worcester,MA,1602,(169) 555-9042
1188510,Rigoberto,Raymond,7580 BOCANA ST,Malden,MA,2148,(235) 555-5888
1191990,Christy,Palmer,2047 FUNSTON AVE,Medford,MA,2155,(356) 555-2137
1193708,Marty,Rivas,4248 RIO VERDE ST,Melrose,MA,2176,(719) 555-5417
1198347,Delbert,Gillespie,5588 CAINE AVE,Somerville,MA,2143,(234) 555-6833
1198748,Sandy,Kendrick,6997 KEMPTON AVE,Cambridge,MA,2139,(539) 555-4188
1199572,Jack,Numbers,1669 MASSACHUSETTS ST,Springfield,MA,1104,(360) 555-7715
1200423,Theresa,Cantrell,4153 LAUREL ST,Arlington,MA,2474,(342) 555-5001
1201660,Judi,Shannon,9695 JEAN WAY,Lexington,MA,2421,(882) 555-1707
1204273,Bettye,Boucher,1745 VALPARAISO ST,Melrose,MA,2176,(281) 555-8624
1208299,Donte,Lopez,5796 HOUSTON ST,Lynn,MA,1905,(407) 555-3617
1209619,Francine,Greer,8138 RUCKMAN AVE,Lynn,MA,1904,(814) 555-7950
1216821,Jami,Wood,6104 METSON RD,North Grafton,MA,1536,(896) 555-8071
1217412,Benton,Larsen,1832 LONG AVE,Dorchester,MA,2122,(624) 555-2842
1217459,Rigoberto,Cobb,102 ZANOWITZ AVE,Newburyport,MA,1950,(728) 555-3722
1218865,Frederick,Reese,7577 WARREN DR,Stoneham,MA,2180,(153) 555-1652
1219153,Mavis,Stark,8408 MADDUX AVE,Chicopee,MA,1013,(561) 555-6429
1219434,Bonita,Vazquez,3578 DAGGETT ST,Weymouth,MA,2188,(435) 555-9091
1221322,Zoe,Rogers,7317 SIGNAL RD,Tewksbury,MA,1876,(430) 555-2512
1233505,Tracy,Cleveland,5585 JAMESTOWN AVE,Amesbury,MA,1913,(537) 555-7981
1235751,Emmanuel,Cannon,6692 SEARS ST,West Springfield,MA,1089,(517) 555-8504
1236627,Britney,Rocha,8971 MARINER DR,Somerville,MA,2143,(503) 555-8026
1239096,Demetrius,Jimenez,1961 FINLEY RD,Boston,MA,2116,(346) 555-5263
1242243,Justine,Solis,2258 PORTOLA ST,Tewksbury,MA,1876,(597) 555-5133
1244671,Brandy,Griffith,5731 SHERIDAN AVE,Hudson,MA,1749,(674) 555-5090
1246794,Francis,Hunter,9072 INNES AVE,Duxbury,MA,2332,(179) 555-2047
1247057,Robbin,Castaneda,3685 OTIS ST,Woburn,MA,1801,(869) 555-8548
1247517,Shari,Clements,3974 NORTH 15TH AVE,Cambridge,MA,2140,(162) 555-6640
1247932,Sydney,Baird,1100 BRIGHTON AVE,Andover,MA,1810,(324) 555-5725
1247982,Sheree,Padilla,4468 VESTA ST,Chicopee,MA,1020,(964) 555-1456
1248537,Cynthia,Wolf,9376 RICE ST,Salisbury,MA,1952,(152) 555-5280
1251440,Jamel,Webber,4729 VICENTE ST,Lowell,MA,1852,(155) 555-3314
1255899,Kim,Dawson,175 SPRUCE ST,Boston,MA,2116,(289) 555-3236
1256343,Ian,Giles,8684 ZANOWITZ ST,Saugus,MA,1906,(968) 555-4093
1257977,Randolph,Simon,4990 POND ST,Framingham,MA,1701,(715) 555-9969
1259576,Aldo,Evans,5531 POMONA ST,Worcester,MA,1604,(479) 555-1824
1260395,Madonna,Mckee,3798 MARENGO ST,Pittsfield,MA,1201,(439) 555-4828
1261236,Vernon,Marsh,1733 POLARIS WAY,Everett,MA,2149,(452) 555-6347
1262699,Krystle,Brandt,9712 SAUL ST,Dorchester Center,MA,2124,(688) 555-1033
1264585,Horacio,Burnett,1434 MILES ST,Worcester,MA,1606,(432) 555-4474
1268530,Juan,Burnett,5257 LOOMIS ST,Boston,MA,2115,(866) 555-2247
1269426,Stella,Byers,2048 BERKELEY WAY,Dorchester,MA,2122,(685) 555-8789
1269887,Nicky,Alvarado,6516 SPRING ST,Boston,MA,2116,(214) 555-1960
1270083,Maribel,Boyd,5723 NORTH 15TH AVE,Lynn,MA,1905,(735) 555-8235
1270187,Beryl,Mcallister,9207 FIELDING ST,Brockton,MA,2301,(633) 555-1816
1272060,Alba,Bryant,8780 BERKELEY WAY,Chicopee,MA,1020,(726) 555-1354
1276713,Dale,Moreno,3971 CAMERON WAY,Cambridge,MA,2140,(438) 555-7578
1277981,Etta,Torres,3811 ROTTECK ST,Lowell,MA,1852,(726) 555-4957
1278388,Otha,Rutledge,5019 CATALINA ST,Newton Center,MA,2459,(217) 555-9886
1280583,Marylou,Olson,9789 CUMBERLAND ST,North Weymouth,MA,2191,(989) 555-8726
1280843,Sydney,Shaffer,1691 LUNDEEN ST,Lowell,MA,1852,(383) 555-6827
1282302,Josh,Burns,4213 WRIGHT ST,Worcester,MA,1605,(154) 555-9623
1282976,Callie,Payne,6034 IVY ST,Medford,MA,2155,(640) 555-1247
1283336,Winston,Byers,8042 SAN LEANDRO WAY,West Boylston,MA,1583,(443) 555-1848
1285982,Rita,Jordan,6810 SPRUCE ST,Clinton,MA,1510,(818) 555-6904
1288091,Roosevelt,Bush,5762 ILLINOIS ST,Boston,MA,2127,(650) 555-5886
1289518,Kelley,Katz,6810 JAUSS ST,Revere,MA,2151,(379) 555-8320
1292434,Dorian,Chapman,9689 MARSILY ST,Belmont,MA,2478,(931) 555-9692
1296460,Gayle,Roth,5476 MONETA WAY,Pittsfield,MA,1201,(320) 555-5602
1302545,Marcy,Zamora,22 CAMERON WAY,Salem,MA,1970,(226) 555-5047
1303274,Madeline,Burks,5630 VAN BUREN ST,Springfield,MA,1107,(493) 555-3816
1305099,Isidro,Wynn,8852 GROVE ST,Worcester,MA,1603,(401) 555-8015
1305949,Leonard,Mason,8197 CENTRAL AVE,Cambridge,MA,2139,(867) 555-4676
1313259,Ariel,Perry,8075 RANKIN ST,Lowell,MA,1852,(206) 555-9997
1314083,Carol,Ashley,4202 TRUETT ST,Dedham,MA,2026,(968) 555-6748
1315890,Marcelo,Mcdowell,6548 NELLIE ST,Cambridge,MA,2139,(784) 555-6576
1317300,Danial,Nixon,2341 BROAD ST,Brookline,MA,2446,(873) 555-8899
1317578,Sarah,Mathis,6916 SHERMAN ST,Roslindale,MA,2131,(553) 555-5441
1321410,Leonel,Blevins,2522 TRENTON ST,Salem,MA,1970,(940) 555-5261
1328227,Jewel,Crowe,6467 ELSIE ST,Arlington,MA,2476,(332) 555-6114
1328692,Josephine,Felix,6216 SHRADER ST,Revere,MA,2151,(387) 555-3569
1330225,Jeri,Forrest,430 ROSE ST,Winthrop,MA,2152,(719) 555-1933
1331963,Lucy,Petersen,833 LYNCH ST,Medford,MA,2155,(682) 555-5427
1334464,Bart,Griffin,9355 BROOKDALE AVE,Boston,MA,2115,(888) 555-7659
1335144,Nita,Christian,850 MARCELA AVE,Worcester,MA,1602,(664) 555-7033
1335591,Phil,Pike,9449 SHIPLEY ST,Worcester,MA,1602,(825) 555-9941
1336204,Dixie,Miller,9894 BALCETA AVE,Everett,MA,2149,(326) 555-6388
1337333,Margery,Rivera,2510 STANLEY ST,Byfield,MA,1922,(491) 555-7862
1340150,Judy,French,4766 WALTHAM ST,Worcester,MA,1602,(539) 555-1770
1340663,Jaclyn,Duncan,4571 HILL DR,Springfield,MA,1118,(818) 555-7112
1346446,Natalia,Melton,2434 WELSH ST,East Weymouth,MA,2189,(786) 555-1480
1348308,Nellie,Keller,3493 OREILLY AVE,Brighton,MA,2135,(858) 555-2717
1349113,Felix,Nguyen,7158 FRANCE AVE,Pittsfield,MA,1201,(541) 555-3918
1352099,Tamera,Cantrell,215 FILLMORE ST,Worcester,MA,1604,(642) 555-5990
1352584,Jacob,Rivers,9160 VELASCO AVE,Cambridge,MA,2138,(711) 555-9721
1352953,Mercedes,Salinas,3973 GOLD MINE DR,Dorchester Center,MA,2124,(282) 555-7849
1352998,Francis,Bates,958 BATTERY SAFFORD RD,Somerville,MA,2143,(929) 555-4868
1353588,Bart,Buck,349 LATONA ST,Worcester,MA,1603,(652) 555-4299
1355182,Elmo,Bradshaw,6970 EASTMAN ST,Boston,MA,2215,(654) 555-9282
1356361,Ila,Welch,6429 MARSHALL ST,Wilbraham,MA,1095,(383) 555-7146
1356423,Phillip,Jennings,9698 LILLIAN ST,Groveland,MA,1834,(954) 555-2740
1357167,Kira,Greer,8115 SHAFTER AVE,Boston,MA,2118,(498) 555-5401
1359884,Derek,Hartman,2942 DIVISION ST,Somerville,MA,2143,(251) 555-2849
1360947,Daryl,Casey,4137 JOOST AVE,Boston,MA,2128,(874) 555-3603
1361983,Delilah,Delarosa,5554 SOUTH VAN NESS AVE,Holliston,MA,1746,(275) 555-6856
1363511,Denise,Pace,7358 RALSTON AVE,Framingham,MA,1701,(804) 555-8911
1364616,Malinda,David,4228 TALBERT ST,Marblehead,MA,1945,(987) 555-5027
1367335,John,Luna,7929 SANCHES ST,Worcester,MA,1603,(239) 555-4216
1368984,Santos,Mathews,7937 ANTONIO ST,Pittsfield,MA,1201,(484) 555-7283
1369990,Maryanne,Norman,5757 HALLECK ST,Westfield,MA,1085,(607) 555-2209
1372354,Rob,Boyer,8152 MAGNOLIA ST,Somerville,MA,2145,(178) 555-5312
1376120,Jordan,Alexander,6866 MISSION ST,Salem,MA,1970,(279) 555-9458
1377373,Jason,Dailey,3951 BURROWS DR,Pittsfield,MA,1201,(146) 555-6213
1377570,Pauline,Allison,1490 DELLBROOK AVE,Springfield,MA,1107,(939) 555-8475
1379119,Ethan,Robertson,5100 DAKOTA ST,Springfield,MA,1108,(270) 555-3287
1379352,Opal,Massey,9510 OLNEY AVE,Allston,MA,2134,(531) 555-7651
1379966,Lillie,Mosley,9932 DOLORES ST,Revere,MA,2151,(960) 555-1707
1382944,Gail,Reed,4865 STANLEY ST,Randolph,MA,2368,(596) 555-7184
1383074,Kitty,Powers,5606 DIVISION ST,West Springfield,MA,1089,(643) 555-4161
1386924,Fernando,Lane,1411 CONRAD ST,Gloucester,MA,1930,(519) 555-6940
1387270,Haley,Ratliff,3093 KANSAS ST,North Easton,MA,2356,(856) 555-5288
1392204,Isaias,Calderon,4808 BECKETT ST,Millbury,MA,1527,(602) 555-4507
1393345,Abel,Richards,7446 SAN RAFAEL WAY,Sharon,MA,2067,(272) 555-5634
1396298,Vicente,Villanueva,1801 SAN MARCOS AVE,New Bedford,MA,2740,(595) 555-5988
1397720,Amy,Lloyd,2054 SHAFTER AVE,Lynn,MA,1905,(830) 555-8900
1397901,Socorro,Mcmillan,6392 ROBINSON DR,Peabody,MA,1960,(452) 555-8066
1398788,Jewel,Vaughan,3545 VEGA ST,Brighton,MA,2135,(329) 555-7105
1399344,Stephan,Valencia,7319 BOWLING GREEN DR,Malden,MA,2148,(887) 555-8704
1401353,Dan,Starr,6425 TULANE ST,Malden,MA,2148,(968) 555-1799
1404299,Ofelia,Kendrick,5792 YACHT RD,Boston,MA,2114,(807) 555-9973
1405276,Earlene,Morrow,2998 EAST BEACH RD,Saugus,MA,1906,(852) 555-3513
1405521,Vance,Walters,9715 DONAHUE ST,Somerville,MA,2143,(174) 555-7671
1405679,Dianna,Stanley,7293 HUGO ST,Bridgewater,MA,2324,(664) 555-4649
1406385,Erna,Mills,2890 ANZA ST,Lynnfield,MA,1940,(918) 555-7676
1409471,Reed,Hopper,6073 RIDGEWOOD AVE,Holbrook,MA,2343,(508) 555-2881
1410672,Dominique,Mayo,6839 SILVER AVE,Peabody,MA,1960,(407) 555-4636
1410888,Delia,Arnold,6798 WHITTIER ST,Salem,MA,1970,(964) 555-9327
1412112,Carolina,Miles,8705 THOMAS MELLON DR,Brighton,MA,2135,(400) 555-8087
1412878,Rachael,Delacruz,9161 KEITH ST,Worcester,MA,1609,(299) 555-2037
1412895,Damien,Yates,6433 HAWTHORNE ST,Leicester,MA,1524,(557) 555-3190
1413962,Granville,Neal,4147 BROAD ST,Pittsfield,MA,1201,(526) 555-8626
1427158,Melva,Martin,8899 DELTA ST,Salem,MA,1970,(124) 555-2436
1427690,Selena,Camp,4585 SAGAMORE ST,Framingham,MA,1702,(982) 555-2968
1429675,Clifton,Craig,1976 REGENT ST,Springfield,MA,1109,(424) 555-8477
1434722,Carla,Mason,3901 FIELDING ST,Saugus,MA,1906,(269) 555-9313
1434990,Marlin,Mendoza,5275 BLUXOME ST,Revere,MA,2151,(113) 555-8067
1435454,Robbie,Dominguez,2092 GLADYS ST,Worcester,MA,1603,(827) 555-4229
1437266,Ignacio,Faulkner,9469 WINDING WAY,Concord,MA,1742,(244) 555-8285
1439327,Trey,Joseph,3134 GILLETTE AVE,Boston,MA,2127,(160) 555-2534
1440856,Bob,Cunningham,2341 CHRISTOPHER DR,Fall River,MA,2723,(876) 555-6925
1441176,Marlin,Burke,7247 BRIDGEVIEW DR,Boston,MA,2115,(251) 555-9755
1443076,Oralia,Harper,7660 SEVERN ST,Quincy,MA,2169,(468) 555-5645
1443901,Tiffany,Donovan,202 KELLOCH AVE,Boston,MA,2128,(702) 555-8329
1445816,Krystal,Butler,2547 LATONA ST,Malden,MA,2148,(501) 555-2690
1447443,Charmaine,Nieves,9754 SOLA AVE,Worcester,MA,1602,(542) 555-1528
1448576,Monika,Roberts,5827 RIZAL ST,Ashland,MA,1721,(826) 555-4596
1449745,Buddy,Stephenson,9193 WHEELER AVE,Somerville,MA,2143,(228) 555-5445
1449900,Jeremy,Patrick,5564 MILEY ST,Ashburnham,MA,1430,(261) 555-3547
1450247,Noble,Wong,4487 NEVADA ST,Everett,MA,2149,(209) 555-9749
1450284,Taryn,Richardson,6288 MERRITT ST,Hingham,MA,2043,(726) 555-9996
1453849,Abigail,Ray,3231 WILMOT ST,Revere,MA,2151,(385) 555-9550
1454100,Jordon,Molina,3549 OTEGA AVE,Somerville,MA,2144,(381) 555-5206
1456143,Jame,Rowland,9433 CLIPPER COVE WAY,Medfield,MA,2052,(510) 555-5289
1456373,Winston,Hale,4934 TREASURE ISLAND RD,Medford,MA,2155,(782) 555-6534
1456382,Vanessa,Rosario,8300 AUBURN ST,Medford,MA,2155,(697) 555-4993
1457568,Lucy,Norman,2786 RICE ST,Framingham,MA,1702,(584) 555-8341
1458145,Merlin,Burris,8194 TRUBY ST,Lexington,MA,2420,(826) 555-5032
1458285,Betty,James,4973 VICKSBURG ST,Revere,MA,2151,(290) 555-7882
1459602,Delmar,Herring,9132 VASQUEZ AVE,Framingham,MA,1702,(901) 555-5193
1463753,Courtney,Greene,7115 SENECA AVE,Dorchester,MA,2125,(511) 555-8342
1469266,Graham,Eldridge,9881 OHLONE WAY,Worcester,MA,1609,(644) 555-1478
1469285,Nadine,Henderson,4674 MILES ST,Woburn,MA,1801,(682) 555-4995
1471249,Vickie,Mayer,639 EDGAR AVE,Allston,MA,2134,(339) 555-7286
1472087,Rachelle,Burch,2565 SAWYER ST,Boston,MA,2128,(151) 555-8929
1473822,Wilma,Warren,4238 MAYWOOD DR,Pittsfield,MA,1201,(292) 555-1315
1475618,Ofelia,Crane,4820 STEINER ST,Springfield,MA,1119,(537) 555-9353
1476650,Len,Marsh,5787 SOUTHWOOD DR,Boston,MA,2118,(846) 555-2296
1476871,Kirsten,Guzman,3800 OTIS ST,Brighton,MA,2135,(999) 555-9346
1477745,Dannie,Calhoun,6533 COLUMBUS AVE,Natick,MA,1760,(940) 555-8365
1480267,Wilmer,Lee,5163 NORTH GATE RD,Jamaica Plain,MA,2130,(212) 555-2984
1481601,Krystal,Jefferson,651 BERKSHIRE WAY,Centerville,MA,2632,(759) 555-9405
1486470,Chas,Morales,6776 GENEVA AVE,Boston,MA,2127,(884) 555-9105
1486476,Osvaldo,Flowers,16 PASADENA ST,Springfield,MA,1109,(746) 555-4394
1489505,Morris,Koch,6034 DEMING ST,Boston,MA,2128,(809) 555-9238
1492217,Bernard,Miller,395 GATEVIEW AVE,Springfield,MA,1104,(906) 555-8277
1492652,Rod,Webster,6439 WAWONA ST,North Billerica,MA,1862,(999) 555-2473
1492812,Lucien,Boyer,4175 DORCAS WAY,Boston,MA,2127,(716) 555-8137
1496310,Kristopher,Hoover,980 HOWARD RD,Medford,MA,2155,(495) 555-5356
1497397,Kathrine,Griffin,3883 CAMBRIDGE ST,Framingham,MA,1701,(203) 555-5017
1498384,Lois,Bartlett,4097 GUTTENBERG ST,Boston,MA,2128,(275) 555-7944
1498587,Muriel,Forrest,3841 WATT AVE,Peabody,MA,1960,(451) 555-7635
1499401,Asa,Whaley,8694 CASITAS AVE,Worcester,MA,1602,(307) 555-9560
1502037,Isabell,Deleon,6538 CRISSY FIELD AVE,Cherry Valley,MA,1611,(374) 555-2423
1502504,Dominique,Mclaughlin,1472 BOUTWELL ST,Dorchester,MA,2125,(338) 555-8281
1502851,Lela,Medina,488 CORDELIA ST,Arlington,MA,2476,(935) 555-8157
1507526,Celeste,Erickson,9568 STONE ST,Dorchester,MA,2125,(232) 555-2996
1516297,Rolando,Suarez,6249 EXPOSITION DR,East Weymouth,MA,2189,(503) 555-5630
1518278,Jonathan,Pickett,6984 GATEVIEW AVE,Boston,MA,2163,(793) 555-1737
1518897,Bernie,Phelps,8362 ELIZABETH ST,Feeding Hills,MA,1030,(118) 555-3000
1518907,Kelly,Miranda,6732 BALTIMORE WAY,Dorchester,MA,2125,(606) 555-7779
1520066,Sheryl,Pena,2164 MISSISSIPPI ST,Swampscott,MA,1907,(274) 555-3416
1520579,Carlton,Cantu,4967 MCALLISTER ST,Canton,MA,2021,(656) 555-5226
1525399,Martin,Curtis,3708 BALCETA AVE,Boston,MA,2109,(215) 555-7471
1530791,Gus,Slater,3324 ROTTECK ST,Southwick,MA,1077,(390) 555-4141
1532405,Arthur,Navarro,6182 MONTGOMERY ST,Brighton,MA,2135,(314) 555-4323
1534529,Bennie,Mcallister,3979 PUEBLO ST,Worcester,MA,1602,(745) 555-3114
1535805,Minh,Branch,5293 REARDON RD,Natick,MA,1760,(966) 555-4887
1544458,Lidia,Knox,3642 HARBOR RD,Chicopee,MA,1020,(939) 555-8057
1548166,Winona,Connor,3470 HUSSEY ST,Roslindale,MA,2131,(314) 555-3913
1548438,Fern,Hutchins,1629 WALLER ST,Worcester,MA,1605,(706) 555-6956
1548644,Ernesto,Seymour,3998 WHIPPLE AVE,Worcester,MA,1605,(548) 555-6305
1549718,Angel,Cameron,327 MONTE VISTA DR,Cambridge,MA,2139,(978) 555-7515
1549806,Lazaro,Hansen,2927 OAK PARK DR,Malden,MA,2148,(251) 555-3512
1551950,Brigitte,Gregg,8160 NAVY RD,Dedham,MA,2026,(436) 555-2405
1553396,Raleigh,Bass,8796 HOFFMAN ST,Walpole,MA,2081,(838) 555-9670
1553922,Nan,Boucher,2532 FRANCE AVE,Palmer,MA,1069,(456) 555-4864
1557360,Joy,Woodard,9849 PLYMOUTH AVE,Belchertown,MA,1007,(246) 555-4205
1560393,Martin,Becker,2085 LA SALLE AVE,Easthampton,MA,1027,(305) 555-2313
1562027,Trina,Elmore,233 DE MONTFORT AVE,Everett,MA,2149,(336) 555-5962
1570606,Hilton,Kirby,5654 MERSEY ST,Quincy,MA,2169,(633) 555-4297
1571369,Clark,Kline,684 LAMARTINE ST,Cambridge,MA,2139,(900) 555-5632
1572709,Aisha,Moon,5370 CANDLESTICK COVE WAY,Hudson,MA,1749,(408) 555-3319
1572898,Allene,Chase,9201 REPOSA WAY,Florence,MA,1062,(592) 555-7110
1578082,Darron,Sargent,6179 ESQUINA DR,Boston,MA,2215,(706) 555-8500
1578598,Alta,Vega,1774 BATTERY EAST RD,Dorchester,MA,2121,(343) 555-5525
1581813,Sheldon,Obrien,5445 SANSOME ST,Lowell,MA,1854,(211) 555-1820
1582805,Rosita,Vaughan,5896 MESA AVE,Leicester,MA,1524,(823) 555-9099
1582953,Stewart,Richardson,4278 MARIETTA DR,Lowell,MA,1852,(426) 555-2815
1586859,Joyce,Goss,8604 GETZ ST,Randolph,MA,2368,(501) 555-5455
1587113,Kirby,Obrien,8996 MORNINGSIDE DR,Quincy,MA,2169,(396) 555-4515
1587138,Theo,Lee,8436 FANNING WAY,Quincy,MA,2169,(621) 555-8304
1589302,Lisa,Merrill,731 TULARE ST,Hyde Park,MA,2136,(830) 555-5944
1591144,Stan,Leon,6131 SOUTH VAN NESS AVE,Longmeadow,MA,1106,(996) 555-3532
1594219,Rusty,Frost,7092 MOFFITT ST,West Roxbury,MA,2132,(613) 555-7457
1596961,Michelle,Boggs,7754 SAN FELIPE AVE,Merrimac,MA,1860,(907) 555-7605
1598724,Randy,Walden,1438 CLYDE ST,Shrewsbury,MA,1545,(927) 555-7699
1598912,Tommie,Bean,3647 WOOD ST,Boston,MA,2118,(657) 555-4995
1599728,Lesley,Mccarty,8219 HEARST AVE,Framingham,MA,1702,(544) 555-6982
1599736,Ambrose,Yang,622 GREENWICH ST,Malden,MA,2148,(657) 555-4006
1601067,Selma,Hines,1424 MONTECITO AVE,Roslindale,MA,2131,(641) 555-9893
1602227,Latanya,Downing,6858 SERRANO DR,Worcester,MA,1602,(567) 555-5683
1603615,Doug,Todd,8523 SOLA AVE,Peabody,MA,1960,(986) 555-9962
1605648,Marisol,Daniel,2546 HORACE ST,Chelsea,MA,2150,(508) 555-7978
1607546,Greta,Rocha,4916 VASQUEZ AVE,Brookline,MA,2446,(337) 555-3413
1608708,Reggie,Butts,3054 MANSEAU ST,Haverhill,MA,1832,(796) 555-9545
1609758,Ruben,Fuentes,5544 KINZEY ST,Cambridge,MA,2139,(193) 555-5787
1610017,Eleanore,Weaver,8526 BERNARD ST,Hubbardston,MA,1452,(132) 555-8443
1610686,Boyd,Pratt,1298 SANCHES ST,Northborough,MA,1532,(782) 555-6384
1611688,Demetria,Carey,7543 PROSPECT AVE,Worcester,MA,1610,(468) 555-5467
1611812,Garrett,Bingham,7181 MIZPAH ST,Lynn,MA,1902,(453) 555-2482
1612410,Trisha,Hayden,547 GRAND VIEW AVE,Fitchburg,MA,1420,(115) 555-6563
1613900,Erwin,Watts,2180 MACALLA RD,Boston,MA,2114,(266) 555-3711
1613953,Marlene,Winters,4022 LENOX WAY,West Boylston,MA,1583,(621) 555-6952
1614232,Elvin,Abbott,1692 SOUTHERN HEIGHTS AVE,Lowell,MA,1851,(702) 555-2792
1618024,Hank,Floyd,6307 PRESIDIO AVE,Medford,MA,2155,(100) 555-6693
1619950,Ken,Hancock,721 RUCKMAN AVE,Cambridge,MA,2139,(942) 555-5032
1620477,Fredrick,Elkins,4551 SPRECKELS LAKE DR,Lowell,MA,1851,(800) 555-7317
1624071,Kerry,Mcmillan,8060 HEARST AVE,Dorchester,MA,2125,(259) 555-5299
1625319,Inez,Clark,3952 FANNING WAY,Lowell,MA,1854,(975) 555-5260
1625791,Fredrick,Casey,912 NORTH POINT ST,Wrentham,MA,2093,(157) 555-1541
1629880,Daisy,Montoya,1036 BROAD ST,Melrose,MA,2176,(943) 555-8720
1630886,Desiree,Justice,5681 HALE ST,Boston,MA,2116,(747) 555-5004
1631649,Andrea,Gore,2503 HUDSON AVE,Melrose,MA,2176,(365) 555-9974
1632015,Jeanette,Huffman,7856 SERGEANT JOHN V YOUNG ST,Saugus,MA,1906,(191) 555-9408
1635501,Jesse,Bradford,4704 RICE ST,Worcester,MA,1604,(590) 555-1066
1637765,Natalia,Bishop,9482 CECILIA AVE,Lynn,MA,1905,(402) 555-9240
1639659,Lynn,Carson,6837 MILTON ST,Tyngsboro,MA,1879,(205) 555-4567
1641223,Gale,Decker,8711 HERMANN ST,Boston,MA,2128,(802) 555-2013
1642523,Seymour,Martin,3878 SUNRISE WAY,Methuen,MA,1844,(738) 555-1921
1645200,Valentin,Solis,3221 AMETHYST WAY,Wellesley,MA,2482,(926) 555-6512
1649967,Tyson,Kane,3938 STANDISH AVE,Framingham,MA,1702,(403) 555-7895
1650983,Johanna,Broussard,5180 SEVILLE ST,Framingham,MA,1701,(689) 555-5583
1656539,Victoria,Garcia,2448 HUGO ST,Quincy,MA,2169,(475) 555-2453
1657175,Ramiro,Donovan,9390 GARFIELD ST,Malden,MA,2148,(875) 555-8805
1657339,Dominique,Rodriguez,7033 LANE ST,Somerville,MA,2143,(316) 555-6429
1658533,Cordell,Ratliff,1211 JORDAN AVE,Marblehead,MA,1945,(561) 555-4137
1660822,Chet,Church,1150 LEDYARD ST,Lowell,MA,1852,(634) 555-7454
1665491,Sheree,Warren,727 TAYLOR ST,Boston,MA,2128,(406) 555-2219
1665863,Margaret,Walton,8356 KIRKHAM ST,Dorchester,MA,2125,(929) 555-9597
1668151,Kelsey,Cotton,2343 LINCOLN WAY,Belmont,MA,2478,(729) 555-1171
1669341,Jason,Bush,9903 HARDIE AVE,Holyoke,MA,1040,(275) 555-5106
1670891,Colleen,Sellers,7317 CONVERSE ST,Brighton,MA,2135,(838) 555-8053
1675089,Tracy,Hopper,3525 MESA AVE,Worcester,MA,1602,(491) 555-2246
1676516,Rena,Larsen,4157 GABILAN WAY,Auburn,MA,1501,(544) 555-3306
1678506,Isreal,Starr,6288 DE LONG ST,Somerville,MA,2143,(672) 555-5620
1681786,Brianne,Little,7745 MACEDONIA ST,Salem,MA,1970,(414) 555-3709
1684245,Trinidad,Lewis,2756 PIERCE ST,Arlington,MA,2476,(452) 555-5258
1684292,Oma,Cowan,4406 ANZA ST,Cambridge,MA,2138,(522) 555-3623
1689467,Alvina,Drake,107 JULES AVE,Charlestown,MA,2129,(129) 555-5340
1690106,Bryce,Olson,556 MESA AVE,Brookline,MA,2446,(519) 555-8182
1690961,Bridgett,Harding,639 SOUTHWOOD DR,Medford,MA,2155,(116) 555-1349
1695507,Tabitha,Owen,1804 FIRST DR,Cambridge,MA,2140,(846) 555-8850
1696406,Herbert,Short,2959 SYCAMORE ST,Boston,MA,2128,(408) 555-2301
1697688,Lizzie,Dailey,4301 SIGNAL RD,Canton,MA,2021,(242) 555-4303
1698135,Conrad,Forbes,731 ARELIOUS WALKER DR,Waltham,MA,2452,(157) 555-9561
1699767,Lupe,Powers,5393 TODD ST,East Freetown,MA,2717,(927) 555-7801
1700281,Devon,Gross,6086 FAITH ST,Everett,MA,2149,(167) 555-1562
1702854,Beryl,Knowles,3154 CYPRESS ST,Boston,MA,2111,(999) 555-3608
1707519,Erlinda,Neal,2236 IOWA ST,Boston,MA,2115,(528) 555-6194
1707847,Krystal,Olson,8222 URBANO DR,Brookline,MA,2446,(925) 555-1316
1709974,Barry,Roberson,3049 CASTELO AVE,North Billerica,MA,1862,(347) 555-5689
1713513,Dana,Eaton,5766 LINCOLN WAY,Watertown,MA,2472,(722) 555-9849
1716912,Caryn,Trujillo,1490 MAGELLAN AVE,Marlborough,MA,1752,(756) 555-1302
1720675,Bob,Herrera,926 VICENTE ST,Pittsfield,MA,1201,(681) 555-8431
1724302,Katie,Watts,6077 SOUTH VAN NESS AVE,Billerica,MA,1821,(729) 555-7346
1729736,Grady,Ingram,8188 BAY ST,Beverly,MA,1915,(549) 555-6440
1730184,Hassan,Rose,7524 HAVENSIDE DR,Shrewsbury,MA,1545,(376) 555-2105
1731482,Theodora,Heath,6982 HANCOCK ST,Framingham,MA,1702,(456) 555-7995
1733752,Normand,Hebert,9707 MYRTLE ST,Roxbury,MA,2119,(872) 555-1437
1736091,Justine,Shepherd,6035 FOREST SIDE AVE,Cambridge,MA,2139,(191) 555-5716
1736470,Jill,Holt,7046 EXETER ST,Longmeadow,MA,1106,(328) 555-8778
1736771,Harris,Levy,925 PARADISE AVE,Worcester,MA,1609,(668) 555-7143
1738208,Mellissa,Terry,5473 NORTH 15TH AVE,Medford,MA,2155,(854) 555-8486
1740806,Jessica,Hollis,8382 ARNOLD AVE,Marblehead,MA,1945,(237) 555-3026
1742315,Dianne,Fields,1577 FUNSTON AVE,Boston,MA,2127,(938) 555-8836
1743549,Sybil,Logan,236 AVERY ST,Methuen,MA,1844,(170) 555-3399
1748521,Tamra,Baxter,2254 JOHN ST,Malden,MA,2148,(166) 555-4831
1750655,Nikki,Ramirez,524 WOOLSEY ST,Lynn,MA,1904,(414) 555-9087
1750704,Alfredo,Petersen,3661 TODD ST,Arlington,MA,2474,(671) 555-5779
1753067,Dorothea,Herrera,7462 FELTON ST,Stoneham,MA,2180,(771) 555-7188
1754074,Mohammad,Moss,8745 CASTLE MANOR AVE,Essex,MA,1929,(325) 555-4212
1757589,Marva,Cash,9426 GLENVIEW DR,Woburn,MA,1801,(219) 555-1655
1757703,Clifton,Jensen,4839 VALLEJO ST,Quincy,MA,2169,(626) 555-2227
1758986,Long,Tate,3937 HARDIE AVE,Lowell,MA,1854,(828) 555-1912
1761379,Bethany,Moyer,4980 WEBSTER ST,Cambridge,MA,2141,(597) 555-3314
1766448,Bruno,Mcginnis,5016 CECILIA AVE,Brighton,MA,2135,(427) 555-1435
1767332,Harland,Fitzpatrick,6924 NUEVA AVE,Hyde Park,MA,2136,(856) 555-6004
1767835,Solomon,Whitley,8274 BENNINGTON ST,North Adams,MA,1247,(993) 555-1617
1775857,Johnathon,Flowers,4767 PROGRESS ST,Milton,MA,2186,(532) 555-6612
1776555,Anita,Kendall,9816 SALINAS AVE,Cambridge,MA,2141,(385) 555-3206
1780462,Chase,Hartman,8763 GIANTS DR,Framingham,MA,1702,(519) 555-5601
1781712,Angelina,Woods,1611 GETZ ST,Brighton,MA,2135,(881) 555-7305
1782530,Tillie,Michael,5607 SATURN ST,Lowell,MA,1854,(402) 555-2468
1783169,Pablo,Baird,7385 DELANCEY ST,Worcester,MA,1605,(390) 555-1176
1785138,Isiah,Ortiz,5084 CASELLI AVE,Framingham,MA,1701,(293) 555-7754
1786594,Bianca,Stokes,5855 DONAHUE ST,Salem,MA,1970,(233) 555-3696
1788410,Jed,Kerr,3627 IRWIN ST,Lynn,MA,1902,(122) 555-8343
1788896,Jared,Fontenot,4530 ARLETA AVE,Boston,MA,2210,(180) 555-1823
1798734,Avis,Hardy,315 LAPHAM WAY,Pittsfield,MA,1201,(237) 555-2555
1800273,Roy,Pierce,2523 MYRA WAY,Jamaica Plain,MA,2130,(278) 555-1904
1800927,Shirley,Holmes,253 MARTIN LUTHER KING JR DR,Beverly,MA,1915,(118) 555-1252
1801851,Amanda,Hensley,2098 SPRING ST,Somerville,MA,2145,(175) 555-1328
1802547,Marshall,Blevins,5570 MISSION ROCK ST,Colrain,MA,1340,(714) 555-3969
1804922,Melissa,Warren,4903 WESTMOORLAND DR,Springfield,MA,1107,(985) 555-4175
1808600,Allan,Mason,5831 ISIS ST,Bedford,MA,1730,(922) 555-3135
1810856,Clayton,Heath,7235 LONG AVE,North Chelmsford,MA,1863,(826) 555-9265
1810879,Abram,Higgins,5731 RIVERTON DR,Worcester,MA,1602,(404) 555-4295
1811206,Adan,Hamilton,2787 ELMIRA ST,Danvers,MA,1923,(105) 555-8111
1811815,Lorie,Valencia,2736 MENDOSA AVE,West Roxbury,MA,2132,(703) 555-4078
1813236,Lessie,Barber,6365 EAST RD,Lee,MA,1238,(979) 555-5719
1816354,Tillie,Emerson,8339 MASSACHUSETTS ST,Marlborough,MA,1752,(975) 555-9722
1818304,Salvador,Velasquez,2226 SPRINGFIELD DR,Holyoke,MA,1040,(521) 555-1292
1821775,Billy,Joyner,8917 SPRING ST,Natick,MA,1760,(646) 555-7629
1822213,Trevor,Maddox,1426 SERGEANT JOHN V YOUNG ST,Webster,MA,1570,(531) 555-5705
1826366,Earline,Ferguson,8185 OTEGA AVE,Charlton,MA,1507,(137) 555-8357
1828780,Brianna,Rivas,6885 CATALINA ST,Milford,MA,1757,(871) 555-9861
1835110,Vince,Byrd,3207 BERRY ST,Revere,MA,2151,(909) 555-2058
1839568,Tawana,Francis,7771 COUNTRY CLUB DR,Everett,MA,2149,(148) 555-9114
1840497,Hugh,Page,8571 TAYLOR RD,Holyoke,MA,1040,(811) 555-8814
1841705,Gena,Cross,6617 COLLEEN WAY,Worcester,MA,1605,(269) 555-2480
1843461,Hal,Christopher,808 RAUSCH ST,Cambridge,MA,2139,(721) 555-6106
1844757,Booker,Roman,2885 YORK ST,Saugus,MA,1906,(689) 555-4899
1845543,Herminia,Robinson,8104 GOLD MINE DR,Worcester,MA,1606,(401) 555-7343
1846643,Winifred,Pratt,3629 THOMAS MELLON DR,Newburyport,MA,1950,(949) 555-2808
1848740,Carla,Andrade,7857 DE MONTFORT AVE,Boston,MA,2118,(364) 555-4234
1849591,Cassandra,Collins,39 GIRARD RD,Malden,MA,2148,(624) 555-3112
1851469,Cecil,Short,8647 GREENOUGH AVE,West Wareham,MA,2576,(799) 555-2094
1853021,Rafael,Salas,528 ORA WAY,Saugus,MA,1906,(610) 555-9931
1853837,Leon,Washington,3503 COLEMAN ST,Cambridge,MA,2138,(421) 555-7306
1857151,Jordan,Norris,7627 MADDUX AVE,Pittsfield,MA,1201,(186) 555-1683
1861508,Zane,Lyons,9257 GILLETTE AVE,Wilmington,MA,1887,(141) 555-9811
1866932,Harvey,Waters,5899 SICKLES AVE,Nantucket,MA,2554,(834) 555-9884
1867005,Fletcher,Mcneil,8551 ORA WAY,Taunton,MA,2780,(940) 555-9060
1867936,Edison,Harris,1323 NORTHPOINT DR,Saugus,MA,1906,(366) 555-4292
1872517,Tracie,Cantu,2982 VALLEY ST,Lynn,MA,1902,(329) 555-1259
1873558,Freida,Hammond,3802 MOFFITT ST,Norwood,MA,2062,(984) 555-2564
1874207,Karen,Bridges,5359 SAN LUIS AVE,Holden,MA,1520,(407) 555-5341
1876570,Jasper,Shea,9742 LOBOS ST,Whately,MA,1093,(546) 555-2980
1876786,Katharine,Schwartz,6330 VAN BUREN ST,Mattapan,MA,2126,(717) 555-3133
1877759,Haley,Lamb,7949 PALOU AVE,Lynn,MA,1902,(824) 555-2024
1882424,Stacy,Ewing,1673 BALANCE ST,Newton,MA,2458,(279) 555-9521
1883734,Eldon,Lamb,8579 BLYTHDALE AVE,West Springfield,MA,1089,(940) 555-3975
1884873,Dewey,Levine,7042 BERKELEY WAY,Watertown,MA,2472,(442) 555-9331
1886212,Gus,Krause,516 RUDDEN AVE,Salem,MA,1970,(815) 555-4732
1886370,Leona,Crowley,5331 HAYS ST,Lawrence,MA,1843,(614) 555-4092
1887150,Carlos,Cross,7783 INDIANA ST,Haverhill,MA,1830,(658) 555-8005
1892325,Luther,Yang,8755 MOULTON ST,Wakefield,MA,1880,(446) 555-9302
1893959,Stan,Moreno,3476 TACOMA ST,Dorchester,MA,2121,(215) 555-7476
1894044,Maxwell,Dorsey,3637 AHERN WAY,Boston,MA,2128,(611) 555-9643
1896272,Fatima,Hampton,1359 RANDOLPH ST,Boston,MA,2118,(181) 555-2021
1905381,Shauna,Gallagher,4620 LATONA ST,Boston,MA,2116,(349) 555-4586
1905773,Eva,Orr,6867 ACACIA AVE,North Reading,MA,1864,(255) 555-1385
1906381,Lyman,Polk,3611 OTTAWA AVE,Lowell,MA,1852,(991) 555-8590
1907590,Rocco,Ellis,7771 LEE AVE,Boston,MA,2127,(216) 555-6115
1907726,Fernando,Santiago,9548 JULES AVE,Chelmsford,MA,1824,(234) 555-3447
1908332,Scotty,Christensen,1834 ARELLANO AVE,Belmont,MA,2478,(722) 555-3929
1909348,Vicki,Alston,1040 HIGH ST,Dorchester,MA,2125,(883) 555-9779
1911133,Louie,Stark,2 CRYSTAL ST,Greenfield,MA,1301,(120) 555-5931
1911560,Elvin,Kirkland,3586 WEST VIEW AVE,Cambridge,MA,2140,(719) 555-7941
1911645,Pearlie,Keller,6503 CONGDON ST,Quincy,MA,2169,(816) 555-4935
1915112,Lourdes,Goodman,8382 VICENTE ST,Somerville,MA,2145,(498) 555-1920
1915474,Lucinda,Rasmussen,7630 NORTH GATE RD,Dracut,MA,1826,(710) 555-5634
1918276,Terri,Soto,7438 BOWLEY ST,Marshfield,MA,2050,(825) 555-5697
1918711,Marilyn,Rosario,9560 BALCETA AVE,Brockton,MA,2302,(912) 555-8473
1923823,Von,Schaefer,7438 NAUMAN RD,Boston,MA,2128,(418) 555-8520
1924508,Herschel,Blanchard,6680 SHERIDAN AVE,Salem,MA,1970,(290) 555-7496
1928350,Katharine,Donahue,4125 SPARTA ST,Worcester,MA,1603,(820) 555-2146
1928850,Rueben,Powell,5195 SAN DIEGO AVE,Roslindale,MA,2131,(190) 555-7150
1929492,Joan,Peters,1427 BALANCE ST,Chicopee,MA,1020,(419) 555-9745
1930733,Rashad,Gray,9904 WOODLAND AVE,Chelsea,MA,2150,(174) 555-1322
1933059,Winford,Lloyd,3234 EXCELSIOR AVE,Brookline,MA,2445,(797) 555-6315
1933231,Kenneth,Boyle,5660 ROBINHOOD DR,Somerville,MA,2145,(518) 555-1120
1934883,Emilie,Roberson,8464 RUSSELL ST,Brighton,MA,2135,(488) 555-8645
1935756,Jeanne,Bowers,9675 DIVISADERO ST,Boston,MA,2118,(107) 555-5792
1936645,Hipolito,Ayers,5523 DAWNVIEW WAY,Shrewsbury,MA,1545,(638) 555-3414
1938054,Ruth,Mccoy,8937 STEUBEN ST,Danvers,MA,1923,(412) 555-9713
1941635,Jasmine,Bailey,678 OLIVER ST,Framingham,MA,1701,(487) 555-1496
1945286,Pasquale,Marquez,1264 DORLAND ST,Peabody,MA,1960,(655) 555-1493
1947283,Lorri,Hammond,7884 MONTGOMERY ST,West Boylston,MA,1583,(569) 555-1588
1948135,Sidney,Raymond,4135 MONETA WAY,Cambridge,MA,2138,(190) 555-9212
1950960,Keri,Hutchinson,1816 ANNIE ST,East Walpole,MA,2032,(215) 555-9542
1954053,Laurel,Hatfield,4979 COLLEGE AVE,Boston,MA,2128,(724) 555-4042
1962334,Ola,Schwartz,2105 EUREKA ST,Quincy,MA,2169,(853) 555-6542
1963019,Johnie,Harden,7461 ESQUINA DR,Medford,MA,2155,(788) 555-8058
1964150,Ezra,Leon,61 SAWYER ST,Westfield,MA,1085,(944) 555-3255
1965484,Myrtle,Newman,1424 JOHN MUIR DR,Peabody,MA,1960,(773) 555-2973
1969985,Anna,Hunt,8835 ROTTECK ST,Salem,MA,1970,(897) 555-4532
1974135,Fatima,Sharpe,1409 CRESTLAKE DR,West Brookfield,MA,1585,(438) 555-8673
1976587,Lashawn,Sullivan,2765 MONTE VISTA DR,Dracut,MA,1826,(553) 555-8613
1977023,Mayme,Castro,7584 GOLD ST,Somerville,MA,2143,(201) 555-3219
1979904,Katina,Lewis,9715 EARL ST,Springfield,MA,1108,(939) 555-6259
1979955,Kendall,Elliott,8862 PRIEST ST,Revere,MA,2151,(465) 555-7621
1980430,Lucille,Huff,8406 WALLACE AVE,Salisbury,MA,1952,(911) 555-1957
1981231,Kelly,Wise,4529 CRAUT ST,Everett,MA,2149,(778) 555-3788
1983541,Hoyt,Bowen,5043 JUDSON AVE,Cambridge,MA,2139,(122) 555-7482
1986065,Wilburn,Nguyen,1448 COLBY ST,Somerville,MA,2144,(632) 555-3016
1986764,Carter,Hopper,8747 MCALLISTER ST,West Hatfield,MA,1088,(305) 555-4614
1987705,Renee,Ruiz,1645 COLIN P KELLY JR ST,Woburn,MA,1801,(699) 555-3941
1994055,Abe,Newell,3523 PORTAL DR,Worcester,MA,1604,(805) 555-3080
1999392,Deidre,Duffy,1372 SYCAMORE ST,Allston,MA,2134,(491) 555-5832
2002488,Lacey,Hayes,8741 LANDERS ST,Lowell,MA,1852,(805) 555-2651
2006768,Reginald,Kendall,7749 TOPEKA AVE,Lowell,MA,1852,(618) 555-6917
2012640,Herman,Tucker,3791 MARTIN AVE,West Springfield,MA,1089,(834) 555-1114
2013154,Jae,Barry,8466 VICKSBURG ST,Canton,MA,2021,(807) 555-6211
2014263,Herschel,Ramsey,8896 NORTH GATE RD,Weymouth,MA,2188,(745) 555-8964
2014709,Ignacio,Dixon,5102 WHITECLIFF WAY,Melrose,MA,2176,(606) 555-6792
2019954,Giovanni,Mcconnell,9217 OREILLY AVE,Saugus,MA,1906,(855) 555-2463
2019978,Harland,Carver,4259 MIDWAY ST,Quincy,MA,2169,(230) 555-9237
2021269,Johnnie,Little,9788 STEINER ST,Brockton,MA,2302,(265) 555-2302
2023164,Aida,Mullen,2677 DARTMOUTH ST,Framingham,MA,1702,(174) 555-9877
2023292,Jarod,Foley,8415 MIDCREST WAY,Springfield,MA,1104,(715) 555-6227
2028821,Millie,Ewing,8150 BRIDGEVIEW DR,Boston,MA,2210,(103) 555-5066
2034452,Maureen,Calderon,7155 DONAHUE ST,Canton,MA,2021,(932) 555-5307
2035837,Leora,Frazier,491 MCKINLEY AVE,Braintree,MA,2184,(107) 555-2596
2037116,Gale,Burns,5703 MACALLA RD,Melrose,MA,2176,(915) 555-5845
2042603,Claudia,Wise,4094 SHERMAN ST,Chicopee,MA,1020,(984) 555-3875
2044736,Kermit,Morris,8944 BELLA VISTA WAY,Acton,MA,1720,(499) 555-6382
2046148,Leah,Leach,9013 POINT LOBOS AVE,Lowell,MA,1851,(690) 555-6727
2048296,Lolita,Mercer,1967 DWIGHT ST,Feeding Hills,MA,1030,(263) 555-1770
2048750,Terry,Flowers,6087 CHILD ST,Melrose,MA,2176,(646) 555-8657
2053229,William,Riddle,8242 MERCEDES WAY,Brookline,MA,2446,(890) 555-1194
2054613,Natalia,Carr,3324 HANCOCK ST,Lowell,MA,1851,(413) 555-4460
2057857,Tyree,Evans,9647 OTTAWA AVE,Shrewsbury,MA,1545,(218) 555-7954
2057971,Sherry,Kirkland,3586 YOSEMITE AVE,Melrose,MA,2176,(171) 555-8713
2058754,Cecelia,Farley,182 LILLIAN ST,Lowell,MA,1850,(477) 555-8093
2060698,Loraine,White,6688 HARDIE AVE,Springfield,MA,1107,(835) 555-7871
2062416,Verda,Joyce,2779 NOE ST,Boston,MA,2128,(238) 555-8562
2063941,Alma,Fowler,1404 GOLD MINE DR,Boston,MA,2128,(289) 555-3715
2065409,Gertrude,Hickey,5953 PEABODY ST,Lowell,MA,1850,(380) 555-5932
2066791,Earline,Hobbs,6456 SAGAMORE ST,Quincy,MA,2169,(249) 555-9989
2073937,Leon,Guzman,3494 SANTA MONICA WAY,West Springfield,MA,1089,(446) 555-2389
2075459,Benito,Magee,5881 SHERIDAN ST,Dorchester,MA,2125,(452) 555-7655
2075896,Jan,Harper,4554 PRETOR WAY,Medford,MA,2155,(900) 555-3401
2076842,Matilde,Lyons,6385 YOUNG ST,Amesbury,MA,1913,(737) 555-6116
2077125,Orval,Foley,8960 GRATTAN ST,Springfield,MA,1129,(927) 555-5278
2077665,Tracy,Higgins,6397 PRIEST ST,Chelsea,MA,2150,(491) 555-4536
2077786,Gail,Goldstein,9829 SAINT JOSEPHS AVE,Harvard,MA,1451,(929) 555-3185
2079266,Dolly,Mayo,9287 ZOE ST,Springfield,MA,1129,(317) 555-6614
2080833,Nora,Ford,9502 CONCOURSE DR,Dorchester,MA,2122,(423) 555-2475
2081509,Bert,Battle,4087 ARMISTEAD RD,Boston,MA,2114,(372) 555-9657
2084214,Joni,Mendez,150 OAK ACCESS RD,Dorchester Center,MA,2124,(799) 555-3479
2084530,Claude,Hester,2826 AVILA ST,Wayland,MA,1778,(237) 555-4520
2085419,Hortencia,Akers,1881 MANZANITA AVE,Worcester,MA,1604,(440) 555-7425
2086516,Aaron,Flanagan,8144 RAVENWOOD DR,Peabody,MA,1960,(620) 555-7187
2088391,Jayne,Goldstein,333 FREELON ST,Tyngsboro,MA,1879,(907) 555-8516
2088911,Belinda,Grimes,5947 CHRISTOPHER DR,Jamaica Plain,MA,2130,(256) 555-4751
2090137,Concepcion,Gregg,915 PROSPER ST,Whitinsville,MA,1588,(608) 555-4377
2092543,Colin,Chapman,6666 SHAFTER AVE,Boston,MA,2127,(596) 555-3685
2095212,Rogelio,Coffey,6997 COLON AVE,Dorchester Center,MA,2124,(303) 555-9659
2095514,Beau,Crawford,7745 ARNOLD AVE,Brighton,MA,2135,(923) 555-5388
2096562,Shannon,Proctor,89 MAGNOLIA ST,Worcester,MA,1610,(552) 555-3316
2099794,Dominique,Starr,3235 HUBBELL ST,Somerville,MA,2144,(536) 555-8427
2102413,Emily,Massey,1629 EVERGLADE DR,Carver,MA,2330,(322) 555-1581
2106093,Chung,Chandler,1421 MARINER DR,Chelmsford,MA,1824,(712) 555-2035
2106775,Julianne,Small,1807 FRANKLIN ST,Framingham,MA,1702,(870) 555-1550
2110687,Brigitte,Kirkland,3534 SEVERN ST,Haverhill,MA,1832,(226) 555-5945
2110869,Sophia,Pike,9112 SALMON ST,Worcester,MA,1602,(250) 555-4455
2116824,Milton,Kramer,5754 KELLOCH AVE,Boston,MA,2199,(195) 555-4996
2120850,Eula,Stinson,5972 ALVISO ST,Malden,MA,2148,(637) 555-5482
2120892,Lolita,Bryant,3380 OLIVER ST,Boston,MA,2116,(350) 555-6188
2121417,Susan,Charles,6090 HARDIE AVE,Stoneham,MA,2180,(800) 555-2067
2121782,Mariano,Stokes,1182 HARRINGTON ST,Medford,MA,2155,(231) 555-9679
2122208,Ivy,Sargent,8804 SARGENT ST,Boston,MA,2115,(582) 555-2135
2127915,Margarito,Santana,5056 LILLIAN ST,Quincy,MA,2169,(600) 555-8481
2132504,Vilma,Ritter,8373 BARNARD AVE,Boston,MA,2118,(418) 555-1743
2132674,Brittany,Boone,6279 JOHN MAHER ST,Agawam,MA,1001,(376) 555-7222
2138270,Ivory,Worley,3434 POWERS AVE,Wilbraham,MA,1095,(125) 555-5481
2140317,May,Robles,4971 DELAWARE ST,Beverly,MA,1915,(494) 555-7362
2141567,Robbin,Shepherd,1416 WHEELER AVE,Lenox,MA,1240,(791) 555-4618
2145393,Joanna,Norris,6546 BERKELEY WAY,Marlborough,MA,1752,(863) 555-6565
2148461,Coy,Boyd,7264 PHELPS ST,Boston,MA,2115,(340) 555-4766
2149609,Catalina,Banks,3719 AVALON AVE,Boston,MA,2113,(440) 555-3058
2152092,Alec,Shields,8756 FOREST SIDE AVE,Chicopee,MA,1013,(257) 555-6857
2153380,Angie,Covington,1258 BELVEDERE ST,Boston,MA,2116,(390) 555-9618
2153658,Patrica,Love,2429 MIDWAY ST,Sandwich,MA,2563,(692) 555-3063
2154687,Raphael,Maxwell,3455 HAMPSHIRE ST,Dorchester,MA,2125,(898) 555-8712
2158118,Luigi,Garcia,4389 BEIDEMAN ST,Boston,MA,2116,(765) 555-2605
2159224,Yesenia,Riley,2431 LILLIAN ST,Brookline,MA,2446,(447) 555-3947
2160203,Federico,Blanton,767 IOWA ST,Worcester,MA,1604,(521) 555-6859
2166831,Christin,Lindsay,9279 ANKENY ST,Boston,MA,2127,(476) 555-6288
2167218,Tim,Pollard,3453 VAN KEUREN AVE,Medford,MA,2155,(834) 555-6431
2168548,Murray,Kendall,8946 SPRING ST,Dorchester,MA,2121,(550) 555-1033
2169436,Brandi,Vasquez,1482 EL PLAZUELA WAY,Malden,MA,2148,(500) 555-8196
2169998,Phyllis,Mccullough,3130 KINZEY ST,Springfield,MA,1108,(943) 555-5602
2171709,Elvira,Mcintyre,5416 IRONWOOD WAY,Brookline,MA,2446,(680) 555-6007
2172730,Sheila,Hooper,3102 LOCUST ST,Hyde Park,MA,2136,(412) 555-3735
2174215,Benita,Gomez,7555 BELLA VISTA WAY,Cambridge,MA,2138,(591) 555-9067
2174545,Garrett,Odonnell,4361 ELDRIDGE ST,Medford,MA,2155,(902) 555-8113
2175759,Letitia,Gibbons,7532 KANSAS ST,Tewksbury,MA,1876,(978) 555-1931
2179523,Arturo,Downing,2687 THORNTON AVE,Boston,MA,2128,(678) 555-6869
2182146,Reid,Dunbar,7607 RICE ST,Winthrop,MA,2152,(881) 555-8480
2182912,Lawanda,Thomas,5520 KELLOCH AVE,Quincy,MA,2169,(518) 555-4586
2183844,Mitchel,Crane,8708 TALBERT ST,Everett,MA,2149,(243) 555-9104
2184816,Clayton,Gibbons,3683 GREENWICH ST,Tewksbury,MA,1876,(261) 555-8187
2188858,Toni,Bryan,2970 SHERMAN ST,Lowell,MA,1852,(723) 555-4957
2189373,Chance,Mclean,4111 PIEDMONT ST,Boston,MA,2128,(475) 555-3885
2189795,Peter,Harmon,6089 HILLWAY AVE,Chelmsford,MA,1824,(577) 555-3897
2195782,Laverne,Lucero,4740 FREDERICK ST,Medford,MA,2155,(949) 555-9616
2196027,Maria,Cherry,9618 SHIELDS ST,Somerville,MA,2144,(462) 555-1710
2199292,Truman,Kennedy,7525 ALLSTON WAY,Dorchester Center,MA,2124,(535) 555-9793
2199453,Aida,Mckenzie,2448 CIELITO DR,Boston,MA,2128,(323) 555-9732
2200007,Carlo,Palmer,3256 RETIRO WAY,Malden,MA,2148,(257) 555-7837
2201478,Brooks,Rocha,4492 YACHT RD,Boston,MA,2128,(266) 555-5545
2203625,Galen,Blair,5292 SHERMAN RD,Cambridge,MA,2139,(691) 555-7609
2205017,Marilyn,Brennan,6955 CUTLER AVE,Medford,MA,2155,(780) 555-8654
2206774,Roland,Slater,6176 HERMANN ST,Worcester,MA,1609,(763) 555-4427
2215156,Sybil,Bartlett,4340 WRIGHT ST,Dudley,MA,1571,(213) 555-2844
2219282,Debora,Valencia,1360 PALOU AVE,Dorchester Center,MA,2124,(557) 555-9672
2221039,Mary,Mcbride,3608 CRISP RD,Norwell,MA,2061,(501) 555-5643
2221704,Petra,Bradley,5488 HITCHCOCK ST,Salem,MA,1970,(481) 555-9909
2223394,Jodi,Welch,2001 DIVISION ST,Tewksbury,MA,1876,(928) 555-3181
2223970,Greta,Numbers,6597 MOSS ST,Medford,MA,2155,(705) 555-8739
2225061,Geri,Allison,378 SAN ANSELMO AVE,Winthrop,MA,2152,(132) 555-1986
2225686,Geraldine,Nix,8204 BOYD ST,Beverly,MA,1915,(838) 555-8038
2229032,Jane,Gordon,8953 BATTERY SAFFORD RD,Peabody,MA,1960,(418) 555-4178
2231374,Anthony,Chang,4026 FELL ACCESS RD,Quincy,MA,2169,(102) 555-1514
2232052,Margaret,Mann,8700 SHARON ST,Hampden,MA,1036,(320) 555-3674
2233869,Josephine,Mcleod,8876 LOS PALMOS DR,Lynn,MA,1904,(475) 555-4493
2236156,Eli,Conner,3740 AMETHYST WAY,Buzzards Bay,MA,2532,(117) 555-7768
2236870,Lonny,Stone,5811 WINSTON DR,Boston,MA,2128,(620) 555-5476
2237249,Steven,Graham,5032 KEITH ST,Arlington,MA,2474,(381) 555-4636
2243117,Lucia,Sawyer,6220 CHILD ST,Springfield,MA,1104,(283) 555-9389
2243660,Kristine,Griffin,310 SAN ANDREAS WAY,Randolph,MA,2368,(678) 555-6778
2245654,Camilla,Chang,2355 DARTMOUTH ST,Cambridge,MA,2138,(373) 555-2320
2245903,Rory,Watkins,1128 VALDEZ AVE,Arlington,MA,2474,(750) 555-8207
2248119,Carey,Cochran,7987 AVALON AVE,Boston,MA,2118,(540) 555-5092
2253027,Sherri,Carr,5178 NEBRASKA ST,Peabody,MA,1960,(924) 555-6237
2256773,Romeo,Barnes,6197 PROSPECT AVE,Malden,MA,2148,(774) 555-7700
2258298,Kip,Larsen,277 FRANCONIA ST,Chicopee,MA,1020,(935) 555-4962
2260612,Queen,Bryant,8985 MONETA WAY,Medford,MA,2155,(898) 555-7330
2260617,Robin,Watts,9774 JEAN WAY,Leicester,MA,1524,(569) 555-2964
2263732,Jeffrey,Harrington,450 FLOOD AVE,Boston,MA,2116,(598) 555-2263
2264762,Nadine,Battle,7162 MISSION ST,Roxbury,MA,2119,(833) 555-1851
2265260,Ruben,Ramos,6568 PRESIDIO AVE,Springfield,MA,1108,(713) 555-8492
2266969,Brooke,Walker,4364 PORTOLA DR,Andover,MA,1810,(837) 555-7041
2267460,Salvatore,Hatfield,5612 CORONADO ST,Brighton,MA,2135,(416) 555-2230
2269053,Flossie,Steele,423 LENOX WAY,Tewksbury,MA,1876,(542) 555-2476
2270016,Maxwell,Seymour,6363 MAJESTIC AVE,Worcester,MA,1603,(463) 555-9035
2271310,Lynn,Strong,6593 TARAVAL ST,Norfolk,MA,2056,(501) 555-7114
2273519,Alyce,Cobb,5241 LOUISIANA ST,Framingham,MA,1701,(479) 555-6651
2278479,Frankie,Cameron,1574 CAMELLIA AVE,Boston,MA,2127,(115) 555-5515
2280643,Ginger,Church,304 NORIEGA ST,Boston,MA,2116,(450) 555-3636
2282900,Alana,Molina,9160 URBANO DR,Reading,MA,1867,(202) 555-1738
2289018,Lavern,Abbott,2699 PACIFIC AVE,Agawam,MA,1001,(623) 555-1645
2290148,Earnestine,Ballard,5380 HOUSTON ST,Somerville,MA,2143,(853) 555-1052
2291667,Tammi,Hoffman,723 BEACON ST,Boston,MA,2128,(386) 555-2697
2291855,Ike,Fernandez,1598 MORRIS ST,Somerville,MA,2143,(121) 555-6883
2292224,Alicia,Parsons,7813 THERESA ST,Jamaica Plain,MA,2130,(505) 555-6832
2292303,Arlen,Martinez,9041 POTRERO AVE,Framingham,MA,1702,(116) 555-5578
2298378,Myron,Ellis,5899 GRANVILLE WAY,East Longmeadow,MA,1028,(769) 555-2793
2298423,Leslie,Benson,125 ESCONDIDO AVE,Boston,MA,2118,(324) 555-7479
2298549,Edwardo,Mcallister,3451 LOCUST ST,Worcester,MA,1603,(255) 555-3211
2298803,Joann,Parsons,8871 CONNECTICUT ST,Chicopee,MA,1020,(505) 555-2068
2299074,Nilda,Whaley,5580 BAY VIEW ST,Worcester,MA,1603,(951) 555-4213
2299566,Terrell,Brady,6050 ADDISON ST,Brighton,MA,2135,(699) 555-3456
2302045,Manual,Campos,8178 MANCHESTER ST,Brighton,MA,2135,(990) 555-5158
2303837,Estelle,Velazquez,3644 CASTLE MANOR AVE,Worcester,MA,1602,(534) 555-3177
2306937,Riley,Cobb,3760 SALINAS AVE,Newton,MA,2458,(342) 555-3223
2307466,Earle,Simmons,447 HESTER AVE,Indian Orchard,MA,1151,(509) 555-2090
2310047,Rick,Stevens,9150 ONONDAGA AVE,Worcester,MA,1609,(493) 555-5651
2314151,Audra,Mayer,6461 RED ROCK WAY,Worcester,MA,1609,(222) 555-2404
2314437,Louisa,Bentley,1512 DIVISION ST,Dracut,MA,1826,(666) 555-1156
2315229,Wyatt,Bland,7932 LAKE MERCED HILL ST,Boston,MA,2127,(998) 555-3991
2317126,Nannie,Flynn,5148 PEABODY ST,Revere,MA,2151,(176) 555-3496
2317223,Edmundo,Howell,5581 ORIOLE WAY,Revere,MA,2151,(887) 555-6912
2318574,Wallace,Cooke,3863 JAMESTOWN AVE,Charlestown,MA,2129,(692) 555-5228
2319160,Jackie,Fry,2003 NAUTILUS DR,Worcester,MA,1603,(328) 555-9597
2320280,Iona,Mayo,2258 BELVEDERE ST,Framingham,MA,1701,(533) 555-6734
2321644,Valeria,Fletcher,7084 BESSIE ST,Revere,MA,2151,(996) 555-2891
2326213,Lauren,Byers,510 GRATTAN ST,Boston,MA,2127,(559) 555-9089
2327733,Irene,Dean,1853 OGDEN AVE,Lowell,MA,1854,(338) 555-4853
2336058,Susana,Perkins,2265 BEALE ST,Worcester,MA,1603,(599) 555-2097
2337536,Olive,Clayton,5552 EXCELSIOR AVE,Chelsea,MA,2150,(242) 555-9558
2340935,Alfreda,Grant,3798 ARBALLO DR,Lynn,MA,1902,(527) 555-2551
2341382,Peggy,Hayden,5133 ANNIE ST,Westford,MA,1886,(126) 555-1086
2343504,Iola,Higgins,7861 HARRIET ST,Revere,MA,2151,(560) 555-3582
2344941,Noe,Velasquez,7267 KENSINGTON WAY,Revere,MA,2151,(593) 555-6816
2345758,Jack,Gordon,5097 EMERALD COVE WAY,Salem,MA,1970,(173) 555-8015
2347808,Humberto,Cooley,3316 DIGBY ST,Lowell,MA,1852,(293) 555-9276
2348351,Doretha,Weber,664 LISBON ST,Revere,MA,2151,(722) 555-9627
2350437,Nikki,Mccoy,235 ERIE ST,Sutton,MA,1590,(102) 555-2303
2353229,Dexter,Sims,4658 BRITTON ST,Quincy,MA,2169,(245) 555-6378
2354590,Aline,Savage,3861 ELLERT ST,Worcester,MA,1603,(539) 555-8626
2355413,Cristopher,Newman,8382 DORANTES AVE,Malden,MA,2148,(305) 555-4672
2355641,Geoffrey,Cherry,4439 TIOGA AVE,Boston,MA,2118,(479) 555-1765
2359287,Kyle,Rubio,2978 SAGAMORE ST,Revere,MA,2151,(860) 555-2274
2360662,Dolores,Crowley,1334 GILBERT ST,Boston,MA,2118,(697) 555-4861
2361002,Roberta,Poole,7115 GREENWOOD AVE,Watertown,MA,2472,(348) 555-3698
2364737,Leann,Burris,4751 YOUNG ST,Ludlow,MA,1056,(538) 555-3584
2365089,Rufus,Bond,7355 ESTERO AVE,Cambridge,MA,2141,(963) 555-1474
2366843,Ophelia,Coleman,9503 ORA WAY,Mattapan,MA,2126,(251) 555-7731
2366892,Karrie,Rodriquez,3487 ISLAIS ST,Cambridge,MA,2138,(744) 555-6255
2366922,Nanette,Miller,3014 MORTON ST,North Chelmsford,MA,1863,(818) 555-5470
2367350,Sophie,Barrera,2602 MAYWOOD DR,South Hadley,MA,1075,(905) 555-2131
2367790,Beth,Mcneil,4360 GRATTAN ST,Brighton,MA,2135,(272) 555-4871
2369340,Edward,Hansen,4985 UNDERWOOD AVE,Springfield,MA,1105,(272) 555-6127
2373712,Vicky,Herman,5126 SPRUCE ST,Marblehead,MA,1945,(313) 555-4756
2374380,Eloy,Mckenzie,1960 CONNECTICUT ST,Newton,MA,2458,(289) 555-8631
2375423,Dillon,Obrien,363 WILMOT ST,Dorchester,MA,2125,(981) 555-7259
2376755,Rudolph,Goodman,9890 CRAUT ST,Pittsfield,MA,1201,(220) 555-1714
2376930,Louise,Shepard,7737 FINLEY RD,Westford,MA,1886,(452) 555-5182
2376994,Orville,Justice,565 RESTANI WAY,West Newton,MA,2465,(693) 555-5387
2378317,Leanna,Haley,7699 ISLAIS ST,Marblehead,MA,1945,(649) 555-3937
2385325,Marcellus,Lewis,2440 KELLOCH AVE,Chicopee,MA,1013,(452) 555-1503
2385899,Iona,Shields,9480 DEEMS RD,Longmeadow,MA,1106,(390) 555-2067
2388471,Rick,Morris,4418 VASQUEZ AVE,Boston,MA,2111,(710) 555-7225
2390937,Kathleen,Olsen,8671 MILES ST,Amesbury,MA,1913,(554) 555-2538
2394356,Myrtle,Eaton,3027 WEST POINT RD,Boston,MA,2118,(783) 555-2655
2396282,Kimberlee,Lopez,584 LINCOLN WAY,Natick,MA,1760,(980) 555-5017
2400836,Dan,Roy,9037 SAN PABLO AVE,Watertown,MA,2472,(124) 555-7610
2406521,Deborah,Stevens,3594 NAGLEE AVE,Wakefield,MA,1880,(165) 555-1705
2407049,Jeffry,Willis,6402 MOULTRIE ST,Boston,MA,2116,(652) 555-8678
2410673,Vaughn,Hastings,9863 STOREY AVE,Brighton,MA,2135,(111) 555-6732
2412427,Percy,Holloway,2525 MARINA GREEN DR,Stoneham,MA,2180,(706) 555-3227
2414859,Natasha,Berry,2920 WALTHAM ST,Stoneham,MA,2180,(284) 555-3200
2415791,Terrie,Marks,7436 VALLEY ST,Boston,MA,2199,(886) 555-9624
2421925,Nannie,Lawrence,9857 CIELITO DR,Boston,MA,2127,(367) 555-8694
2424966,Tillie,Shaw,6279 NAHUA AVE,Everett,MA,2149,(125) 555-1382
2425020,Minh,Nielsen,3008 MERSEY ST,Lawrence,MA,1841,(968) 555-1146
2430360,Felecia,Bradley,2583 YERBA BUENA AVE,Westminster,MA,1473,(263) 555-3702
2431580,Crystal,Bowers,2601 MAGELLAN AVE,Brighton,MA,2135,(349) 555-7899
2432288,Pasquale,Gross,438 COLLEGE AVE,Medford,MA,2155,(163) 555-7975
2434541,Otha,Childress,1047 WEST POINT RD,West Springfield,MA,1089,(805) 555-1242
2436592,Frankie,Case,7938 JOHN MAHER ST,Spencer,MA,1562,(432) 555-8225
2439039,Marty,Shea,3882 JULIAN AVE,Boston,MA,2127,(893) 555-8482
2440842,Rita,Galvan,6307 EARL ST,Walpole,MA,2081,(654) 555-2733
2444218,Kimberly,Sweeney,14 BAY VIEW ST,Sutton,MA,1590,(253) 555-5969
2449074,Fernando,Wong,1669 PIOCHE ST,Malden,MA,2148,(100) 555-1361
2449587,Barrett,Valencia,1861 LOEHR ST,Dorchester Center,MA,2124,(659) 555-5159
2450075,Mai,Sweeney,3131 CROOK ST,Newton Center,MA,2459,(436) 555-8214
2450561,Fabian,Katz,2839 KEITH ST,Amesbury,MA,1913,(964) 555-6257
2451178,Amanda,Perez,6652 NORTH GATE RD,Brighton,MA,2135,(842) 555-5298
2454904,Cynthia,Riley,5306 BRANNAN ST,Lowell,MA,1852,(773) 555-7551
2455418,Shanda,Archer,2032 BESSIE ST,Somerville,MA,2144,(531) 555-8720
2457094,Carissa,Levine,6358 JAMESTOWN AVE,Medford,MA,2155,(839) 555-8534
2458213,Giuseppe,Lyons,5548 CLARA ST,Cambridge,MA,2138,(206) 555-6344
2458642,Gayla,Harden,4401 BRYANT ST,Newton,MA,2458,(900) 555-8057
2460265,Woodrow,Barnett,1829 OTEGA AVE,Dracut,MA,1826,(263) 555-5514
2461367,Kristin,Parks,514 RUTLAND ST,Boston,MA,2128,(189) 555-4575
2461531,Josephine,Langley,8960 MANSFIELD ST,Springfield,MA,1128,(250) 555-4278
2462037,Gina,Mejia,3183 WHITING ST,Medford,MA,2155,(631) 555-4033
2463038,Lupe,Rowe,1827 ELMWOOD WAY,Boston,MA,2118,(400) 555-7310
2463543,Guadalupe,Roberts,8504 ALMA ST,Roxbury,MA,2119,(833) 555-3043
2464229,Todd,Huber,1806 LA BICA WAY,Shrewsbury,MA,1545,(788) 555-6079
2467092,Luisa,Hurst,1912 SPRUCE ST,Lynn,MA,1902,(461) 555-4543
2467604,Stella,Smith,4612 MICHIGAN ST,Agawam,MA,1001,(502) 555-5683
2468867,Frederick,Farrell,4068 WARE ST,Chicopee,MA,1013,(790) 555-5378
2469046,Sierra,Clay,2425 GOULD ST,Charlestown,MA,2129,(102) 555-6239
2471051,Joey,Gray,975 GLADYS ST,Malden,MA,2148,(123) 555-6134
2473447,Vesta,Garcia,5913 NEW MONTGOMERY ST,Allston,MA,2134,(101) 555-9145
2474754,Kelley,Wilkerson,8382 BRANNAN ST,Lynn,MA,1905,(200) 555-9654
2478827,Rowena,Meyer,8002 AMADOR ST,Sherborn,MA,1770,(811) 555-1151
2479829,Trent,Ballard,6746 PIOCHE ST,Somerville,MA,2144,(932) 555-7995
2480002,Fermin,Vaughn,6205 MAYWOOD DR,Springfield,MA,1107,(491) 555-6578
2481972,Bob,Woodruff,535 GLADSTONE DR,South Hadley,MA,1075,(930) 555-5864
2482340,Clyde,Francis,1494 DIAZ AVE,Lowell,MA,1851,(157) 555-3442
2490224,Billie,Harrell,7062 VARELA AVE,Malden,MA,2148,(767) 555-7367
2491263,Burton,Guerra,3118 STONEYBROOK AVE,Dracut,MA,1826,(394) 555-6602
2491609,Georgia,Yang,1910 DEMING ST,Revere,MA,2151,(150) 555-4890
2493923,Amber,Wheeler,4329 HUNTER RD,Arlington,MA,2474,(554) 555-5714
2495289,Eldridge,Braun,592 RALSTON ST,North Andover,MA,1845,(872) 555-8639
2497146,Arnoldo,Weeks,6294 BURNETT AVE,Northampton,MA,1060,(300) 555-6141
2503175,Young,Krueger,4705 CYPRESS ST,Holyoke,MA,1040,(506) 555-4416
2504335,Leila,Bright,849 FRANCONIA ST,Boston,MA,2127,(795) 555-2384
2504522,Clinton,Owens,2162 MONTE VISTA DR,Dorchester,MA,2125,(135) 555-6280
2504523,Doreen,Patterson,8788 DON CHEE WAY,Dedham,MA,2026,(349) 555-2307
2506188,Sherman,Puckett,6605 MIDCREST WAY,Worcester,MA,1610,(949) 555-2999
2507117,Donnell,Mccormick,172 EDGEWOOD AVE,Revere,MA,2151,(659) 555-9224
2507895,Patricia,Nieves,9917 FAITH ST,Cambridge,MA,2139,(535) 555-3535
2510668,Van,Hanna,4201 MCCOPPIN ST,Brookline,MA,2446,(350) 555-8132
2513542,Rachelle,Combs,2999 HUGO ST,Worcester,MA,1603,(888) 555-2662
2514905,Esther,Haney,7783 VALLEY ST,Boston,MA,2116,(887) 555-5889
2517554,Abe,Fisher,8277 SHAFTER RD,Brockton,MA,2301,(166) 555-1220
2519348,Tanner,Cross,2641 WISCONSIN ST,Chicopee,MA,1013,(849) 555-4782
2520051,Morgan,Davenport,5012 AVALON AVE,Brookline,MA,2446,(234) 555-6643
2520200,Lorena,Francis,4061 OAK ACCESS RD,Danvers,MA,1923,(840) 555-1536
2520515,King,Blue,655 CORDOVA ST,West Newbury,MA,1985,(474) 555-2282
2520693,Cruz,Bland,6056 TRAINOR ST,Boston,MA,2127,(435) 555-3967
2521155,Mel,Dillon,9173 BLANKEN AVE,Boston,MA,2115,(699) 555-6734
2521875,Marshall,Knox,5283 WHIPPLE AVE,Brighton,MA,2135,(742) 555-4967
2523731,Leta,Morse,5624 DE LONG ST,Leominster,MA,1453,(263) 555-1459
2524376,Josiah,Simon,4571 KINGSTON ST,Gloucester,MA,1930,(527) 555-7107
2525217,Mara,Hinton,1662 WAYLAND ST,Jamaica Plain,MA,2130,(278) 555-1016
2525403,Ivan,Rasmussen,2631 FUNSTON AVE,Dedham,MA,2026,(608) 555-6522
2525429,Ellsworth,Boyle,1782 LILLIAN ST,Winchester,MA,1890,(698) 555-6379
2526424,Cruz,Morales,5196 GAVEN ST,Springfield,MA,1104,(624) 555-2602
2526615,Korey,Hall,4944 BEACH ST,Maynard,MA,1754,(131) 555-3750
2529025,Elijah,Reilly,9189 OLIVER ST,Clinton,MA,1510,(692) 555-3218
2531570,Daniela,Brock,9773 GRATTAN ST,Ludlow,MA,1056,(742) 555-7740
2533072,Lucius,Simon,8602 CALVERT DR,Boston,MA,2128,(213) 555-2849
2533760,Monika,Townsend,8662 GRATTAN ST,Boston,MA,2116,(281) 555-5822
2534267,Greg,Waller,5912 ROTTECK ST,Chelsea,MA,2150,(878) 555-9758
2535103,Kendra,Knox,7817 PARADISE AVE,Amesbury,MA,1913,(569) 555-7853
2536562,Casandra,Ryan,4130 ANKENY ST,Cambridge,MA,2139,(531) 555-8769
2537373,Laverne,Manley,934 GABILAN WAY,Chicopee,MA,1013,(634) 555-1803
2538894,Douglas,Moreno,6620 FARNUM ST,Cambridge,MA,2140,(809) 555-9799
2538996,Cari,Battle,8045 HARRIET ST,Waltham,MA,2451,(771) 555-6388
2539395,Federico,Cobb,3472 LAPHAM WAY,North Adams,MA,1247,(743) 555-5953
2541039,Gracie,Barnett,6863 HAYES ST,Brighton,MA,2135,(626) 555-8399
2541900,Magdalena,Simon,5978 SPRUCE ST,Pittsfield,MA,1201,(764) 555-3603
2545502,Lucille,Covington,4040 SAN FERNANDO WAY,Dorchester,MA,2121,(750) 555-1633
2545524,Bruno,Fowler,164 ALOHA AVE,West Springfield,MA,1089,(612) 555-4035
2546056,Elmo,Faulkner,9595 MODOC AVE,Lenox,MA,1240,(822) 555-6192
2547609,Nita,Dudley,2602 LISBON ST,Westborough,MA,1581,(964) 555-2470
2549026,Pierre,Banks,7631 LEXINGTON ST,Haverhill,MA,1830,(645) 555-6492
2549404,Tyson,Benson,1489 VIENNA ST,Brighton,MA,2135,(595) 555-7924
2549635,Lucas,Mcknight,2926 FLINT ST,Dedham,MA,2026,(310) 555-3788
2552034,Rafaela,Ross,4039 CIELITO DR,Boston,MA,2128,(224) 555-2452
2554639,Wilson,Olsen,498 RICO WAY,Pittsfield,MA,1201,(975) 555-7725
2554663,Alberto,Sargent,2502 SHAKESPEARE ST,Cambridge,MA,2138,(515) 555-8080
2556918,Arnoldo,Ferguson,354 MARKET ST,Dracut,MA,1826,(366) 555-7745
2558765,Nikki,Brown,3313 POLK ST,Medford,MA,2155,(868) 555-9768
2559374,Mckinley,Simpson,3589 HUBBELL ST,Ludlow,MA,1056,(137) 555-7201
2561405,Isabella,Braun,9253 HAVENS ST,Dorchester,MA,2122,(699) 555-1021
2564242,Jarvis,Leonard,1235 GOULD ST,Malden,MA,2148,(464) 555-8518
2567361,Lillie,Morse,8783 SAN DIEGO AVE,Holyoke,MA,1040,(736) 555-5291
2568682,Delores,Mahoney,5992 MONETA WAY,Framingham,MA,1702,(394) 555-6235
2568915,Hilton,Copeland,628 KANSAS ST,Lowell,MA,1850,(288) 555-6839
2570024,Margaret,Dejesus,7871 FIELDING ST,Springfield,MA,1109,(458) 555-4155
2570344,Sean,Dodd,707 GILBERT ST,Worcester,MA,1604,(691) 555-9819
2575423,Wallace,Goff,5435 WINFIELD ST,Dorchester,MA,2121,(736) 555-7898
2575771,Oliver,Odell,4309 BEIDEMAN ST,Salem,MA,1970,(515) 555-7486
2578191,Normand,Walters,3053 DE MONTFORT AVE,West Newton,MA,2465,(424) 555-5164
2579954,Sergio,Burks,5753 FINLEY RD,Holyoke,MA,1040,(585) 555-8898
2582939,Mina,Pearson,4366 MAYWOOD DR,Brighton,MA,2135,(686) 555-2687
2583369,Jerold,Francis,8829 HUGO ST,Lawrence,MA,1843,(434) 555-6065
2584956,Robyn,Stephenson,2254 CLIPPER COVE WAY,Westminster,MA,1473,(417) 555-9738
2586038,Chase,Robertson,5101 NORWICH ST,Stoneham,MA,2180,(596) 555-5831
2586547,Trenton,Heard,4005 SOLA AVE,Dorchester,MA,2121,(840) 555-7419
2588364,Rowena,Boyer,3040 RUCKMAN AVE,Malden,MA,2148,(949) 555-6985
2589079,Brendan,Spivey,852 MILES ST,Westfield,MA,1085,(300) 555-1570
2595730,Emilie,Little,5192 AZTEC ST,Pittsfield,MA,1201,(241) 555-7971
2596330,Dong,Rasmussen,6057 WELSH ST,Boston,MA,2116,(296) 555-2919
2598486,Jody,Stinson,2400 BURNETT AVE,Boston,MA,2215,(925) 555-8221
2600201,Alma,Mcleod,602 GRAFTON AVE,Cambridge,MA,2138,(879) 555-7672
2602360,Augustine,Castillo,7123 MORELAND ST,Waltham,MA,2453,(887) 555-2904
2602668,Taylor,Reese,5771 SAN MARCOS AVE,Somerville,MA,2144,(526) 555-2127
2605926,Yvonne,Noble,4650 ZANOWITZ ST,Boston,MA,2113,(883) 555-4262
2607591,Isaiah,Wolfe,7198 SOUTH GATE RD,South Weymouth,MA,2190,(487) 555-4524
2608378,Wilson,Crum,9517 DORCHESTER WAY,Natick,MA,1760,(908) 555-9329
2608984,Geneva,Rojas,3097 HOOPER ST,Medford,MA,2155,(204) 555-6367
2609633,Nikki,English,1018 ONONDAGA AVE,Quincy,MA,2170,(200) 555-6214
2610133,Marci,Lewis,1919 KENWOOD WAY,West Springfield,MA,1089,(806) 555-8221
2611937,Mickey,Reeves,7668 RETIRO WAY,Amesbury,MA,1913,(248) 555-2011
2612131,Williams,Gordon,4006 GORGAS AVE,Taunton,MA,2780,(416) 555-9867
2612557,Judy,Price,4641 LAUREL ST,Boston,MA,2111,(475) 555-5865
2615046,Sherrie,Dyer,257 HICKS RD,Worcester,MA,1604,(166) 555-9924
2615320,Lula,Kaufman,2675 HEMLOCK ST,Cambridge,MA,2140,(764) 555-5749
2619388,Theodore,Montoya,2506 REED ST,Boston,MA,2113,(952) 555-3082
2622760,Ivy,Beck,1152 MERSEY ST,Westwood,MA,2090,(311) 555-4372
2623565,Jeanna,Duncan,8121 HAWTHORNE ST,Salem,MA,1970,(176) 555-5537
2624061,Raquel,Holloway,9535 SYCAMORE ST,Charlestown,MA,2129,(610) 555-8949
2624982,Clare,Stevenson,9817 EAST BEACH RD,Agawam,MA,1001,(469) 555-3514
2626939,Robt,Shepard,8979 OCEAN AVE,Cambridge,MA,2138,(236) 555-2459
2626971,Elisabeth,Franks,7936 GLENVIEW DR,Framingham,MA,1702,(379) 555-3996
2633483,Esmeralda,Underwood,1430 RETIRO WAY,Somerville,MA,2144,(532) 555-6787
2633965,Lacey,Hamilton,7871 CORDOVA ST,Mattapan,MA,2126,(486) 555-9919
2639434,Eric,Barron,8239 BOWDOIN ST,Cambridge,MA,2141,(671) 555-7936
2641301,Carroll,Joseph,5358 THOMAS AVE,Somerville,MA,2143,(312) 555-5613
2642336,Olivia,Whitaker,5118 ANNIE ST,Springfield,MA,1109,(866) 555-1905
2648541,Dee,Baird,5758 YALE ST,Cambridge,MA,2139,(705) 555-7291
2649283,Teddy,Camacho,7991 OLORAN AVE,Cambridge,MA,2140,(673) 555-8703
2649843,Gerard,Mosley,9209 SHAWNEE AVE,Spencer,MA,1562,(766) 555-5899
2651726,Hobert,Mullins,4554 IRONWOOD WAY,Everett,MA,2149,(452) 555-7067
2658470,Elida,Holley,3268 WELSH ST,Lanesboro,MA,1237,(352) 555-8436
2661601,Nelson,Proctor,8366 LAKEWOOD AVE,Dorchester,MA,2121,(891) 555-4780
2665775,Concetta,Hinton,7662 BALBOA ST,Boston,MA,2127,(507) 555-7361
2667546,Mina,Meeks,7367 RETIRO WAY,Norwood,MA,2062,(397) 555-4172
2668469,Madge,Crowley,9575 CARMELITA ST,Boston,MA,2215,(331) 555-1947
2670013,Jorge,Deleon,6015 CAMERON WAY,North Grafton,MA,1536,(460) 555-1930
2676970,Greta,Walters,5317 VERNON ST,Worcester,MA,1605,(950) 555-3602
2679500,Louisa,Schmidt,3732 LEXINGTON ST,Chicopee,MA,1020,(721) 555-4803
2680675,Katy,Gibbons,9845 LUPINE AVE,Tewksbury,MA,1876,(385) 555-6297
2688557,Pat,Underwood,8801 ANKENY ST,Framingham,MA,1701,(473) 555-3982
2690306,Sharon,Maloney,8643 VENUS ST,Dorchester,MA,2122,(295) 555-4118
2695516,Morris,Barron,7446 YERBA BUENA AVE,Boston,MA,2118,(938) 555-1004
2695754,Val,Roth,4808 MILTON ST,Lynn,MA,1902,(443) 555-8697
2698630,Bernice,Brock,2091 STEINER ST,Boston,MA,2116,(260) 555-9834
2699177,Barrett,Aguilar,1021 REDDY ST,Worcester,MA,1607,(520) 555-9219
2700200,Lavonne,Lloyd,5866 BALTIMORE WAY,Holbrook,MA,2343,(467) 555-4708
2702202,Monique,Mathews,6730 HENRY ADAMS ST,Agawam,MA,1001,(402) 555-4942
2704914,Letitia,Richard,3456 WATT AVE,Malden,MA,2148,(980) 555-5115
2709058,Howard,Haley,4135 LILY ST,Newburyport,MA,1950,(789) 555-1129
2710569,Antionette,Calderon,8553 MAJESTIC AVE,Lynn,MA,1902,(311) 555-8660
2710838,Del,Lang,9943 MORTON ST,Worcester,MA,1602,(103) 555-7450
2711880,Lara,Fleming,7637 MORNINGSIDE DR,Cambridge,MA,2139,(830) 555-4502
2712731,Weston,Coffey,8919 BESSIE ST,Abington,MA,2351,(965) 555-8334
2714838,Maggie,Larsen,9912 ELMIRA ST,Leominster,MA,1453,(638) 555-2540
2716644,Quentin,Benson,3108 SANTA YSABEL AVE,Pepperell,MA,1463,(929) 555-3752
2718335,Hassan,Kirkpatrick,8587 CUMBERLAND ST,Revere,MA,2151,(442) 555-6961
2721811,Hugo,Shoemaker,4540 MOSS ST,Chelsea,MA,2150,(327) 555-3356
2721822,Marisela,Clements,5262 POLLOCK ST,Chicopee,MA,1013,(204) 555-6452
2723210,Landon,Guy,9944 COUNTRY CLUB DR,Malden,MA,2148,(395) 555-9505
2723719,Estella,Tyler,754 FLORA ST,Winchendon,MA,1475,(418) 555-6450
2726547,Alton,Kirby,8689 TAYLOR ST,Ayer,MA,1432,(598) 555-5707
2726922,Lyman,Gordon,1935 ELMIRA ST,Tyngsboro,MA,1879,(416) 555-2260
2728997,Nannie,Barker,392 TEDDY AVE,Ashland,MA,1721,(151) 555-9291
2731315,Alexandria,Fontenot,8983 PEABODY ST,Fall River,MA,2724,(707) 555-4873
2732176,Ava,Herbert,9582 BERKSHIRE WAY,Medfield,MA,2052,(839) 555-7002
2733043,Dwain,Spivey,1548 PLYMOUTH AVE,South Hadley,MA,1075,(755) 555-9920
2735309,Ignacio,Hendrix,305 ARNOLD AVE,Holyoke,MA,1040,(779) 555-4542
2738575,Nelly,Gary,5928 GLADSTONE DR,Worcester,MA,1602,(979) 555-3537
2741667,Keneth,Edwards,3609 BOWDOIN ST,Holden,MA,1520,(255) 555-9700
2743237,Diann,Johnston,4158 TULANE ST,Malden,MA,2148,(467) 555-6040
2746361,Rebecca,Skinner,9006 LAPU-LAPU ST,Chicopee,MA,1013,(809) 555-1081
2747245,Ty,Bolton,1156 HUNTER RD,Malden,MA,2148,(786) 555-5599
2752045,Judith,Hays,1251 NORTHPOINT DR,Revere,MA,2151,(643) 555-1335
2753239,Katharine,Numbers,1758 OLORAN AVE,Dracut,MA,1826,(609) 555-3308
2757947,Everette,Hopkins,7852 JAMESTOWN AVE,Boston,MA,2110,(790) 555-8502
2758468,Coleen,Herman,3509 THOMAS MORE WAY,North Reading,MA,1864,(168) 555-8333
2767754,Barrett,Solomon,7546 OLNEY AVE,Brookline,MA,2446,(247) 555-2672
2770386,Dominick,Mayes,3192 ROCKLAND ST,North Easton,MA,2356,(566) 555-1638
2772139,Ahmed,Vargas,9847 NORTHGATE DR,Webster,MA,1570,(108) 555-8623
2772468,Isabel,Gorman,9979 AGNON AVE,West Boylston,MA,1583,(629) 555-3839
2774218,Don,Novak,8552 MERRITT ST,Beverly,MA,1915,(930) 555-8337
2774782,Nanette,Townsend,2447 AUBURN ST,Hudson,MA,1749,(892) 555-9214
2777068,Mayme,Rocha,7534 WOOD ST,Arlington,MA,2474,(390) 555-9899
2778402,Johnie,Pope,5876 TOCOLOMA AVE,Framingham,MA,1702,(846) 555-8918
2778518,Enrique,Christian,6889 DORE ST,Peabody,MA,1960,(732) 555-9831
2779350,Bianca,Kirkland,5129 GREENWOOD AVE,Lowell,MA,1851,(110) 555-5303
2782931,Adele,Slater,6829 CRANLEIGH DR,Framingham,MA,1702,(384) 555-3484
2784760,Sheila,Melendez,9967 DIGBY ST,Woburn,MA,1801,(189) 555-5615
2785750,Burt,York,3127 MARS ST,Cambridge,MA,2142,(924) 555-2047
2789651,Ashley,Velez,9856 SANTA MARINA ST,Tewksbury,MA,1876,(177) 555-8831
2790450,Valarie,Shafer,1957 CHAPMAN ST,Wellesley Hills,MA,2481,(578) 555-1699
2791203,Wendy,Peterson,2170 MONTALVO AVE,East Weymouth,MA,2189,(601) 555-1226
2791621,Otis,Rogers,1697 MAJESTIC AVE,West Springfield,MA,1089,(602) 555-4226
2796050,Quentin,Hamilton,9948 FALMOUTH ST,Cambridge,MA,2141,(726) 555-5933
2797322,Rashad,Wong,3036 WETMORE ST,Lawrence,MA,1841,(203) 555-7723
2797797,Carlton,Ortiz,3636 TRINITY ST,Boston,MA,2215,(598) 555-9214
2798056,Elia,Shields,6403 WETMORE ST,Boston,MA,2113,(593) 555-6358
2800695,Magdalena,Mcclain,6901 HOWTH ST,Saugus,MA,1906,(386) 555-8142
2801429,Palmer,Pennington,906 IRONWOOD WAY,Framingham,MA,1702,(780) 555-8536
2801432,Tamera,Rios,9591 SERRANO DR,Boston,MA,2127,(785) 555-7128
2802233,Jerrold,Ramirez,785 VARENNES ST,North Andover,MA,1845,(285) 555-1722
2805179,Mona,Fontenot,2671 ACACIA ST,Salem,MA,1970,(101) 555-6491
2808377,Keneth,Figueroa,6394 SAN ANDREAS WAY,Watertown,MA,2472,(881) 555-9893
2814231,Rhonda,Tucker,9636 HUBBELL ST,Pittsfield,MA,1201,(935) 555-6130
2823351,Lorene,Norton,8011 MCALLISTER ST,Jamaica Plain,MA,2130,(544) 555-3397
2823845,Ashlee,Moyer,6244 CASTRO ST,Andover,MA,1810,(429) 555-4743
2825544,Nathan,Obrien,668 GLADSTONE DR,Stoneham,MA,2180,(480) 555-4015
2829062,Lillian,Hilton,981 CARDENAS AVE,Brockton,MA,2302,(807) 555-8763
2832693,Madonna,Stewart,5404 MCLAREN AVE,Methuen,MA,1844,(798) 555-5769
2834367,Tanner,Abbott,7029 COSGROVE ST,Malden,MA,2148,(481) 555-4397
2834555,Eli,Beard,6116 EL PLAZUELA WAY,Wayland,MA,1778,(276) 555-1373
2837458,Harold,Hardy,5359 YOUNG ST,Brighton,MA,2135,(611) 555-7691
2837685,Levi,Gross,5344 NORTHPOINT DR,West Springfield,MA,1089,(100) 555-6300
2838487,Cathrine,Zamora,4648 EAST BEACH RD,Shrewsbury,MA,1545,(579) 555-6338
2839188,Willis,Beck,1770 GOETTINGEN ST,Brighton,MA,2135,(293) 555-8114
2840610,Cornell,Bailey,6474 SHAFTER AVE,Hudson,MA,1749,(608) 555-9516
2843297,Addie,Pitts,6612 JULES AVE,Medford,MA,2155,(653) 555-5598
2843464,Sterling,Dickerson,2831 AMBER DR,Swampscott,MA,1907,(991) 555-6873
2846147,Pearlie,Mora,9370 PARADISE AVE,Reading,MA,1867,(499) 555-3169
2848668,Pauline,Houston,4717 BLISS RD,Cambridge,MA,2139,(196) 555-8363
2850286,Isabell,Dodson,5261 WINDING WAY,Boylston,MA,1505,(753) 555-9369
2853764,Letha,Gonzalez,558 HAYES ST,Lynn,MA,1905,(711) 555-2908
2856689,Romeo,Williams,7355 CAMELLIA AVE,Newburyport,MA,1950,(804) 555-5647
2857640,Elma,Watson,9586 SAWYER ST,Medford,MA,2155,(442) 555-1639
2858127,Myrtle,Roach,9514 REED ST,Lynn,MA,1902,(478) 555-2380
2858214,Rex,Richardson,2720 TEMPLE ST,Lowell,MA,1852,(437) 555-3119
2865183,Jordan,Boggs,7270 ORTEGA ST,Stoneham,MA,2180,(782) 555-5783
2870598,Clark,Fritz,4836 LINCOLN WAY,Somerville,MA,2143,(748) 555-2006
2871734,Megan,Grace,3747 MARCELA AVE,Amesbury,MA,1913,(937) 555-8949
2876903,Jennie,Stinson,5276 UNDERWOOD AVE,Amesbury,MA,1913,(194) 555-5371
2877249,Willie,Hudson,92 STEUBEN ST,Boston,MA,2111,(532) 555-3421
2879002,Debby,Newsome,8701 ARMSTRONG AVE,Somerville,MA,2143,(682) 555-5142
2881730,Stacey,Lewis,614 GLENVIEW DR,Stoneham,MA,2180,(486) 555-3434
2882854,Roslyn,Hebert,3950 HESTER AVE,Stoneham,MA,2180,(148) 555-3323
2883348,Luigi,Hoover,1647 WINFIELD ST,Cambridge,MA,2138,(163) 555-8534
2883943,Newton,Reyna,8744 GIRARD RD,Medford,MA,2155,(242) 555-5965
2883981,Freda,Corbett,462 RALSTON AVE,Lowell,MA,1851,(304) 555-9112
2886052,Oswaldo,Rangel,5051 AVERY ST,Boston,MA,2127,(692) 555-4558
2887540,Lawrence,Norton,7873 PEARL ST,Marlborough,MA,1752,(965) 555-9987
2891678,Madelyn,Friedman,9677 JUDSON AVE,Salem,MA,1970,(662) 555-1753
2903444,Kennith,Mcleod,6988 ESPANOLA ST,Somerville,MA,2145,(205) 555-7545
2905298,Roderick,Mann,4392 GRATTAN ST,Watertown,MA,2472,(672) 555-6737
2909417,Roland,Zamora,3272 FORT FUNSTON RD,Worcester,MA,1606,(606) 555-1756
2910089,Mindy,Hernandez,8561 LILLIAN ST,Cambridge,MA,2141,(421) 555-2071
2910586,Stuart,Black,6415 MINNESOTA ST,Brighton,MA,2135,(797) 555-2079
2914343,Leland,Poole,1461 EVERSON ST,Brookline,MA,2446,(834) 555-9154
2914575,Monte,Cote,3769 WATER ST,Dorchester,MA,2125,(744) 555-2371
2914933,Dollie,Conway,5621 ELLERT ST,Springfield,MA,1118,(655) 555-4681
2917593,Alec,Keith,8501 CYPRESS ST,Marlborough,MA,1752,(241) 555-5630
2922465,Courtney,Blue,9120 RUCKMAN AVE,Pittsfield,MA,1201,(977) 555-9455
2925028,Alisa,Bland,6146 MOSCOW ST,Springfield,MA,1107,(424) 555-3998
2929591,Kory,Fontenot,1245 NEWBURG ST,Sturbridge,MA,1566,(985) 555-9310
2930815,Gonzalo,Velez,484 LAUREL ST,Marlborough,MA,1752,(173) 555-7523
2931346,Omer,Katz,2705 LOUISIANA ST,Boylston,MA,1505,(417) 555-4448
2933437,Wilhelmina,Whitaker,259 INNES AVE,Lawrence,MA,1841,(618) 555-7029
2933954,Nathanial,Knight,9428 SHRADER ST,Framingham,MA,1701,(846) 555-2790
2935945,Patty,Davenport,4470 ARNOLD AVE,Boston,MA,2215,(363) 555-7966
2936534,Jefferson,Wilcox,8365 POPE RD,Somerville,MA,2145,(242) 555-1958
2937107,Mai,Wolfe,4114 SERGEANT JOHN V YOUNG ST,Newburyport,MA,1950,(144) 555-2427
2940613,Abby,Mathis,7693 POTRERO AVE,Revere,MA,2151,(108) 555-8966
2943045,Elmer,Durham,9689 MENDOSA AVE,Dorchester,MA,2125,(273) 555-3879
2943156,Loren,Riley,2345 SAN FELIPE AVE,Ipswich,MA,1938,(345) 555-8485
2944542,Belle,Rogers,596 ILLINOIS ST,Franklin,MA,2038,(472) 555-3557
2945089,Audrey,Sweeney,1829 PEARL ST,Lowell,MA,1852,(422) 555-1448
2951889,Merrill,Wilkerson,4956 MONUMENT WAY,Chicopee,MA,1020,(806) 555-6556
2952816,Stacy,Pittman,2428 LATONA ST,Cambridge,MA,2139,(842) 555-4398
2956344,Vicky,Landry,5126 TIFFANY AVE,Beverly,MA,1915,(540) 555-2441
2960702,Lenny,Goldstein,9183 JESSIE ST,Charlestown,MA,2129,(653) 555-1590
2961118,Misty,Thornton,4284 LATONA ST,Chelsea,MA,2150,(463) 555-8889
2961189,Raphael,Mosley,132 STEUART ST,Medford,MA,2155,(337) 555-7719
2962324,Odis,Banks,7102 GRACE ST,Fall River,MA,2720,(437) 555-4484
2962431,Lacy,Reyna,2053 NORTH GATE RD,Brockton,MA,2302,(637) 555-6429
2967768,Herbert,Rutledge,4916 FRESNO ST,Somerville,MA,2143,(804) 555-9895
2971435,Ruben,Glass,341 CAROLINA ST,Salem,MA,1970,(727) 555-5193
2971701,Sonja,Waters,9798 RUCKMAN AVE,Dorchester,MA,2125,(533) 555-9548
2974455,Dante,Elliott,7673 DOLORES ST,Worcester,MA,1609,(162) 555-5390
2979332,Claudette,Marsh,3801 AMHERST ST,Lowell,MA,1854,(253) 555-6704
2982201,Kenneth,Logan,8913 WINN WAY,Lowell,MA,1852,(213) 555-8208
2982262,Forest,Mills,2763 CHILD ST,Boston,MA,2118,(476) 555-7237
2982761,Marcia,Coffey,5801 CHENERY ST,Malden,MA,2148,(226) 555-4884
2985708,Raleigh,Moses,178 ROCKAWAY AVE,Brighton,MA,2135,(549) 555-4181
2987851,Kory,Thomas,8419 RIZAL ST,Beverly,MA,1915,(541) 555-8475
2987945,Vernice,Decker,8232 SHAWNEE AVE,Natick,MA,1760,(263) 555-4449
2990746,Valencia,Bullock,8093 COLBY ST,Dracut,MA,1826,(387) 555-8159
2991105,Maureen,Preston,7178 BERNICE RODGERS WAY,Brookline,MA,2445,(125) 555-8465
2992096,Bryan,Walker,2955 MAYWOOD DR,Cambridge,MA,2138,(208) 555-4318
2994614,Ingrid,Bland,3747 TEDDY AVE,Worcester,MA,1605,(309) 555-6657
2996334,Kenya,Boyle,872 FOLSOM ST,Dorchester,MA,2125,(585) 555-3369
2996936,Soledad,Bates,3760 OLORAN AVE,Dorchester,MA,2122,(562) 555-8714
2999442,Rosie,Bacon,8320 MANCHESTER ST,Holbrook,MA,2343,(726) 555-7608
2999611,Josephine,Pierce,8821 SPRING ST,Medford,MA,2155,(920) 555-5117
3004252,Mauro,Mcdowell,9835 BACHE ST,Malden,MA,2148,(950) 555-6967
3005450,Markus,Lyon,7485 FARNUM ST,Arlington,MA,2476,(295) 555-9351
3006963,Jay,Franklin,6513 GALVEZ AVE,Boston,MA,2127,(409) 555-7679
3012532,Carey,George,5339 ESCONDIDO AVE,Boston,MA,2114,(775) 555-4417
3012678,Caleb,Chang,6645 IVY ST,Weston,MA,2493,(344) 555-5105
3012790,Rolando,Weber,2689 MANZANITA AVE,Malden,MA,2148,(567) 555-3192
3016643,Reinaldo,Osborn,5212 SERRANO DR,Beverly,MA,1915,(797) 555-7493
3016776,June,Norman,4350 CATALINA ST,Springfield,MA,1109,(266) 555-8542
3021155,Holly,Novak,7606 RIO VERDE ST,Boston,MA,2210,(735) 555-6577
3021471,Betty,Farrell,9946 ADMIRAL AVE,Wellesley,MA,2482,(127) 555-2946
3022157,Theodore,Bean,3325 MASSASOIT ST,Watertown,MA,2472,(609) 555-6454
3024785,Blanca,Craft,2742 BLUXOME ST,Hudson,MA,1749,(986) 555-3416
3031062,Antonia,Ellis,4968 GARCES DR,Dedham,MA,2026,(717) 555-8613
3031764,Alden,Clarke,4760 BALTIMORE WAY,Somerville,MA,2145,(331) 555-1203
3032076,Arnoldo,Donahue,8303 CRANLEIGH DR,Tewksbury,MA,1876,(551) 555-6068
3034964,Edwardo,Carpenter,6748 JERSEY ST,Rockland,MA,2370,(727) 555-6749
3038525,Gay,Porter,8359 FAITH ST,Lancaster,MA,1523,(160) 555-5874
3041516,Thad,Ervin,170 RANDOLPH ST,Allston,MA,2134,(932) 555-5306
3041580,Cecilia,Camp,636 CONGDON ST,Waltham,MA,2451,(186) 555-3421
3042450,Agatha,Mccoy,3839 SOLA AVE,Boston,MA,2113,(631) 555-5187
3042656,Reid,Bender,4751 CARMELITA ST,Brookline,MA,2446,(974) 555-2371
3052981,Kraig,Watkins,7973 HESTER AVE,Worcester,MA,1609,(740) 555-6145
3053610,Jerome,Brennan,6191 MISSION ST,Lancaster,MA,1523,(495) 555-5286
3055779,Bruce,Mccormick,2317 SHAFTER AVE,Chelmsford,MA,1824,(994) 555-5006
3057402,Teresita,Dorsey,2454 UNION ST,Brookline,MA,2446,(476) 555-7280
3057454,Marybeth,Murray,3491 KEARNY ST,Chicopee,MA,1020,(786) 555-5680
3057988,Jared,Harris,2571 MARIN ST,Jamaica Plain,MA,2130,(954) 555-3746
3058798,Garret,Bunch,6489 BUENA VISTA AVE,Lynn,MA,1902,(409) 555-4363
3062647,Delia,Farrell,4511 POWHATTAN AVE,Framingham,MA,1701,(770) 555-8701
3063117,Guillermina,Winter,4281 NAGLEE AVE,Worcester,MA,1605,(818) 555-9051
3066281,Mervin,Herman,2961 CASA WAY,Worcester,MA,1609,(544) 555-1564
3067775,Luella,Christensen,5941 YERBA BUENA AVE,Boston,MA,2118,(663) 555-9381
3068688,Walton,Chandler,2635 TOWERSIDE AVE,Brookline,MA,2446,(751) 555-9855
3069943,Carson,Watson,400 SATURN ST,Boston,MA,2116,(891) 555-8581
3071237,Beatrice,Whitfield,4807 LONG AVE,West Roxbury,MA,2132,(573) 555-8014
3073838,Gerard,Serrano,4025 CORA ST,Lowell,MA,1851,(176) 555-8394
3075770,Sonya,Colon,9585 GRIJALVA DR,South Weymouth,MA,2190,(436) 555-7358
3078432,Chas,Winter,3645 CONVERSE ST,Quincy,MA,2169,(741) 555-2238
3079493,Ella,Hendricks,2452 CAROLINA ST,Worcester,MA,1606,(394) 555-7154
3079763,Hal,Hardin,1587 REPOSA WAY,Salem,MA,1970,(252) 555-2219
3079970,Matthew,Weber,2376 ALVORD ST,Ludlow,MA,1056,(534) 555-7569
3080241,Cecil,Maloney,1686 ANNIE ST,Revere,MA,2151,(628) 555-8845
3082413,Nannie,Love,7196 GENNESSEE ST,Melrose,MA,2176,(769) 555-7562
3086041,Brendan,Rodriguez,1005 SPARTA ST,Chicopee,MA,1020,(765) 555-1492
3086550,Delia,Craig,7302 CHRISTOPHER DR,Boston,MA,2116,(450) 555-7313
3091735,Angel,Mackey,3265 EUGENIA AVE,Methuen,MA,1844,(690) 555-6054
3091854,Thaddeus,Durham,6340 BATTERY SAFFORD RD,Methuen,MA,1844,(739) 555-3380
3091950,Lessie,Flynn,8910 MIDCREST WAY,Waltham,MA,2452,(470) 555-7035
3097207,Stacy,Lawson,5503 MERCHANT RD,Malden,MA,2148,(423) 555-3443
3097882,Arline,Bender,4452 OAK GROVE ST,Medford,MA,2155,(948) 555-7916
3099346,Griselda,Miller,7444 MCKINLEY AVE,Everett,MA,2149,(282) 555-1697
3100855,Melody,Simon,6699 ELIZABETH ST,Attleboro,MA,2703,(669) 555-9537
3102552,Issac,Giles,1233 ASHBURY ST,Newburyport,MA,1950,(540) 555-5623
3106834,Garret,Fields,660 SALMON ST,Somerville,MA,2144,(675) 555-8037
3107499,Felipe,Hurley,3724 MONTANA ST,Westford,MA,1886,(174) 555-4943
3110435,Willa,Law,1669 GLENVIEW DR,Salem,MA,1970,(282) 555-7672
3111026,Erick,Allen,4627 AUBURN ST,Dorchester Center,MA,2124,(993) 555-5000
3111830,Genaro,Hurst,4792 COMPTON RD,Somerville,MA,2145,(123) 555-2525
3112565,Agatha,Michael,3914 SAN ALESO AVE,Lexington,MA,2420,(608) 555-4597
3115492,Jewell,Morales,8073 MILL ST,Dorchester,MA,2121,(980) 555-2862
3118979,Katheryn,Neely,9324 MASSASOIT ST,Lawrence,MA,1843,(630) 555-7021
3119531,Franklyn,Mcgee,7580 ROCKRIDGE DR,Wakefield,MA,1880,(813) 555-6826
3120519,Bennett,Vaughan,6118 CAMBRIDGE ST,Medford,MA,2155,(785) 555-6408
3121724,Wm,Steele,2826 ESPANOLA ST,Springfield,MA,1108,(883) 555-1029
3123507,Danielle,Skinner,6954 FOLSOM ST,Springfield,MA,1109,(150) 555-8440
3124632,Christin,Gore,8023 HAYS ST,Braintree,MA,2184,(255) 555-7175
3127584,Kieth,Rouse,5949 LAFAYETTE ST,Dorchester,MA,2125,(243) 555-7473
3128366,Erika,Avery,8259 PALOMA AVE,Worcester,MA,1603,(934) 555-7651
3131453,Abigail,Kendrick,1689 SECOND DR,Danvers,MA,1923,(548) 555-2252
3133864,Irwin,Wooten,6991 WAYLAND ST,Brookline,MA,2445,(276) 555-9306
3134456,Josephine,Berger,5860 ZANOWITZ ST,Boston,MA,2127,(355) 555-7078
3137178,Minnie,Blankenship,2489 SAWYER ST,Springfield,MA,1108,(865) 555-2515
3139205,Lucinda,Clifton,3349 UNIVERSITY ST,Lowell,MA,1852,(843) 555-3101
3140295,Mervin,Craft,5006 NORIEGA ST,Cambridge,MA,2140,(850) 555-8379
3141073,Chloe,Henson,6678 RAMONA AVE,Boston,MA,2111,(194) 555-4548
3142479,Isabella,Wynn,210 NORWICH ST,Watertown,MA,2472,(162) 555-8278
3143429,Alyssa,Arroyo,1317 SHERIDAN AVE,Boston,MA,2116,(770) 555-2693
3145650,Keri,Cantrell,4872 SOUTH VAN NESS AVE,Charlestown,MA,2129,(573) 555-2788
3148259,Wilson,Gorman,5001 CIELITO DR,Lowell,MA,1851,(318) 555-2554
3149093,Jospeh,Kaufman,4945 SILLIMAN ST,Medford,MA,2155,(150) 555-7222
3151007,Valerie,Oneal,6399 JOHN F SHELLEY DR,West Roxbury,MA,2132,(398) 555-6015
3151070,Kira,Klein,5326 SHERIDAN ST,Northbridge,MA,1534,(374) 555-9984
3152135,Guillermo,Rutherford,5914 DOUBLE ROCK ST,Cambridge,MA,2140,(790) 555-3879
3153364,Angelo,Holden,4225 RESERVOIR ST,Holden,MA,1520,(321) 555-4573
3153380,Rey,Wolfe,2297 BURROWS DR,Methuen,MA,1844,(230) 555-5349
3154593,Eliza,Mills,92 CLIPPER COVE WAY,Pittsfield,MA,1201,(214) 555-8818
3155541,Kent,Webb,9564 MCLAREN AVE,Dorchester,MA,2122,(855) 555-4202
3156770,Caleb,Stephenson,9167 EAST FORT MILEY RD,Salem,MA,1970,(632) 555-6522
3157209,Delbert,Alston,1860 VAN DYKE AVE,Boston,MA,2118,(522) 555-3349
3157561,Jules,Braun,7967 SHERIDAN AVE,Lowell,MA,1852,(202) 555-1971
3162293,Philip,Sheppard,5899 BRIGHTON AVE,Lawrence,MA,1841,(834) 555-4609
3163587,Zelma,Jensen,7126 HALE ST,Brookline,MA,2446,(962) 555-4234
3163909,Tania,Burns,4418 DUNSHEE ST,Salem,MA,1970,(201) 555-5080
3166068,Katy,Alvarado,3118 NAVAJO AVE,Springfield,MA,1108,(869) 555-3084
3168425,Sara,Newman,1954 IVY ST,Cambridge,MA,2139,(746) 555-5113
3168823,Elba,Avila,5177 YORK ST,Boston,MA,2115,(934) 555-8651
3169231,Morton,Gaines,8803 HOWTH ST,Allston,MA,2134,(315) 555-2222
3170645,Reba,Law,9090 MONO ST,Southborough,MA,1772,(434) 555-1083
3170715,Iva,Suarez,9777 ARBALLO DR,Randolph,MA,2368,(836) 555-9242
3175139,Donny,Mata,9804 SHERIDAN AVE,Boston,MA,2128,(474) 555-9784
3176355,Florence,Shafer,705 MONTALVO AVE,Shrewsbury,MA,1545,(156) 555-9636
3176384,Katharine,Hamilton,1094 ISLAIS ST,Springfield,MA,1108,(290) 555-8950
3176443,Isaias,Norman,3048 OTIS ST,Groveland,MA,1834,(327) 555-2114
3176771,Lucia,Sweet,2059 BACHE ST,Chicopee,MA,1013,(285) 555-4711
3181873,Dewitt,Shafer,8331 CABRILLO ST,Quincy,MA,2171,(949) 555-9851
3183833,Miguel,Schneider,837 HOLYOKE ST,Cambridge,MA,2141,(364) 555-6803
3186159,Dara,Hickey,7174 BEALE ST,Pittsfield,MA,1201,(151) 555-5333
3186913,Rene,Dominguez,5972 ESCONDIDO AVE,Springfield,MA,1104,(353) 555-1771
3188476,Pedro,Schneider,796 SPRUCE ST,Saugus,MA,1906,(861) 555-5580
3191799,Mitch,Pacheco,9570 GRANADA AVE,Boston,MA,2127,(485) 555-1712
3193240,Brain,Hull,8858 DARTMOUTH ST,Brighton,MA,2135,(299) 555-1686
3194176,Doreen,Bryant,7988 FELTON ST,Salem,MA,1970,(336) 555-2372
3196145,Manuel,Love,1924 HENRY ST,Dorchester,MA,2125,(267) 555-5697
3196901,Cornelia,Holman,2499 CHANNEL ST,Revere,MA,2151,(171) 555-5088
3200371,Xavier,Grace,2502 ROCKAWAY AVE,Cambridge,MA,2138,(320) 555-3941
3201009,Frederic,Burch,2923 SILVER AVE,Lynn,MA,1904,(852) 555-8500
3207481,Cheri,Yang,3342 ROACH ST,Hudson,MA,1749,(413) 555-9834
3207930,Josephine,Aguilar,217 GREENOUGH AVE,Brighton,MA,2135,(195) 555-9971
3208738,Marcos,Singleton,1897 COLIN P KELLY JR ST,Boston,MA,2127,(236) 555-2031
3208825,Alisha,Mcfarland,5200 DELANCEY ST,Chicopee,MA,1020,(531) 555-6709
3208964,Stefanie,Henson,8683 HARDIE AVE,Melrose,MA,2176,(471) 555-8380
3209384,Johnathon,Christopher,4195 CHURCH ACCESS RD,Framingham,MA,1702,(396) 555-8712
3209387,Tommy,Curry,206 VENUS ST,Brookline,MA,2445,(723) 555-2810
3210015,Eldon,Lancaster,4463 PETERS AVE,Malden,MA,2148,(417) 555-4321
3211472,Chasity,Nielsen,3951 BLYTHDALE AVE,Boston,MA,2114,(234) 555-3547
3213014,Neville,Bates,5879 HUGO ST,Saugus,MA,1906,(132) 555-8458
3215905,Coleman,Torres,1205 TULARE ST,Somerville,MA,2144,(696) 555-2631
3216525,Latrice,Ayala,515 IVY ST,Reading,MA,1867,(427) 555-6234
3221470,Denny,Boyle,6620 ELMIRA ST,Quincy,MA,2171,(252) 555-8320
3222097,Eddie,Coffman,6751 RUCKMAN AVE,Raynham,MA,2767,(365) 555-9237
3222357,Rubin,Foley,6943 DIVISADERO ST,Malden,MA,2148,(322) 555-6296
3225531,Juan,Sullivan,3035 CONCOURSE DR,Framingham,MA,1701,(360) 555-1860
3227039,Lyn,Baker,9655 NIAGARA AVE,Boston,MA,2118,(544) 555-2569
3230917,Isabell,Haley,6457 STANDISH AVE,Newburyport,MA,1950,(825) 555-4892
3238282,Amie,Odonnell,3500 SOUTH VAN NESS AVE,Chicopee,MA,1013,(331) 555-8084
3239012,Carlene,Odom,3620 SHAKESPEARE ST,West Springfield,MA,1089,(739) 555-3651
3239456,Ollie,Maldonado,6529 KALMANOVITZ ST,Braintree,MA,2184,(968) 555-4083
3242261,Dusty,Hilton,1140 BALBOA ST,Lowell,MA,1852,(781) 555-3935
3242746,Jewell,Snyder,8704 LYELL ST,Waltham,MA,2453,(387) 555-9721
3244839,Simon,Gary,4675 LURLINE ST,Lowell,MA,1852,(668) 555-1193
3249107,Dianna,Tillman,2372 PETERS AVE,Lowell,MA,1851,(547) 555-1816
3251181,Jed,Lloyd,5359 SUTTER ST,Cambridge,MA,2138,(980) 555-2973
3253916,Minh,Holmes,8437 UPLAND DR,Lowell,MA,1852,(613) 555-8962
3255778,Erlinda,Mitchell,1877 GILBERT ST,Salem,MA,1970,(958) 555-9845
3257077,Shana,Hatcher,5262 FALMOUTH ST,Jamaica Plain,MA,2130,(527) 555-5652
3257741,Willard,Pope,6389 ASHBURY ST,Salem,MA,1970,(104) 555-1780
3258791,Gabrielle,Delgado,8741 COLLEEN WAY,Burlington,MA,1803,(775) 555-1523
3258903,Donn,Osborn,778 ELSIE ST,Framingham,MA,1702,(628) 555-7173
3260218,Markus,Goff,8848 SCOTT ST,Quincy,MA,2169,(145) 555-4373
3261248,Janette,Vazquez,8601 COUNTRY CLUB DR,Lowell,MA,1851,(672) 555-9447
3261552,Lorrie,Simms,4533 BAY ST,Lowell,MA,1850,(244) 555-1915
3264921,Mabel,Mann,7939 VENUS ST,Lowell,MA,1851,(781) 555-6448
3265642,Lorie,Kidd,4180 MADISON ST,Worcester,MA,1604,(679) 555-4365
3266429,Lakesha,Hebert,7991 OGDEN AVE,Boston,MA,2115,(662) 555-4266
3266548,Terrance,Norris,9112 HESTER AVE,Worcester,MA,1602,(731) 555-4766
3266829,Marvin,Head,4245 RUSSELL ST,Boston,MA,2116,(713) 555-3245
3274135,Toney,Hawkins,3645 BERNICE RODGERS WAY,Boston,MA,2118,(776) 555-9875
3275362,Vera,Gibson,4210 ALLSTON WAY,Springfield,MA,1109,(198) 555-2432
3276609,Janell,Yoder,3206 QUARTZ WAY,Boston,MA,2215,(862) 555-7231
3278097,Fermin,Meyers,4051 MIRANDO WAY,Peabody,MA,1960,(569) 555-4212
3278942,Mariano,Nichols,6 ARDENWOOD WAY,Springfield,MA,1105,(454) 555-8109
3280598,Jonathon,Lopez,4355 BEALE ST,Somerville,MA,2144,(901) 555-6937
3285455,Elma,Ray,4617 HAGIWARA TEA GARDEN DR,Melrose,MA,2176,(958) 555-1104
3291231,Alberto,Gagnon,3266 OXFORD ST,Roslindale,MA,2131,(315) 555-1891
3291591,Noble,Boone,4828 ROD RD,Haverhill,MA,1835,(261) 555-5715
3291808,Caroline,Thomas,6064 WESTSIDE DR,Roslindale,MA,2131,(380) 555-5993
3298181,Elinor,Bush,8484 CASELLI AVE,Cambridge,MA,2139,(741) 555-8223
3300574,Coleen,Doyle,862 ESTERO AVE,Ayer,MA,1432,(983) 555-4337
3301439,Maureen,Cohen,1859 BURNETT AVE,Hull,MA,2045,(757) 555-8274
3302968,Cherie,Freeman,2943 TEMPLE ST,Brookline,MA,2445,(827) 555-7051
3303146,Karyn,Michael,397 GAVEN ST,Springfield,MA,1118,(253) 555-4677
3306386,Norberto,Hastings,4721 POTOMAC ST,Millbury,MA,1527,(714) 555-6122
3306577,Juliette,Reese,5919 KEYES AVE,Methuen,MA,1844,(698) 555-7188
3308605,Randi,Sampson,6983 KEARNY ST,Framingham,MA,1702,(148) 555-9174
3308822,Wallace,Albert,2336 BUSH ST,Somerville,MA,2144,(439) 555-2706
3309551,Danilo,Solis,3045 NANTUCKET AVE,West Springfield,MA,1089,(641) 555-9122
3311000,Von,Montoya,644 GILBERT ST,Peabody,MA,1960,(633) 555-6077
3311168,Lavern,Zuniga,3777 COLLINGWOOD ST,Framingham,MA,1702,(249) 555-1805
3311384,Toney,Schroeder,8031 TREAT AVE,Chicopee,MA,1020,(498) 555-4522
3314121,Robbin,Lockhart,440 SPRING ST,Brighton,MA,2135,(708) 555-3539
3314374,Markus,Shirley,1963 LOBOS ST,Dorchester Center,MA,2124,(332) 555-4843
3314672,Ivy,Cooper,2744 MARINA GREEN DR,Boston,MA,2128,(513) 555-7266
3315749,Sonya,Atkins,1697 GRAFTON AVE,Boston,MA,2215,(775) 555-8182
3318601,Graham,Knowles,4741 MIGUEL ST,Chestnut Hill,MA,2467,(150) 555-5158
3319179,Brenda,Tyson,1078 LIGGETT AVE,Cambridge,MA,2141,(276) 555-7763
3319476,Selma,Gillespie,111 KEITH ST,Jamaica Plain,MA,2130,(857) 555-3218
3319509,Bridget,Randolph,5573 PARK HILL AVE,Weston,MA,2493,(234) 555-3255
3321676,Dusty,Hines,3170 CHENERY ST,Medford,MA,2155,(319) 555-9126
3325179,Juanita,Chamberlain,186 MILES ST,Boston,MA,2113,(153) 555-5348
3326112,Lillie,Trujillo,2999 HEARST AVE,Dorchester,MA,2122,(801) 555-4431
3326305,Emile,Murray,9467 ARNOLD AVE,Revere,MA,2151,(580) 555-5559
3328385,Huey,Fernandez,3895 ULLOA ST,Gloucester,MA,1930,(435) 555-9556
3331877,Lanny,Christensen,8218 RIVAS AVE,South Hadley,MA,1075,(237) 555-5086
3332429,Peter,Le,2052 VERNON ST,West Springfield,MA,1089,(314) 555-3345
3337421,Sheryl,Roach,757 SAN FERNANDO WAY,Lynn,MA,1904,(123) 555-8236
3338602,Marla,English,8153 NAVY RD,Springfield,MA,1104,(692) 555-3938
3341089,Rosario,Dejesus,3665 NORWICH ST,Medford,MA,2155,(962) 555-9285
3341409,Genevieve,Livingston,5382 EMERALD COVE WAY,Springfield,MA,1119,(825) 555-3038
3344933,Rosetta,Koch,913 ROBINSON DR,Quincy,MA,2169,(411) 555-9954
3346433,Jo,Holloway,5170 KORET WAY,Worcester,MA,1604,(194) 555-5583
3347411,Arlie,Carpenter,7647 FOREST VIEW DR,Weymouth,MA,2188,(855) 555-3073
3349222,Zoe,Fisher,7047 ACACIA ST,Feeding Hills,MA,1030,(519) 555-7012
3349451,John,Henson,8048 TEMPLE ST,Chicopee,MA,1013,(530) 555-7234
3349997,Priscilla,Nielsen,6815 LYELL ST,Brighton,MA,2135,(911) 555-8342
3351425,Ward,Schmidt,4898 ALTA ST,Newburyport,MA,1950,(173) 555-5005
3351762,Nickolas,Bunch,6788 FISHER AVE,Chelmsford,MA,1824,(456) 555-1467
3354934,Muriel,Lancaster,1066 PORTOLA ST,Dorchester,MA,2125,(930) 555-3638
3357467,Brett,Bond,4978 NORWICH ST,Paxton,MA,1612,(152) 555-5122
3358839,Bonnie,Figueroa,9092 SAINT JOSEPHS AVE,Westfield,MA,1085,(247) 555-4786
3359270,Alfreda,Guerrero,1925 SAN ALESO AVE,Springfield,MA,1109,(720) 555-9836
3359526,Delois,Pace,6008 POWELL ST,Roxbury,MA,2119,(555) 555-8406
3363885,Ted,Merritt,6195 SPRUCE ST,North Billerica,MA,1862,(217) 555-9433
3364479,Harriet,Baird,6993 ALVORD ST,Methuen,MA,1844,(804) 555-8011
3365753,Maude,Matthews,8590 MARTIN AVE,Bellingham,MA,2019,(586) 555-8559
3367310,Lashonda,Law,8273 PENNSYLVANIA AVE,Worcester,MA,1609,(216) 555-5310
3369220,Leah,Greer,5133 LYDIA AVE,Bellingham,MA,2019,(918) 555-3407
3372187,Bridgett,Pearce,8891 BANNOCK ST,Wakefield,MA,1880,(545) 555-2069
3373415,Ronald,Butler,9401 TOMPKINS AVE,Charlestown,MA,2129,(357) 555-2050
3373646,Nilda,Compton,9385 CASHMERE ST,Medford,MA,2155,(217) 555-7964
3373702,Evelyn,Olsen,1322 BACHE ST,Boston,MA,2128,(358) 555-2664
3376328,Erasmo,Pickett,721 PARK ST,Medford,MA,2155,(390) 555-8101
3379725,Stacy,Goldstein,891 BLISS RD,Boston,MA,2116,(189) 555-7866
3381547,Graig,Mccall,6312 GREENWOOD AVE,Medford,MA,2155,(565) 555-9011
3385258,Thelma,Ruiz,652 RIDGEWOOD AVE,Pittsfield,MA,1201,(301) 555-5179
3385501,Carol,Holcomb,4021 SAN ALESO AVE,Stoneham,MA,2180,(863) 555-3649
3386838,Ricky,Whitaker,4288 UNIVERSITY ST,Brighton,MA,2135,(916) 555-4720
3386999,Lilia,Brock,9806 RUTLAND ST,Saugus,MA,1906,(342) 555-2973
3387686,Minnie,Lowery,9857 CAMERON WAY,Roslindale,MA,2131,(975) 555-2745
3388074,Marta,Burks,906 BROOKDALE AVE,Lynn,MA,1902,(850) 555-3463
3388742,Sherry,Joyce,6857 SICKLES AVE,Dorchester,MA,2125,(110) 555-7287
3390004,Sebastian,Delarosa,717 CLAY ST,Agawam,MA,1001,(139) 555-5427
3394393,Nick,May,5 PASADENA ST,Roslindale,MA,2131,(207) 555-1485
3395004,Delphine,Dougherty,8370 HAMPSHIRE ST,Boston,MA,2118,(297) 555-4323
3395342,Rochelle,Roy,8068 VAN KEUREN AVE,Dracut,MA,1826,(146) 555-5831
3400675,Isaiah,Ray,2484 SHAFTER RD,Peabody,MA,1960,(760) 555-4236
3402470,Juliet,Chamberlain,1772 ELDRIDGE ST,Framingham,MA,1702,(453) 555-5479
3403677,Reynaldo,Henson,1330 INCINERATOR RD,Waltham,MA,2453,(173) 555-6004
3404639,Fern,Bishop,3170 COLEMAN ST,Chelsea,MA,2150,(689) 555-6863
3405541,Helga,Harding,4849 PARK HILL AVE,Medford,MA,2155,(427) 555-1395
3406041,Jim,Murray,9236 DARIEN WAY,Roxbury Crossing,MA,2120,(140) 555-1812
3408244,Ollie,Hopper,5568 UNDERWOOD AVE,Brighton,MA,2135,(375) 555-1629
3410495,Cortney,Simpson,767 SOUTHERN HEIGHTS AVE,Charlestown,MA,2129,(251) 555-7162
3412776,Thurman,Osborn,7336 MATEO ST,North Billerica,MA,1862,(246) 555-4415
3416114,Ursula,Clements,1409 WAYLAND ST,Attleboro,MA,2703,(463) 555-3535
3417421,Tommie,Vasquez,8587 KATE ST,Malden,MA,2148,(895) 555-5698
3417802,Danette,Griffith,6066 CUTLER AVE,Somerville,MA,2144,(984) 555-6697
3420729,Heriberto,Berry,396 OAK ST,Springfield,MA,1104,(130) 555-9599
3420974,Damien,Maloney,4431 JOHN MUIR DR,Danvers,MA,1923,(189) 555-3984
3422530,Alphonso,Brock,2707 MACEDONIA ST,Salisbury,MA,1952,(587) 555-6280
3423422,Susana,Morgan,8985 PASADENA ST,Chelmsford,MA,1824,(594) 555-1762
3423875,Marlene,Branch,4665 GLADSTONE DR,Boston,MA,2127,(406) 555-8958
3424220,Latasha,Bowman,4624 PICO AVE,Melrose,MA,2176,(413) 555-4854
3425384,Lester,Manuel,2431 MEDICAL CENTER WAY,Springfield,MA,1105,(447) 555-1299
3425934,Doyle,Hampton,4235 NEWELL ST,Cambridge,MA,2141,(892) 555-6479
3431018,Kirsten,Drake,6970 WINN WAY,Allston,MA,2134,(129) 555-5567
3431364,Leo,Jones,7957 POTOMAC ST,South Weymouth,MA,2190,(456) 555-5011
3431521,Ned,King,5952 VISITACION AVE,Natick,MA,1760,(122) 555-7479
3434285,Alexis,Crane,158 BATTERY CRANSTON RD,Framingham,MA,1701,(628) 555-4258
3435750,Rocio,Romero,7720 DELTA ST,Chicopee,MA,1013,(341) 555-2565
3438265,Valencia,Schroeder,7850 EASTWOOD DR,Medford,MA,2155,(437) 555-6497
3439036,Gussie,Fowler,5539 CHESTER AVE,Somerville,MA,2144,(110) 555-3175
3439149,Marlin,Tracy,8731 HANGAH ST,Plymouth,MA,2360,(919) 555-5603
3439726,Iona,Green,7383 LOBOS ST,Lynnfield,MA,1940,(414) 555-8840
3441143,Tristan,Patel,9760 BAY ST,Watertown,MA,2472,(951) 555-4081
3441769,Eula,Britton,7265 ARMISTEAD RD,Waltham,MA,2452,(853) 555-2723
3443884,Corine,Lindsay,1711 GRACE ST,Buzzards Bay,MA,2532,(419) 555-4469
3447003,Kaitlyn,Roth,2516 FLORIDA ST,Chelsea,MA,2150,(304) 555-1703
3448211,Chang,Sullivan,4846 LAURA ST,Everett,MA,2149,(767) 555-8084
3449472,Jerome,Good,6677 BATTERY ST,Revere,MA,2151,(179) 555-1340
3450300,Gregory,Clemons,1282 CRESTMONT DR,Malden,MA,2148,(428) 555-3619
3451554,Latrice,Russell,9103 OCEAN AVE,Lowell,MA,1851,(640) 555-9150
3453373,Elizabeth,Singleton,1667 OTTAWA AVE,Springfield,MA,1104,(121) 555-4701
3453932,Nigel,Mendez,684 DRAKE ST,Lowell,MA,1852,(604) 555-5399
3454553,Benny,Sanchez,8429 HEMLOCK ST,Natick,MA,1760,(944) 555-9096
3455235,Ferdinand,Sanchez,1398 CASHMERE ST,Brookline,MA,2445,(570) 555-3333
3457262,Eduardo,Colon,7776 BIRMINGHAM RD,Springfield,MA,1118,(832) 555-4503
3457443,Kory,Burch,3606 SANTA YSABEL AVE,Southwick,MA,1077,(233) 555-7368
3466183,Kasey,Mitchell,9935 SPOFFORD ST,Revere,MA,2151,(518) 555-3773
3466934,Juliana,Landry,1729 BATTERY SAFFORD RD,Cambridge,MA,2139,(367) 555-3509
3468467,Dion,Whitaker,3875 GREENWOOD AVE,Lowell,MA,1851,(189) 555-9771
3469095,Rosanne,Christopher,6357 ROTTECK ST,Cambridge,MA,2138,(795) 555-9721
3471320,Nathanael,Burnett,7134 PARK HILL AVE,Framingham,MA,1701,(713) 555-9737
3472165,Napoleon,Giles,5153 AMHERST ST,Malden,MA,2148,(241) 555-3088
3477731,Graig,Walton,567 FOLSOM ST,Gloucester,MA,1930,(211) 555-8413
3478549,Joe,Bond,6350 PFEIFFER ST,Jamaica Plain,MA,2130,(991) 555-4678
3479505,Miles,Mccarty,9424 HERMANN ST,Hanover,MA,2339,(233) 555-8651
3479803,Burl,Pope,7579 CEDRO AVE,Brookline,MA,2446,(460) 555-9709
3481060,Annmarie,Blair,4059 HORACE ST,Worcester,MA,1602,(173) 555-4563
3483942,Misty,Landry,4066 PARNASSUS AVE,Auburn,MA,1501,(315) 555-1420
3484551,Ted,Guzman,524 FLORENCE ST,Hanson,MA,2341,(700) 555-7552
3485712,Catrina,Rich,3971 HESTER AVE,Boston,MA,2128,(263) 555-6979
3489743,Aubrey,Hancock,2619 JERSEY ST,Boston,MA,2118,(350) 555-5443
3492311,Tillie,Montgomery,3211 HUGO ST,Gloucester,MA,1930,(530) 555-1286
3492983,Susie,Riggs,8446 BEPLER ST,Brighton,MA,2135,(508) 555-1739
3494053,Aida,Floyd,1290 ARELLANO AVE,Brookline,MA,2446,(651) 555-4306
3494787,Frank,Roach,9880 WORTH ST,Hyde Park,MA,2136,(115) 555-6175
3498432,Maura,Bonner,4114 PICO AVE,Winthrop,MA,2152,(854) 555-6177
3498572,Jerald,Bennett,1557 WEST VIEW AVE,Somerville,MA,2145,(471) 555-5841
3500325,Rosario,Gray,6013 AGNON AVE,Westborough,MA,1581,(872) 555-9327
3504899,Patrice,Garner,1450 SHAFTER AVE,Russell,MA,1071,(131) 555-9354
3504983,Goldie,Huffman,2994 UNION ST,Cambridge,MA,2140,(251) 555-8452
3509856,Theodore,Shepherd,2953 BATTERY CAULFIELD RD,Cambridge,MA,2141,(747) 555-8210
3509860,Teri,Ramsey,692 DRAKE ST,Chelsea,MA,2150,(414) 555-5266
3514907,Sherry,Cohen,2764 DECATUR ST,Roslindale,MA,2131,(191) 555-1621
3516359,Evangelina,Humphrey,3510 HORACE ST,Springfield,MA,1108,(667) 555-2686
3516524,Gilbert,Meyers,3960 DELANO AVE,Springfield,MA,1108,(578) 555-4476
3518984,Clement,Estes,508 FLORA ST,Boston,MA,2118,(995) 555-2667
3519251,Casandra,Crowley,7887 SAN LEANDRO WAY,Quincy,MA,2169,(112) 555-5976
3520364,Michaela,Sampson,5571 HAMPSHIRE ST,Boston,MA,2215,(816) 555-8241
3524399,Mara,Gibson,2867 MCKINLEY AVE,Hingham,MA,2043,(299) 555-2377
3524770,Krystal,Gill,2932 OTIS ST,Pittsfield,MA,1201,(806) 555-7295
3524820,Earnestine,Coffey,4948 GILLETTE AVE,Cambridge,MA,2138,(315) 555-7226
3527514,Marlon,Barlow,5258 MISSISSIPPI ST,Saugus,MA,1906,(722) 555-2480
3531154,Patsy,Parsons,6261 AMETHYST WAY,Marlborough,MA,1752,(171) 555-6342
3531670,Garry,Peters,4237 MURRAY ST,Somerville,MA,2145,(319) 555-2576
3532006,Cliff,Brock,520 LANE ST,Shrewsbury,MA,1545,(922) 555-5360
3532198,Jamar,Warren,8004 RAMONA AVE,Somerville,MA,2143,(408) 555-2589
3532903,Son,Castaneda,1040 WHITING ST,Worcester,MA,1607,(369) 555-5903
3533901,Odell,Mann,6303 DIVISION ST,Malden,MA,2148,(854) 555-3120
3534997,Philip,Henry,7242 TULARE ST,West Boylston,MA,1583,(600) 555-1696
3538066,Stan,Rhodes,6764 STONE ST,Boston,MA,2127,(434) 555-7338
3541800,Edward,Tillman,3266 LAKESHORE DR,Winchester,MA,1890,(522) 555-5819
3542408,Abby,Goldstein,8349 ROTTECK ST,Braintree,MA,2184,(487) 555-3971
3543957,Sasha,Watson,7160 NORIEGA ST,Lunenburg,MA,1462,(385) 555-3645
3544498,Mona,Cantu,7960 GIBSON RD,West Springfield,MA,1089,(955) 555-6862
3544608,Mckinley,Gregg,4319 UNION ST,Woburn,MA,1801,(309) 555-8107
3547791,Octavio,Black,6458 BANNOCK ST,Boston,MA,2118,(530) 555-8270
3547844,Jasper,Kirby,894 CARMEL ST,Lowell,MA,1852,(315) 555-2057
3549197,Ali,Goldstein,9569 SIERRA ST,Revere,MA,2151,(579) 555-8908
3551213,Larry,Grady,3400 HILL ST,Dorchester,MA,2121,(670) 555-1752
3557079,Glenna,Kelly,2652 JACK BALESTRERI WAY,Worcester,MA,1602,(637) 555-9852
3557777,Rosalee,Atkinson,7283 REDDY ST,West Springfield,MA,1089,(908) 555-4573
3558455,Reyes,Martin,4319 BELLA VISTA WAY,Braintree,MA,2184,(215) 555-7436
3562597,Myron,Sparks,5617 MASSACHUSETTS ST,West Springfield,MA,1089,(325) 555-2836
3563926,Odell,Parks,8862 DWIGHT ST,Haverhill,MA,1830,(512) 555-8303
3564499,Marjorie,Mayo,403 CHENERY ST,Dracut,MA,1826,(212) 555-5543
3566744,Lorna,Neal,8784 BURKE AVE,Holbrook,MA,2343,(114) 555-5439
3570530,Maritza,Boone,7328 BRITTON ST,Winchester,MA,1890,(460) 555-9645
3570636,Ambrose,Rowe,8117 SAN FERNANDO WAY,Lynn,MA,1902,(803) 555-6253
3571583,Dillon,Santana,7601 BIRD ST,Newton Highlands,MA,2461,(550) 555-4872
3573928,Shannon,Franklin,3355 WHEAT ST,Boston,MA,2111,(896) 555-6662
3574092,John,Cabrera,4371 VICENTE ST,Worcester,MA,1609,(378) 555-7614
3578507,Robert,Bird,1981 DELANO AVE,Millbury,MA,1527,(171) 555-3865
3581894,Christin,Rojas,1571 GRACE ST,Chelsea,MA,2150,(844) 555-6701
3582609,Maurice,Waters,8745 BELLES ST,North Billerica,MA,1862,(310) 555-9949
3584280,Sarah,Skinner,7868 VERDUN WAY,Dorchester,MA,2125,(177) 555-5595
3584334,Katrina,Howe,2638 CLARA ST,Cambridge,MA,2139,(607) 555-4522
3588298,Jewell,Rouse,5745 ROMAIN ST,Longmeadow,MA,1106,(279) 555-1789
3589936,Rey,Dodson,8955 AZTEC ST,Framingham,MA,1702,(431) 555-3599
3590147,Wilson,Steele,1319 SAUL ST,Newburyport,MA,1950,(520) 555-1681
3594203,Dana,Madden,6360 WINN WAY,Boston,MA,2116,(309) 555-5213
3596380,Viola,Schultz,1617 LUCERNE ST,Pittsfield,MA,1201,(445) 555-5180
3601549,Christi,Greene,4173 SHERIDAN ST,Bolton,MA,1740,(785) 555-1296
3602691,Nola,Ayala,7819 ROSE ST,Granville,MA,1034,(410) 555-1651
3609162,Mariano,Gary,7265 CATALINA ST,Newton Upper Falls,MA,2464,(548) 555-8926
3610804,Ollie,Horton,2535 WHITING ST,Holliston,MA,1746,(774) 555-5866
3616032,Chance,Pearson,9182 LANSING ST,Melrose,MA,2176,(342) 555-8682
3616232,Maggie,Lucas,9621 NAVY RD,Medford,MA,2155,(289) 555-8112
3616454,Julia,Krause,3065 ELLSWORTH ST,Framingham,MA,1701,(885) 555-7753
3616489,Leora,Frederick,2371 FILLMORE ST,Attleboro,MA,2703,(752) 555-2323
3616932,Abdul,Childs,8963 CIELITO DR,Beverly,MA,1915,(129) 555-6707
3619997,Addie,Stinson,6486 VARENNES ST,Melrose,MA,2176,(817) 555-8847
3621904,Graig,Rivera,6459 HAYES ST,Worcester,MA,1609,(368) 555-5200
3621921,Joy,Randall,6246 STARR KING WAY,Cambridge,MA,2139,(907) 555-9419
3622526,Alec,Moon,9740 PIZARRO WAY,Swampscott,MA,1907,(418) 555-5449
3623466,Earnest,Gregory,4884 DELANCEY ST,Somerville,MA,2144,(248) 555-3137
3623681,Benedict,Chang,5873 WELSH ST,Shrewsbury,MA,1545,(252) 555-8455
3631885,Sofia,Robbins,1870 PROGRESS ST,Medford,MA,2155,(472) 555-4284
3632230,Noe,Pearson,7250 HITCHCOCK ST,Hyde Park,MA,2136,(963) 555-6160
3632442,Lorri,Madison,152 CONGDON ST,Worcester,MA,1605,(958) 555-5456
3632617,Hilda,Villa,5363 SAN FERNANDO WAY,East Falmouth,MA,2536,(499) 555-9454
3632712,Shari,Craft,3468 WINFIELD ST,Chelsea,MA,2150,(436) 555-6472
3634221,Carmen,Coffman,9486 TAYLOR RD,Cambridge,MA,2140,(475) 555-9175
3635202,Olivia,Pickett,1239 GRAFTON AVE,Natick,MA,1760,(480) 555-7900
3638097,Rocio,Cortez,1859 JUDSON AVE,Jamaica Plain,MA,2130,(295) 555-2030
3638711,Quintin,Robbins,678 COLLEEN WAY,Worcester,MA,1602,(347) 555-5114
3642165,Reynaldo,Keith,1006 VAN BUREN ST,Framingham,MA,1701,(243) 555-4352
3642729,Millie,Wright,6711 MILES ST,Dalton,MA,1226,(265) 555-7434
3647053,Kraig,Broussard,556 TEDDY AVE,Cohasset,MA,2025,(994) 555-7471
3647072,Connie,Rojas,6377 VASQUEZ AVE,Danvers,MA,1923,(619) 555-9749
3647318,Madge,Hilton,7503 HESTER AVE,Worcester,MA,1605,(393) 555-7780
3650185,Sierra,Lucero,957 EAST FORT MILEY RD,Quincy,MA,2170,(674) 555-8954
3651805,Jan,Rivera,1526 FOOTE AVE,Watertown,MA,2472,(711) 555-8544
3652043,Lilian,Vinson,4153 FAIRFAX AVE,Roxbury Crossing,MA,2120,(366) 555-6400
3656317,Terrance,Heath,1289 SHERIDAN ST,Boston,MA,2116,(466) 555-9791
3658130,Harley,Valenzuela,3089 GLENVIEW DR,Somerville,MA,2145,(203) 555-4375
3659885,Melinda,Warren,6482 SAN DIEGO AVE,Auburn,MA,1501,(593) 555-9883
3660597,Maryann,Walter,1119 JORDAN AVE,Worcester,MA,1607,(286) 555-6327
3663811,Tyree,Griffith,7295 APPLETON AVE,West Newton,MA,2465,(322) 555-8110
3664110,Rueben,Hancock,9940 WEST CLAY ST,Boston,MA,2127,(712) 555-7651
3664482,Jana,Moran,9062 SAINT CROIX DR,Dorchester,MA,2122,(775) 555-9491
3664863,Bettie,Campbell,4421 DONAHUE ST,Revere,MA,2151,(385) 555-6224
3665615,Kristie,Bauer,1492 HARDIE AVE,Malden,MA,2148,(262) 555-2374
3668393,Kris,Pennington,771 MILES ST,Brookline,MA,2445,(629) 555-9674
3668699,Josephine,Cross,9855 WILLIAMS AVE,Natick,MA,1760,(322) 555-6665
3669565,Mai,Lynn,6361 LUNADO WAY,Cambridge,MA,2140,(398) 555-5262
3671215,Jeanette,Belcher,2733 ARNOLD AVE,Wakefield,MA,1880,(546) 555-4231
3674278,Rosemarie,Pickett,5292 INDIANA ST,Springfield,MA,1104,(506) 555-8501
3674968,Madonna,Gore,4039 HOLLOWAY AVE,Boston,MA,2127,(807) 555-2567
3677247,Suzanne,Kline,9370 MONTGOMERY ST,Boston,MA,2114,(266) 555-9258
3679148,Geneva,Lara,560 FRANCE AVE,Boston,MA,2116,(131) 555-5440
3679302,Clarissa,Hatfield,1345 LONG AVE,Somerville,MA,2144,(874) 555-5690
3683554,Sebastian,Burgess,9482 JEFFERSON ST,Worcester,MA,1604,(478) 555-9730
3685484,Maurice,Lynch,8024 BATTERY WAGNER RD,Worcester,MA,1603,(607) 555-8760
3685759,Ava,Byers,3075 SATURN ST,Cambridge,MA,2141,(619) 555-9485
3686002,Verna,Roberts,7073 ARNOLD AVE,South Grafton,MA,1560,(720) 555-7837
3694755,Federico,Tran,1294 MADISON ST,Lynn,MA,1902,(880) 555-1736
3698100,Lenora,Cummings,6250 SILVER AVE,Worcester,MA,1606,(615) 555-6911
3703447,Cathy,Graves,5713 MIDCREST WAY,Arlington,MA,2474,(722) 555-8992
3707828,Oliver,Henderson,5553 LATONA ST,Lowell,MA,1852,(309) 555-7050
3710206,Maryann,Wiley,6738 PORTER ST,Holden,MA,1520,(542) 555-8389
3711314,Arnold,Gilbert,1631 TAYLOR ST,Somerville,MA,2145,(584) 555-8406
3712065,Chet,Joseph,3711 NEWTON ST,Holliston,MA,1746,(900) 555-1012
3718243,Chandra,Springer,1675 COLUMBUS AVE,Dracut,MA,1826,(200) 555-6926
3720110,Kristin,Parks,8269 PEARL ST,Allston,MA,2134,(719) 555-9767
3721141,Mauro,Godfrey,5457 SHIELDS ST,Worcester,MA,1607,(113) 555-6653
3721756,Freddy,Ayala,1619 CHESTER AVE,Revere,MA,2151,(593) 555-3212
3722094,Mervin,Katz,2458 HARRIET ST,Dorchester,MA,2125,(514) 555-6608
3725158,Olga,Vinson,348 FELL ACCESS RD,Revere,MA,2151,(497) 555-5360
3726566,Genevieve,Justice,7968 LA BICA WAY,Andover,MA,1810,(416) 555-4189
3726875,Bryon,Brooks,9996 LOPEZ AVE,Pittsfield,MA,1201,(917) 555-4790
3728627,Marilynn,Woodward,1118 HAMPSHIRE ST,Fitchburg,MA,1420,(983) 555-1269
3732525,Patricia,Larsen,226 SPRUCE ST,Tewksbury,MA,1876,(766) 555-2768
3733601,Dixie,Daniel,4585 TULARE ST,Malden,MA,2148,(372) 555-2127
3734137,Zackary,Carter,4330 NANTUCKET AVE,Springfield,MA,1105,(896) 555-8240
3734181,Herman,Ochoa,5621 SYLVAN DR,Arlington,MA,2476,(236) 555-8750
3737297,Dorian,Davidson,2424 SAINT CROIX DR,Lowell,MA,1851,(289) 555-6406
3738359,Dillon,Frederick,9342 JESSIE WEST ST,Jamaica Plain,MA,2130,(367) 555-3330
3741057,Todd,Rutledge,3353 JESSIE EAST ST,Southwick,MA,1077,(204) 555-8275
3741774,Brooke,Davenport,1404 SANTA MARINA ST,Woburn,MA,1801,(385) 555-2395
3746090,Lucile,Mahoney,7485 BUENA VISTA AVE,Somerville,MA,2145,(797) 555-9413
3748899,Loraine,Owen,4146 ELMWOOD WAY,Dracut,MA,1826,(299) 555-9364
3749618,Roxanna,Hickey,6975 EMERALD COVE WAY,Beverly,MA,1915,(113) 555-8994
3749989,Rachelle,Adams,6557 SAN LUIS AVE,Salem,MA,1970,(495) 555-8590
3751564,Harrison,Wong,2207 STEUART ST,Cambridge,MA,2141,(599) 555-9575
3752851,Malik,Kinney,9065 OWEN ST,Oxford,MA,1540,(381) 555-8686
3753879,Sheila,Hastings,3851 RANDOLPH ST,Stoneham,MA,2180,(866) 555-1313
3754355,Willy,Odell,4323 PENNSYLVANIA AVE,Lowell,MA,1852,(274) 555-4340
3756494,Brendon,Heard,1541 ANKENY ST,Roslindale,MA,2131,(797) 555-8764
3757651,Allyson,Wilkerson,1815 THOMAS MELLON DR,Cambridge,MA,2141,(984) 555-7160
3757706,Retha,Austin,5930 MARNE AVE,Woburn,MA,1801,(452) 555-2456
3758791,Liliana,Leach,361 MCDONALD ST,Brookline,MA,2445,(441) 555-6289
3761473,Malcolm,Walker,1838 LAKESHORE DR,Lynn,MA,1902,(126) 555-5837
3764169,Grace,Mann,2423 MONTEZUMA ST,Medford,MA,2155,(634) 555-3349
3766629,Coleman,Forrest,7525 DARTMOUTH ST,Brighton,MA,2135,(131) 555-2656
3766745,Janie,Helms,4306 FREELON ST,Medford,MA,2155,(441) 555-2480
3767759,Caroline,Krueger,9121 SUNRISE WAY,Winthrop,MA,2152,(995) 555-7276
3769532,Santiago,Ray,8189 MADRID ST,Boston,MA,2127,(929) 555-1388
3769909,Maritza,Santiago,4326 WATERVILLE ST,Somerville,MA,2145,(709) 555-8390
3772244,Alexis,Mullen,3193 TERRA VISTA AVE,Tewksbury,MA,1876,(513) 555-5995
3772323,Lelia,Ortiz,2069 ARMISTEAD RD,Somerville,MA,2145,(379) 555-7432
3773828,Wilhelmina,Bass,8560 KENSINGTON WAY,Boston,MA,2118,(733) 555-4837
3774824,Cedrick,Gibbs,5337 STEINER ST,Cambridge,MA,2138,(876) 555-2072
3779666,Kathie,Guerrero,2169 TEDDY AVE,Revere,MA,2151,(859) 555-5738
3784555,Foster,Sanders,2761 BALMY ST,Lowell,MA,1854,(268) 555-6962
3785417,Kelsey,Riggs,3196 LUCERNE ST,Saugus,MA,1906,(686) 555-6219
3785753,Velma,Farmer,352 MASSACHUSETTS ST,Pittsfield,MA,1201,(497) 555-7142
3788288,Thaddeus,Pearce,1641 DAY ST,Lowell,MA,1851,(412) 555-5781
3791104,Betty,Rodriguez,1244 BLYTHDALE AVE,Chelsea,MA,2150,(530) 555-3863
3791212,Lolita,Galvan,9642 HAYS ST,Boston,MA,2127,(115) 555-4579
3798593,Napoleon,Avila,2305 MYRTLE ST,Roxbury,MA,2119,(442) 555-9330
3799877,Gerard,Mcallister,2163 ALBION ST,Danvers,MA,1923,(610) 555-8615
3802744,Jeff,Butts,5593 MOJAVE ST,Melrose,MA,2176,(632) 555-7818
3803659,Juliet,Munoz,7084 ESCONDIDO AVE,Worcester,MA,1603,(104) 555-5725
3805154,Ivan,Clements,3578 CARRIE ST,Lowell,MA,1854,(534) 555-3060
3805576,Marcelino,Skinner,6897 CORDELIA ST,Wakefield,MA,1880,(225) 555-1714
3809077,Kari,Riddle,8993 BATTERY SAFFORD RD,Cambridge,MA,2141,(126) 555-4303
3809721,Larissa,Hubbard,3708 HOUSTON ST,Boston,MA,2128,(691) 555-1823
3810410,Franklin,Mcginnis,1087 HURON AVE,Framingham,MA,1701,(752) 555-5257
3811720,Alfred,Mosley,9333 PROSPECT AVE,Acton,MA,1720,(418) 555-7714
3815837,Alyson,Ewing,873 MASSACHUSETTS ST,Charlestown,MA,2129,(524) 555-6355
3819405,Daren,Miller,1432 ARGONAUT AVE,Dorchester,MA,2122,(904) 555-8854
3832444,Allyson,Sheppard,6862 HERMANN ST,Cambridge,MA,2138,(532) 555-8758
3832851,Beryl,Phelps,9693 LOOMIS ST,Milton,MA,2186,(232) 555-7494
3836231,Kermit,Duffy,5709 BALTIMORE WAY,Cambridge,MA,2141,(520) 555-7470
3838853,Carrol,Castaneda,8344 UPTON ST,Andover,MA,1810,(547) 555-8780
3840616,Young,Mendoza,81 ROSE ST,Hopkinton,MA,1748,(639) 555-4924
3841223,Carolyn,Fry,5393 GARRISON AVE,Worcester,MA,1609,(583) 555-3572
3847300,Jessie,Solomon,6457 JUSTIN DR,Chicopee,MA,1013,(736) 555-9495
3847479,Monty,Hahn,8825 FORTUNA AVE,Arlington,MA,2474,(133) 555-7017
3847910,Elizabeth,Wynn,6583 NANTUCKET AVE,Belmont,MA,2478,(779) 555-5493
3848208,Keith,Haley,7305 WILLIAR AVE,Everett,MA,2149,(261) 555-3745
3848705,Bruce,Hayes,3511 PAGE ST,Revere,MA,2151,(716) 555-4615
3849448,Joshua,Kinney,967 MIDDLE POINT RD,Medford,MA,2155,(899) 555-2228
3851853,Marcel,Mcdowell,1875 HICKS RD,Lynn,MA,1902,(957) 555-8760
3852820,Mayra,Patrick,7470 EDGEWOOD AVE,Allston,MA,2134,(727) 555-5278
3857194,Debby,Chaney,4170 QUARTZ WAY,Danvers,MA,1923,(799) 555-8487
3857353,Kristie,Blackwell,7628 WEST PORTAL AVE,Boston,MA,2128,(830) 555-8862
3859939,Hazel,Camacho,2611 RIVERTON DR,Worcester,MA,1605,(605) 555-2512
3860012,Tori,Villa,6511 CHESTER AVE,Lowell,MA,1852,(412) 555-8128
3863135,Burt,Gore,1224 ESCONDIDO AVE,Arlington,MA,2474,(643) 555-5526
3863882,Alfonso,Terry,2065 BANBURY DR,Boston,MA,2118,(497) 555-6801
3863985,Perry,Booth,4531 POLARIS WAY,Sandisfield,MA,1255,(359) 555-6470
3866047,Genevieve,Novak,1554 RAYBURN ST,Cambridge,MA,2140,(749) 555-5097
3868076,Chance,Parrish,112 JUSTIN DR,Lynn,MA,1905,(731) 555-4992
3868180,Abigail,Lyon,2634 CORDELIA ST,Lowell,MA,1852,(619) 555-2818
3869947,Lottie,Mcintyre,2912 VERDUN WAY,Peabody,MA,1960,(774) 555-8621
3873958,Sofia,Nielsen,6198 INDIA ST,Springfield,MA,1103,(535) 555-4634
3874991,Abel,Aguilar,3710 NAHUA AVE,Cambridge,MA,2139,(881) 555-1922
3876788,Jeremiah,Dillard,7477 GAVEN ST,Worcester,MA,1605,(893) 555-1190
3877388,Earnestine,Dotson,1893 OTEGA AVE,Milton,MA,2186,(825) 555-3548
3878224,Loyd,Cherry,2421 EASTWOOD DR,North Chelmsford,MA,1863,(598) 555-3762
3879927,Loraine,Erickson,2357 MEADOWBROOK DR,Wakefield,MA,1880,(127) 555-3648
3880587,Constance,Rush,7446 CONCOURSE DR,Middleboro,MA,2346,(463) 555-6138
3882679,Colin,Martin,1161 PALOU AVE,Ayer,MA,1432,(301) 555-9626
3883037,Waldo,Gilliam,1342 GOETHE ST,West Springfield,MA,1089,(427) 555-2893
3885354,Omar,Murray,424 SHERMAN ST,West Springfield,MA,1089,(327) 555-9006
3887839,Zelma,Shaw,3135 PETERS AVE,Brighton,MA,2135,(812) 555-7503
3888154,Stephen,Gordon,9927 PEARL ST,Framingham,MA,1702,(946) 555-6891
3889415,Marlin,Hickey,6329 GENNESSEE ST,Worcester,MA,1604,(393) 555-6043
3889463,Rueben,Gay,5584 TEMPLE ST,Holbrook,MA,2343,(772) 555-2719
3890388,Blanca,Fox,7172 KANSAS ST,Cambridge,MA,2140,(259) 555-8728
3892112,Juliet,Pearson,2598 MONTALVO AVE,Medford,MA,2155,(915) 555-7545
3892718,Peter,Lake,823 UNDERWOOD AVE,Lowell,MA,1850,(110) 555-6523
3892986,Terence,Duffy,4058 FAIRMOUNT ST,Beverly,MA,1915,(991) 555-8656
3899121,Opal,Parrish,2546 BROADMOOR DR,Cambridge,MA,2139,(146) 555-7906
3902193,Shayne,Cain,3429 MARKET ST,Saugus,MA,1906,(103) 555-4646
3902393,Jan,Crawford,4114 CORDELIA ST,Foxboro,MA,2035,(786) 555-4455
3905760,Monroe,Ford,7900 YOSEMITE AVE,Medford,MA,2155,(834) 555-2977
3912753,Jonah,Beatty,1955 COMMONWEALTH AVE,Watertown,MA,2472,(697) 555-5804
3913573,Esperanza,Kirk,2393 LANSDALE AVE,Brookline,MA,2445,(129) 555-7499
3914757,Catherine,Joyce,9160 GLADSTONE DR,Pittsfield,MA,1201,(464) 555-5581
3914912,Carmela,Mckay,1811 SAN DIEGO AVE,Framingham,MA,1701,(870) 555-3751
3914978,Nita,David,8904 PIZARRO WAY,Dorchester,MA,2125,(680) 555-5278
3915043,Lillie,Wagner,6057 BELCHER ST,Boston,MA,2115,(945) 555-6959
3915179,Mellisa,Carr,3910 MONETA WAY,Lowell,MA,1851,(563) 555-7127
3918853,Santos,Sherman,9973 RANDALL ST,West Springfield,MA,1089,(411) 555-1361
3921567,Rosalee,Galvan,8185 SEVILLE ST,Brighton,MA,2135,(200) 555-7338
3923276,Dante,Finley,3669 COLERIDGE ST,Boston,MA,2118,(303) 555-1306
3923675,Valencia,Jensen,8130 PERALTA AVE,Danvers,MA,1923,(476) 555-6120
3924478,Bennett,Suarez,8946 FLORIDA ST,Chicopee,MA,1013,(857) 555-4332
3924698,Estela,Henry,3164 FOUNTAIN ST,Lowell,MA,1852,(337) 555-2074
3927515,Racheal,Gill,7992 YOUNG ST,Medford,MA,2155,(669) 555-8544
3930838,Walton,Wolf,9828 HITCHCOCK ST,Lee,MA,1238,(633) 555-6013
3931168,Brady,Nielsen,3992 BUENA VISTA AVE,Somerville,MA,2143,(746) 555-3986
3931683,Denver,Childs,7823 MILLER RD,Shrewsbury,MA,1545,(959) 555-7179
3932316,Patsy,Hickman,6991 SECOND DR,Watertown,MA,2472,(634) 555-3266
3933159,Lamont,White,5155 NEW MONTGOMERY ST,Worcester,MA,1602,(917) 555-8919
3934933,Adrianne,Gardner,3541 WALLACE AVE,Natick,MA,1760,(908) 555-9722
3938245,Tameka,Guerra,6401 VENUS ST,Boston,MA,2128,(977) 555-8803
3941730,Rupert,Haley,503 WALLACE AVE,Dorchester,MA,2122,(297) 555-4423
3945655,Neville,Marshall,5965 GETZ ST,Chelsea,MA,2150,(788) 555-7554
3947294,Bradley,Pennington,3622 SEWARD ST,Allston,MA,2134,(760) 555-4397
3948960,Douglas,Moyer,911 HICKORY ST,Worcester,MA,1606,(321) 555-5531
3949925,Clarice,Corbett,3075 HESTER AVE,Boston,MA,2116,(994) 555-4373
3952244,Lakeisha,Duran,7906 REARDON RD,Worcester,MA,1604,(126) 555-9320
3956558,Patricia,Cash,3092 BERKSHIRE WAY,Lowell,MA,1851,(313) 555-6064
3957000,Jeremiah,Stewart,832 MONTEZUMA ST,Longmeadow,MA,1106,(910) 555-9545
3957800,May,Farley,5464 ERIE ST,Three Rivers,MA,1080,(578) 555-1111
3960699,Malik,Horn,2830 MELROSE AVE,Weymouth,MA,2188,(413) 555-8063
3960740,Kathie,Rubio,4005 HESTER AVE,Chicopee,MA,1013,(572) 555-7315
3964138,Charley,Mcpherson,5447 TUCKER AVE,Boston,MA,2115,(563) 555-9833
3966323,Isreal,Gordon,4486 SERGEANT JOHN V YOUNG ST,Medford,MA,2155,(792) 555-3247
3973115,Felecia,Richard,9260 SHERIDAN AVE,Revere,MA,2151,(477) 555-1473
3974526,Rebekah,Krause,4577 LUNDEEN ST,Westford,MA,1886,(220) 555-5483
3976278,Tony,Conley,3235 POLLOCK ST,Newtonville,MA,2460,(355) 555-1760
3977605,Oliver,Fisher,9147 GOLD ST,Beverly,MA,1915,(415) 555-2478
3977704,Walker,Keith,2 MAULDIN ST,Newburyport,MA,1950,(864) 555-7325
3978768,Dee,Arroyo,8976 ARELLANO AVE,Somerville,MA,2145,(544) 555-9232
3979562,Maxwell,Mccann,7640 JESSIE ST,Methuen,MA,1844,(443) 555-3986
3979630,Amelia,Madison,9405 TREAT AVE,Lowell,MA,1854,(787) 555-1294
3979988,Gilda,Peters,1318 WHEELER AVE,Dorchester Center,MA,2124,(506) 555-8509
3981732,Kyle,Porter,462 NAHUA AVE,Boston,MA,2128,(442) 555-9715
3987157,Bonnie,Roth,2967 FREELON ST,West Boylston,MA,1583,(688) 555-4368
3987754,Vera,Velez,7945 POTRERO AVE,Lowell,MA,1851,(213) 555-1700
3990768,Elroy,Cooper,178 SECOND DR,Cambridge,MA,2141,(836) 555-1134
3991800,Keith,Erickson,6061 CONGDON ST,Framingham,MA,1702,(530) 555-4997
3991847,Roxie,Finley,5988 RICE ST,Waltham,MA,2453,(985) 555-6179
3994019,James,Ray,7709 VESTA ST,Brighton,MA,2135,(326) 555-3074
3996842,Stephen,Dixon,5389 PASADENA ST,Woburn,MA,1801,(620) 555-7590
3999790,Marguerite,Morrow,1452 LYELL ST,North Weymouth,MA,2191,(716) 555-5551
3999976,Tammy,Cowan,949 QUANE ST,Chestnut Hill,MA,2467,(868) 555-6343
4000125,Aldo,Forbes,4296 MOULTRIE ST,Chicopee,MA,1013,(606) 555-3861
4002671,Art,King,9856 EDITH ST,Cambridge,MA,2141,(371) 555-3664
4002726,Yvonne,Cantrell,1067 SARGENT ST,Jamaica Plain,MA,2130,(452) 555-7212
4005757,Davis,Thomas,2195 MARINA GREEN DR,Holden,MA,1520,(274) 555-4418
4005896,Lesley,Downing,9148 HILL POINT AVE,Revere,MA,2151,(723) 555-1823
4010321,Teddy,Hutchinson,7126 WASHINGTON ST,South Weymouth,MA,2190,(534) 555-6230
4012484,Matilde,Elkins,1647 FLORIDA ST,Brighton,MA,2135,(250) 555-7455
4013479,Owen,Hurst,4210 GILBERT ST,Hyde Park,MA,2136,(248) 555-5532
4016259,Lynn,Covington,1575 ARROYO WAY,Stoneham,MA,2180,(476) 555-4440
4016269,Marlin,Giles,2280 JOHN F SHELLEY DR,Methuen,MA,1844,(290) 555-5184
4016707,Danielle,Yates,5923 SEYMOUR ST,Cambridge,MA,2141,(588) 555-1818
4017723,Julian,Seymour,8123 HELEN ST,Chicopee,MA,1013,(723) 555-2216
4020866,Wilford,Richardson,2982 SUTTER ST,Chelsea,MA,2150,(125) 555-1066
4021086,Graham,Le,6751 NORTH POINT ST,Framingham,MA,1702,(342) 555-5312
4022830,Elton,Hendricks,7763 HIGH ST,Quincy,MA,2171,(762) 555-5954
4023211,Jade,Crabtree,7014 SAN ANSELMO AVE,Cambridge,MA,2139,(476) 555-2553
4023518,Paulette,Davila,4308 RUCKMAN AVE,Malden,MA,2148,(454) 555-2739
4023724,Walker,Nieves,2458 LINCOLN WAY,Pittsfield,MA,1201,(841) 555-8604
4023762,Cathleen,Perkins,9492 SIERRA ST,Westfield,MA,1085,(613) 555-1244
4024703,Germaine,Griffith,6038 SAUL ST,Somerville,MA,2143,(120) 555-9878
4025929,Jamar,Holland,4084 WEST PORTAL AVE,Belmont,MA,2478,(527) 555-2010
4025997,Rosa,Aguilar,8568 PROSPER ST,Oak Bluffs,MA,2557,(777) 555-7952
4027465,Gabriel,Childress,6359 PALMETTO AVE,Worcester,MA,1602,(476) 555-1051
4028127,Sammie,Conrad,8058 REGENT ST,Newburyport,MA,1950,(928) 555-2496
4028688,Marcelino,Stanton,2238 GRAND VIEW AVE,Leominster,MA,1453,(234) 555-7893
4029096,Jewell,Allison,7064 VARENNES ST,Worcester,MA,1602,(568) 555-4344
4029112,Anastasia,Randall,4062 BROWN ST,Brookline,MA,2446,(733) 555-4194
4031419,Samual,Curry,5325 KEMPTON AVE,Everett,MA,2149,(783) 555-2116
4032055,Beatriz,Mccarthy,3822 KATE ST,Peabody,MA,1960,(628) 555-3933
4032439,Kira,Preston,5049 GATES ST,Uxbridge,MA,1569,(123) 555-1991
4035139,Ursula,Mccullough,9102 FEDERAL ST,Worcester,MA,1602,(537) 555-3941
4035514,Conrad,Mathews,3104 LILLIAN ST,Malden,MA,2148,(659) 555-9261
4035797,Cristobal,Vasquez,7880 RUSS ST,Shrewsbury,MA,1545,(542) 555-9503
4035891,Mose,Hodges,3559 ROACH ST,Allston,MA,2134,(371) 555-8189
4037285,Kimberly,Moon,4392 MILTON ST,Medford,MA,2155,(524) 555-9364
4037574,Keith,Shelton,1040 WALTHAM ST,Brighton,MA,2135,(172) 555-4511
4038472,Carmen,Guthrie,5700 RALSTON AVE,Lowell,MA,1852,(684) 555-2507
4040489,Diego,Childress,1472 LINARES AVE,Melrose,MA,2176,(634) 555-5238
4041755,Trinidad,Gibson,9297 FRIEDELL ST,Boston,MA,2127,(356) 555-7471
4042491,Keven,Zamora,7061 PERU AVE,Charlestown,MA,2129,(690) 555-4854
4046960,Latanya,Osborn,7969 HANGAH ST,Quincy,MA,2169,(371) 555-1654
4049449,Irwin,Harper,9600 CORAL RD,Allston,MA,2134,(761) 555-4930
4050264,Camilla,Arnold,645 LYDIA AVE,Pittsfield,MA,1201,(196) 555-9420
4052153,Sandy,Hood,8669 PAULDING ST,Newburyport,MA,1950,(992) 555-8798
4053436,Valencia,Cramer,3366 ROACH ST,Somerville,MA,2143,(435) 555-1932
4053938,Merlin,Ayala,3607 ELLERT ST,West Roxbury,MA,2132,(158) 555-2699
4056733,Meagan,Ball,4937 WHITING ST,Medford,MA,2155,(255) 555-7457
4056857,Janice,Sanders,7014 GILBERT ST,Dorchester,MA,2125,(709) 555-8202
4058245,Boris,Horton,5916 BEPLER ST,Randolph,MA,2368,(555) 555-6031
4060159,Myron,Ware,1245 SAN LUIS AVE,Watertown,MA,2472,(109) 555-2226
4065354,Maurice,White,8331 DESMOND ST,Medford,MA,2155,(385) 555-7609
4066044,Stacey,Callahan,4946 RIDGEWOOD AVE,Boston,MA,2128,(799) 555-7881
4069092,Oswaldo,Gagnon,2417 YALE ST,Everett,MA,2149,(846) 555-4126
4069866,Raymond,Carlson,9693 METSON RD,Dracut,MA,1826,(389) 555-6392
4074090,Henrietta,Hickey,9249 ANZA AVE,Boston,MA,2108,(992) 555-7073
4074976,Elliot,Serrano,8409 RUGER ST,Lynn,MA,1904,(256) 555-2676
4076087,Hester,Callahan,1485 MONTEZUMA ST,Danvers,MA,1923,(713) 555-8283
4076824,Cathryn,Grace,5203 PASADENA ST,Dracut,MA,1826,(442) 555-3042
4078620,Sylvia,Hays,4396 SPOFFORD ST,Brighton,MA,2135,(117) 555-9109
4080918,Anna,Mccray,8650 PRESIDIO AVE,Worcester,MA,1604,(878) 555-5087
4084986,Levi,Alvarado,6974 FILLMORE ST,Springfield,MA,1109,(415) 555-4700
4091305,Zackary,Guerra,2350 ZOE ST,Worcester,MA,1609,(634) 555-5738
4091655,Jordan,Hamm,7021 SAN DIEGO AVE,Watertown,MA,2472,(371) 555-9616
4092455,Marty,Solis,4158 ARMORY DR,Revere,MA,2151,(648) 555-4291
4096952,Danna,Salazar,726 BELLA VISTA WAY,Lynn,MA,1902,(852) 555-3611
4097223,Leeann,Fox,133 LIGGETT AVE,Shrewsbury,MA,1545,(825) 555-8656
4099040,Barb,Collins,6179 INCINERATOR RD,New Bedford,MA,2746,(458) 555-6198
4104629,Curtis,Emerson,824 CAMERON WAY,Peabody,MA,1960,(961) 555-3248
4105162,Efren,Talley,9042 IGNACIO AVE,Saugus,MA,1906,(455) 555-1152
4106181,Felix,Bond,4573 OLYMPIC COUNTRY CLUB RD,Salem,MA,1970,(775) 555-9425
4108663,Bertie,Mayes,2233 HERMANN ST,Worcester,MA,1602,(706) 555-1768
4113128,Alicia,Kerr,390 NAVY RD,Duxbury,MA,2332,(235) 555-4169
4115762,Bobbi,Hyde,9550 OTEGA AVE,Lynn,MA,1905,(225) 555-8938
4115987,Tony,Puckett,9520 CALVERT DR,Allston,MA,2134,(973) 555-6772
4116193,Shelly,Reynolds,285 MILLER RD,Holden,MA,1520,(292) 555-2523
4120263,Ingrid,Owens,8833 GILBERT ST,Hudson,MA,1749,(598) 555-6547
4122217,Shellie,Mccarthy,6608 TOMPKINS AVE,Quincy,MA,2169,(369) 555-1536
4123087,Celia,Luna,3913 SUNRISE WAY,Boston,MA,2128,(383) 555-8277
4124260,Deangelo,Mcknight,8636 FRANKLIN ST,Medford,MA,2155,(857) 555-5394
4126815,Regina,Kane,3380 BALTIMORE WAY,Worcester,MA,1604,(474) 555-8891
4127779,Tina,Mullins,8439 THORNTON AVE,Boston,MA,2127,(615) 555-3867
4128753,Wilbur,Sykes,8588 BOWLEY ST,Swampscott,MA,1907,(625) 555-4579
4128766,Chantel,Giles,9938 STANDISH AVE,Gardner,MA,1440,(240) 555-1605
4129015,Jenny,Gross,3879 ANDOVER ST,Auburn,MA,1501,(263) 555-9133
4130036,Veda,Hill,9491 MILTON ST,Newton Highlands,MA,2461,(146) 555-9342
4135807,Terry,Ayala,8347 DIVISION ST,Revere,MA,2151,(766) 555-1673
4136058,Angelita,Fuentes,8182 JULIAN AVE,Jamaica Plain,MA,2130,(189) 555-6806
4140754,Jeanine,Newman,4122 NEW MONTGOMERY ST,Springfield,MA,1109,(222) 555-8990
4152286,Lena,Hopper,9102 SYLVAN DR,Somerville,MA,2145,(856) 555-9760
4154344,Granville,Anthony,3730 PROSPER ST,Somerville,MA,2144,(317) 555-2153
4155591,Daryl,Kramer,2785 CARNELIAN WAY,Dorchester,MA,2122,(127) 555-8216
4158394,Otha,Mcdaniel,2144 MATEO ST,Boston,MA,2114,(258) 555-3766
4159777,Ursula,Woodruff,4707 HAVENS ST,Lowell,MA,1851,(532) 555-5464
4162257,Jeannie,Patrick,3282 SONOMA ST,Goshen,MA,1032,(127) 555-4167
4163355,Leslie,Logan,7790 MYRTLE ST,West Boylston,MA,1583,(541) 555-5737
4163869,Teresa,Caldwell,2289 HOLLOWAY AVE,Ashland,MA,1721,(722) 555-2612
4164611,Elma,Flanagan,2009 GRANVILLE WAY,Medford,MA,2155,(607) 555-2848
4166868,Louie,Duke,9070 LYELL ST,Winchendon,MA,1475,(371) 555-9687
4169212,Garrett,Keller,8877 STONECREST DR,Tewksbury,MA,1876,(923) 555-2769
4171925,Faustino,Santiago,9431 SHIPLEY ST,Pittsfield,MA,1201,(175) 555-5922
4172668,Megan,Felix,5480 LAUREL ST,Jamaica Plain,MA,2130,(326) 555-3991
4173173,Hunter,Patel,8567 PERALTA AVE,Pittsfield,MA,1201,(788) 555-3418
4175830,Jamaal,Hewitt,5603 CHAVES AVE,Springfield,MA,1128,(664) 555-4291
4178173,Lesa,Plummer,5971 SIXTH ST,Lowell,MA,1850,(396) 555-8075
4178430,Rayford,Fulton,7288 NEWCOMB AVE,Worcester,MA,1602,(582) 555-4049
4178954,Amelia,Gonzales,3307 CLYDE ST,Worcester,MA,1609,(522) 555-6008
4179514,Gino,Castillo,4431 INDIA ST,Boston,MA,2127,(407) 555-6237
4181349,Deena,Lugo,5722 TAYLOR ST,Rockport,MA,1966,(309) 555-6785
4183406,Valarie,Shea,9894 POLARIS WAY,Lawrence,MA,1841,(211) 555-5320
4186082,Marion,Chapman,18 FITZGERALD AVE,Boston,MA,2115,(196) 555-1466
4187064,Fannie,Ramsey,1808 BALTIMORE WAY,Cambridge,MA,2140,(136) 555-5067
4187083,Millard,Owen,5048 MENDOSA AVE,Haverhill,MA,1830,(329) 555-9347
4187087,Amie,Henry,3871 GOETHE ST,East Longmeadow,MA,1028,(152) 555-8141
4191161,Kitty,Conway,7846 PENNINGTON ST,Melrose,MA,2176,(106) 555-6380
4192689,Eugene,Daniels,8038 GLENVIEW DR,Dorchester,MA,2121,(140) 555-9936
4192761,Ebony,Decker,2364 BURNETT AVE,Marblehead,MA,1945,(136) 555-9381
4193200,Courtney,Hansen,7148 LIPPARD AVE,Auburn,MA,1501,(244) 555-5701
4195264,Claud,Mckenzie,2742 RILEY AVE,Maynard,MA,1754,(689) 555-6978
4196256,Duane,Hardy,4893 LA SALLE AVE,Lowell,MA,1854,(354) 555-6007
4196779,Catherine,Conley,807 DORCHESTER WAY,Somerville,MA,2143,(381) 555-6868
4198862,Elisabeth,Barron,8464 LOOMIS ST,Hadley,MA,1035,(149) 555-4107
4200379,Devon,Bunch,3350 PACIFIC AVE,Dorchester,MA,2121,(163) 555-4701
4200998,James,Carroll,2468 SPEAR AVE,Acton,MA,1720,(538) 555-8437
4202683,Mac,Cummings,9658 CANDLESTICK COVE WAY,Winthrop,MA,2152,(925) 555-7994
4202811,Velma,Rogers,8746 BUENA VISTA AVE,Cambridge,MA,2139,(885) 555-2837
4202919,Winifred,Costa,4148 BEALE ST,Lynn,MA,1902,(883) 555-2977
4204065,Imogene,Mckee,3667 MANZANITA AVE,Charlemont,MA,1339,(262) 555-7270
4206122,Rebeca,Hensley,894 DELANO AVE,Boston,MA,2118,(826) 555-1536
4206148,Solomon,Kidd,9679 SPRUCE ST,Boston,MA,2128,(182) 555-9899
4209152,Larissa,Wagner,6560 MORTON ST,Peabody,MA,1960,(304) 555-6907
4218613,Raquel,Pratt,5855 CECILIA AVE,Medford,MA,2155,(626) 555-6484
4221359,Kristina,Farmer,6552 HURON AVE,Agawam,MA,1001,(534) 555-5111
4223673,Luella,Koch,9032 DELANCEY ST,Malden,MA,2148,(220) 555-4966
4227552,Deanne,Kline,251 MONTANA ST,Adams,MA,1220,(332) 555-3729
4227998,Courtney,Madison,5203 WARE ST,Boston,MA,2127,(904) 555-9999
4228535,Judi,Farrell,5209 MADISON ST,Somerville,MA,2144,(313) 555-4862
4230691,Lakisha,Moore,3099 YALE ST,Boston,MA,2127,(773) 555-6110
4233134,Justina,Gallegos,2165 PEABODY ST,Malden,MA,2148,(115) 555-6403
4234294,Boris,Moon,9451 SAWYER ST,Spencer,MA,1562,(789) 555-4483
4240544,Reyes,Yarbrough,8830 URBANO DR,Stoneham,MA,2180,(852) 555-8401
4240552,Jose,Christopher,6859 EGBERT AVE,Boston,MA,2118,(425) 555-8426
4242259,Dudley,Hess,6974 GIRARD RD,Middleton,MA,1949,(437) 555-6762
4242838,Bobby,Werner,8955 MOULTRIE ST,Chelmsford,MA,1824,(670) 555-8383
4244448,Gabriela,Rice,1975 PLUM ST,Everett,MA,2149,(946) 555-6227
4246461,Gordon,Faulkner,2132 YORK ST,Natick,MA,1760,(604) 555-2051
4248273,Barton,Lancaster,3714 SOLA AVE,Ludlow,MA,1056,(481) 555-6480
4249393,Rebecca,Fritz,1870 POMONA ST,Brighton,MA,2135,(827) 555-9290
4253187,Stefan,Coffman,1067 RICE ST,Roxbury Crossing,MA,2120,(455) 555-2807
4253281,Portia,Wise,4900 MARKET ST,Methuen,MA,1844,(514) 555-1094
4253710,Modesto,Villa,6312 PENNINGTON ST,Worcester,MA,1604,(657) 555-4444
4256230,Elbert,Keith,7203 COUNTRY CLUB DR,Boston,MA,2127,(432) 555-7772
4256808,Felicia,Black,7734 YOSEMITE AVE,Boston,MA,2115,(457) 555-2575
4266419,Frederick,Hines,5275 PARIS ST,Pittsfield,MA,1201,(105) 555-5516
4266518,Ines,Mendoza,4561 BEIDEMAN ST,Watertown,MA,2472,(707) 555-9843
4268871,Monique,Jacobs,5056 HALLECK ST,Lowell,MA,1851,(891) 555-4104
4271220,Laverne,Terrell,7380 WARREN DR,Dracut,MA,1826,(417) 555-4143
4273236,Adrianne,Friedman,4016 ARNOLD AVE,Chelsea,MA,2150,(752) 555-1136
4273701,Bernie,Owen,6584 BLISS RD,Salem,MA,1970,(674) 555-2248
4277469,Todd,Solis,4390 TARAVAL ST,Revere,MA,2151,(821) 555-7886
4278874,Melisa,Miles,8070 MIDDLE POINT RD,Natick,MA,1760,(811) 555-5669
4278943,Matthew,Moss,7042 HANGAH ST,Revere,MA,2151,(555) 555-7002
4279139,Rico,Barnett,1334 VERNA ST,Holyoke,MA,1040,(506) 555-5123
4279338,Dina,Oneill,2201 LINCOLN WAY,Quincy,MA,2169,(690) 555-8139
4282015,Nina,Klein,2658 POND ST,East Weymouth,MA,2189,(904) 555-3740
4283914,Lyman,Mcgee,3908 EDIE RD,Boston,MA,2116,(214) 555-7526
4286476,Hiram,Manning,3390 BAYSIDE DR,Lowell,MA,1854,(534) 555-8860
4287754,Lavern,Kidd,3458 SPEAR ST,Lowell,MA,1854,(641) 555-3289
4290504,Shawna,Downing,7953 STRATFORD DR,Sudbury,MA,1776,(502) 555-2618
4294205,Sonja,Davis,8816 MARKET ST,Quincy,MA,2170,(485) 555-3618
4296773,Katharine,Goodman,8625 CRAUT ST,Chicopee,MA,1020,(151) 555-3746
4298469,Mae,Eldridge,2248 MEDICAL CENTER WAY,Everett,MA,2149,(286) 555-5356
4299666,Roslyn,Holden,1149 ULLOA ST,Melrose,MA,2176,(859) 555-5216
4300060,Tracey,Spence,2697 SAN LEANDRO WAY,Brighton,MA,2135,(890) 555-3137
4303882,Nadine,Swain,7695 LLOYD ST,Chicopee,MA,1013,(489) 555-5587
4305142,Brianne,Savage,6010 RIDGEWOOD AVE,Pittsfield,MA,1201,(736) 555-4131
4306293,Lyn,Bacon,3937 MANZANITA AVE,Peabody,MA,1960,(862) 555-4767
4307618,Alejandra,Bland,9517 MAYWOOD DR,Amherst,MA,1002,(981) 555-8176
4308495,Kristine,Guerra,6641 PERU AVE,Cambridge,MA,2139,(576) 555-2265
4314065,Hilary,Burks,3314 LUCERNE ST,Lynn,MA,1904,(274) 555-1386
4314365,Terri,Fuller,4154 MARTIN LUTHER KING JR DR,Malden,MA,2148,(768) 555-8710
4315327,Ward,Rollins,6036 KIRKHAM ST,Lowell,MA,1850,(595) 555-4687
4317171,Hank,Sweet,4347 DE MONTFORT AVE,Peabody,MA,1960,(728) 555-8447
4318374,Eric,Bonner,5219 CURTIS ST,Worcester,MA,1603,(203) 555-7300
4318647,Randell,Bartlett,2574 STANLEY ST,Lawrence,MA,1841,(824) 555-8244
4319355,Misty,Cardenas,8782 WESTWOOD DR,Springfield,MA,1105,(810) 555-1059
4319661,Vincent,Mckenzie,1665 MIRANDO WAY,Boston,MA,2115,(278) 555-3974
4321276,Walter,Wang,7527 FUNSTON AVE,Revere,MA,2151,(722) 555-4214
4324909,Davis,Beck,1406 ROEMER WAY,Malden,MA,2148,(329) 555-7855
4325514,Mari,Carr,4026 DELANO AVE,Melrose,MA,2176,(748) 555-6482
4326040,Michele,Russo,8803 SHIELDS ST,North Chelmsford,MA,1863,(637) 555-7553
4326237,Shellie,Mathews,2428 HAHN ST,Revere,MA,2151,(951) 555-1155
4327875,Maritza,Stuart,7116 RUCKMAN AVE,Peabody,MA,1960,(463) 555-6673
4328101,Lionel,Oconnor,9424 LISBON ST,Danvers,MA,1923,(187) 555-7489
4329184,Connie,Dunbar,1593 MILES ST,Somerville,MA,2144,(528) 555-4952
4329440,Bryce,Richmond,6171 WILLS ST,Manchester,MA,1944,(835) 555-6221
4329739,Hollie,Atkins,2398 NORTHPOINT DR,Brockton,MA,2301,(981) 555-3542
4332119,Leta,Bauer,7420 RAUSCH ST,Sharon,MA,2067,(511) 555-2931
4332933,Adrian,Marsh,8028 BIGLER AVE,Swampscott,MA,1907,(304) 555-2996
4333672,Daron,Childers,6373 JORDAN AVE,Lowell,MA,1852,(545) 555-3129
4338155,Elton,Vinson,933 VANDEWATER ST,Peabody,MA,1960,(758) 555-8712
4338389,Duane,Delaney,8109 JULIAN AVE,Worcester,MA,1609,(617) 555-9094
4341143,Donnell,Stafford,5021 HARLOW ST,Wakefield,MA,1880,(228) 555-2641
4341299,Claudia,Kinney,761 NAVAJO AVE,Worcester,MA,1603,(763) 555-6953
4341332,Trey,Fulton,5878 NAVAJO AVE,Boston,MA,2127,(694) 555-9922
4341519,Brooke,Garza,1258 HARE ST,Bolton,MA,1740,(832) 555-9192
4345928,Tracey,Newman,1231 STONECREST DR,Ashland,MA,1721,(414) 555-6987
4350241,Cynthia,Compton,705 SAN FELIPE AVE,Melrose,MA,2176,(734) 555-1877
4350815,Miriam,Wade,9120 PALOU AVE,Stoneham,MA,2180,(693) 555-3345
4350985,Patty,Sutton,7783 SEWARD ST,Somerville,MA,2145,(420) 555-4857
4351884,Gracie,Dunbar,8510 LILLIAN ST,Dorchester,MA,2125,(148) 555-3284
4355443,Emilio,Carlson,3206 DEL VALE AVE,Bedford,MA,1730,(432) 555-1100
4360902,Frank,Contreras,7541 PERALTA AVE,North Brookfield,MA,1535,(183) 555-1480
4363297,Eldridge,Hardin,5026 JANSEN ST,Somerville,MA,2143,(367) 555-8958
4367991,Adelina,Woods,2022 YORK ST,Brookline,MA,2445,(926) 555-5507
4369611,Alvina,Stevenson,6587 RHODE ISLAND ST,Boston,MA,2116,(596) 555-5520
4370231,Debra,Casey,4613 IOWA ST,Lowell,MA,1850,(656) 555-1422
4370584,Sanford,Wilkins,3822 GILBERT ST,Worcester,MA,1603,(558) 555-8335
4370736,Scotty,Neal,4843 TRENTON ST,Saugus,MA,1906,(125) 555-7127
4371583,Kellie,Mullen,7032 LANGTON ST,Lawrence,MA,1841,(462) 555-8322
4373030,Hiram,Childers,9314 FINLEY RD,New Bedford,MA,2740,(145) 555-5585
4373251,Long,Owens,5087 MALTA DR,Lexington,MA,2420,(919) 555-8408
4375127,Ryan,Dunbar,5113 FELIX AVE,Boston,MA,2114,(941) 555-8761
4377857,Stefan,Rodgers,3995 SHERIDAN AVE,Greenfield,MA,1301,(339) 555-7282
4378600,Lula,Meadows,3719 WOODLAND AVE,Dorchester Center,MA,2124,(247) 555-5276
4379256,Foster,Holley,4496 CASTRO ST,Spencer,MA,1562,(262) 555-1598
4379911,Linwood,Doyle,7492 LUNADO WAY,Worcester,MA,1609,(755) 555-8966
4380010,Yong,Mccall,7743 RUTLAND ST,Dracut,MA,1826,(649) 555-5348
4380439,Edmundo,Armstrong,1402 ORTEGA WAY,Wilbraham,MA,1095,(282) 555-1933
4381138,Estela,Lucas,8255 CAINE AVE,Revere,MA,2151,(233) 555-3964
4385640,Sal,Stevens,4544 DELANCEY ST,Revere,MA,2151,(103) 555-6347
4387356,Eli,Butts,8377 CORDELIA ST,Framingham,MA,1701,(412) 555-5120
4389151,Woodrow,Forrest,4109 EDGAR AVE,Lynn,MA,1904,(222) 555-4227
4391535,Nick,Greer,3712 MOUNTAIN SPRING AVE,Boston,MA,2116,(428) 555-7563
4396296,Tyson,Workman,7245 MINNESOTA ST,Malden,MA,2148,(828) 555-6969
4397186,Flossie,Kelley,7803 GLADYS ST,Holyoke,MA,1040,(483) 555-5150
4397362,Vito,Ramirez,6340 SIGNAL RD,Dorchester,MA,2125,(427) 555-2764
4398403,Granville,Dunbar,8087 DECATUR ST,North Brookfield,MA,1535,(149) 555-7738
4398979,Colleen,Stephens,9191 HEARST AVE,Everett,MA,2149,(145) 555-3483
4400489,Valentin,Smith,2010 NEWTON ST,Waban,MA,2468,(767) 555-4986
4400775,Brad,Ramirez,8828 NORTH 15TH AVE,Belmont,MA,2478,(293) 555-7516
4402112,Jennifer,Levy,4889 VALLEJO ST,Cambridge,MA,2138,(633) 555-4550
4402526,Matt,Goodman,1975 POWELL ST,Stoneham,MA,2180,(280) 555-4964
4404637,Becky,Mcclain,7244 SANSOME ST,Cambridge,MA,2139,(118) 555-8679
4405311,Lynn,Lowe,8373 CANYON DR,West Springfield,MA,1089,(647) 555-6737
4405867,May,Reed,157 DAKOTA ST,Pittsfield,MA,1201,(788) 555-2482
4405904,Kristi,Bolden,8128 SERGEANT JOHN V YOUNG ST,Lowell,MA,1852,(327) 555-6538
4408609,Anthony,Vaughn,5424 LUCERNE ST,Dorchester Center,MA,2124,(630) 555-2397
4408843,Juliet,Webb,6212 ROEMER WAY,Newton,MA,2458,(505) 555-6981
4410798,Truman,Haney,945 HAYS ST,Charlestown,MA,2129,(393) 555-1384
4413193,Keenan,Foster,3675 CORDOVA ST,Lynn,MA,1904,(953) 555-6400
4414025,Ed,Polk,4401 STRATFORD DR,Arlington,MA,2474,(752) 555-3717
4414289,Tyree,Downs,2847 KEARNY ST,Springfield,MA,1104,(513) 555-4623
4414462,Sterling,Herman,8882 NORTON ST,Franklin,MA,2038,(240) 555-1681
4417365,Robert,Harmon,667 LURLINE ST,Salem,MA,1970,(751) 555-4775
4419032,Kristi,Winter,4085 CLEVELAND ST,Leominster,MA,1453,(816) 555-9165
4419568,Leticia,Gamble,3134 OTTAWA AVE,Medford,MA,2155,(823) 555-4128
4419698,Doris,Blanchard,8154 NELLIE ST,Shrewsbury,MA,1545,(565) 555-6626
4419866,Terrell,Briggs,7110 CARSON ST,Boston,MA,2127,(585) 555-3801
4419890,Bianca,Barnes,6349 LOBOS ST,Pittsfield,MA,1201,(241) 555-6442
4421443,Gonzalo,Tyler,1892 REDDY ST,Fitchburg,MA,1420,(150) 555-7091
4422413,Terence,Hill,193 KING ST,Cambridge,MA,2138,(448) 555-1789
4424118,Roseann,West,1550 STEUBEN ST,Medford,MA,2155,(236) 555-2472
4424500,Irene,Espinoza,8967 CROOK ST,Malden,MA,2148,(702) 555-1644
4429729,Carmen,Velasquez,9045 NAUTILUS DR,Lowell,MA,1852,(355) 555-8395
4430287,Boris,Hickey,8883 SOUTH VAN NESS AVE,Brighton,MA,2135,(404) 555-8601
4432682,Rod,Byrd,8146 INNES AVE,Peabody,MA,1960,(153) 555-9204
4432918,Elvis,Petersen,882 FIRST DR,Canton,MA,2021,(784) 555-2005
4433623,Jude,Dillard,6761 WINN WAY,North Dighton,MA,2764,(915) 555-3244
4435947,Neil,Marquez,3409 CASELLI AVE,Medford,MA,2155,(471) 555-6535
4436154,Darron,Duffy,9141 SALINAS AVE,Worcester,MA,1610,(352) 555-8615
4436342,Goldie,Merrill,9461 WESTMOORLAND DR,Medford,MA,2155,(938) 555-4577
4436567,Nadine,Gibbs,112 ASHBURY ST,Chicopee,MA,1013,(175) 555-1503
4437252,Tanner,Baker,4376 BRITTON ST,Lunenburg,MA,1462,(751) 555-5788
4437990,Josefa,Ratliff,1162 WINFIELD ST,Haverhill,MA,1830,(963) 555-1323
4438053,Stacey,Sykes,745 SENECA AVE,Weymouth,MA,2188,(222) 555-2178
4438543,Lauren,Pierce,513 BOYD ST,Worcester,MA,1603,(193) 555-6186
4442713,Jacquline,Moser,4306 MARTIN AVE,Brockton,MA,2302,(268) 555-9183
4445026,Jack,Franco,1902 ALMA ST,Amherst,MA,1002,(584) 555-2370
4445498,Bud,Belcher,339 MORAGA AVE,Holbrook,MA,2343,(385) 555-6389
4447780,Brianne,Kidd,4362 MOJAVE ST,Hyde Park,MA,2136,(285) 555-3277
4449032,Cornell,Lee,1614 CONRAD ST,Framingham,MA,1701,(113) 555-3218
4449414,Scottie,Gates,159 SEVERN ST,Framingham,MA,1701,(897) 555-5420
4450693,Emilia,Lara,2028 UNION ST,Belmont,MA,2478,(812) 555-2038
4450979,Sandi,Crabtree,3018 FEDERAL ST,Shrewsbury,MA,1545,(347) 555-1595
4453642,Ma,Grady,4257 CONCORD ST,Boston,MA,2215,(597) 555-5002
4461899,Candace,Mcginnis,1801 SAN ALESO AVE,Marlborough,MA,1752,(282) 555-4761
4464386,Elvia,Lowe,1068 CAROLINA ST,Lowell,MA,1854,(919) 555-3573
4469658,Adeline,Lancaster,9742 EGBERT AVE,Lowell,MA,1852,(669) 555-6310
4472976,Jeremiah,Ayers,2195 CRISSY FIELD AVE,Uxbridge,MA,1569,(528) 555-2165
4474501,Trisha,Washington,9810 CRISP RD,Lynn,MA,1902,(360) 555-1399
4474851,Octavia,Solis,9613 PARK HILL AVE,Dorchester,MA,2121,(979) 555-8899
4475738,Ellsworth,Cooper,1381 BACON ST,Boston,MA,2127,(620) 555-2892
4479300,Phil,William,4509 OTIS ST,Newbury,MA,1951,(286) 555-7918
4479350,Valarie,George,6950 NEW MONTGOMERY ST,Medford,MA,2155,(174) 555-7567
4483839,Bernadine,Snow,4186 HENRY ADAMS ST,Belmont,MA,2478,(348) 555-2865
4484556,Bernie,Buckner,7563 MONTECITO AVE,Everett,MA,2149,(309) 555-2174
4485740,Rosemarie,Ortega,7828 THERESA ST,Dracut,MA,1826,(336) 555-7586
4486163,Blake,Franks,4809 MONTALVO AVE,Marblehead,MA,1945,(195) 555-6251
4486176,Dwain,Manning,6975 BLYTHDALE AVE,Cambridge,MA,2141,(853) 555-8757
4487540,Ethel,Wolfe,745 HAROLD AVE,Lynn,MA,1902,(409) 555-1461
4488254,Rueben,Ellison,558 ROBBLEE AVE,Woburn,MA,1801,(233) 555-5672
4489912,Kelli,Harvey,4868 BROAD ST,Boston,MA,2215,(716) 555-2455
4491549,Barrett,Anthony,3311 NELLIE ST,Peabody,MA,1960,(254) 555-8953
4492480,Ione,Howe,7599 KELLOCH AVE,Malden,MA,2148,(256) 555-3208
4495752,Demarcus,Livingston,8608 WARD ST,Rockport,MA,1966,(600) 555-2878
4495773,Charlene,Baker,248 PENNINGTON ST,Saugus,MA,1906,(559) 555-7030
4498450,Colin,Shirley,4466 BROOKDALE AVE,Everett,MA,2149,(845) 555-3525
4498467,Manual,Brandon,8711 BIRCH ST,Salem,MA,1970,(332) 555-9144
4500783,Gilda,Ortiz,8876 LEDYARD ST,Peabody,MA,1960,(411) 555-2098
4507715,Granville,Chen,5657 LOMITA AVE,Everett,MA,2149,(323) 555-6948
4508662,Hung,Petersen,8260 INVERNESS DR,Newburyport,MA,1950,(771) 555-9758
4508707,Wilton,Wilder,9681 BUCARELI DR,Salem,MA,1970,(533) 555-6206
4511502,Hyman,Hall,3094 LAKEWOOD AVE,Framingham,MA,1702,(274) 555-8005
4511528,Dwayne,Hays,8787 RINCON ST,Springfield,MA,1104,(709) 555-4818
4512033,Harvey,Haas,9106 HAYES ST,Mashpee,MA,2649,(992) 555-7011
4516051,Delmer,Raymond,2677 BACHE ST,Springfield,MA,1104,(211) 555-9874
4516903,Lena,Galloway,6665 VALDEZ AVE,Framingham,MA,1702,(155) 555-5781
4517179,Harriet,David,3247 WILLIAMS AVE,Lowell,MA,1852,(390) 555-8532
4518267,Leticia,Compton,4251 HERMANN ST,Malden,MA,2148,(310) 555-1371
4522040,Ruby,Vinson,2365 CASTELO AVE,Abington,MA,2351,(125) 555-2087
4522790,Orville,Harrington,9560 CENTRAL MAGAZINE RD,Worcester,MA,1609,(529) 555-7340
4524782,Virginia,Espinoza,8188 LOS PALMOS DR,Framingham,MA,1701,(119) 555-7029
4527954,Diego,Barron,590 MONETA WAY,Worcester,MA,1605,(230) 555-2735
4528911,Sonja,Rivers,4418 YORK ST,Brighton,MA,2135,(468) 555-8679
4531449,Madge,Hale,6420 HAYS ST,Cambridge,MA,2138,(487) 555-2327
4531987,Jeannie,Nelson,9122 STANLEY ST,North Weymouth,MA,2191,(779) 555-9992
4533233,Hope,Burns,7204 FARNUM ST,Granby,MA,1033,(459) 555-9587
4534006,Yong,Casey,741 STARR KING WAY,Chelsea,MA,2150,(875) 555-3579
4535556,Jeremy,Daniels,8326 NEW MONTGOMERY ST,Burlington,MA,1803,(898) 555-7251
4540588,Felton,Nolan,8701 FREELON ST,Maynard,MA,1754,(923) 555-3751
4543092,Tasha,Nunez,2703 GIRARD RD,Lowell,MA,1852,(944) 555-6617
4544513,Enrique,Brock,2514 STERLING ST,Revere,MA,2151,(544) 555-4699
4545187,Theo,Hoffman,9679 WYMAN AVE,Salem,MA,1970,(502) 555-9166
4546275,Pam,Montgomery,388 CABRILLO ST,Worcester,MA,1610,(988) 555-7446
4547514,Mario,Crosby,5856 CORONADO ST,South Weymouth,MA,2190,(821) 555-2237
4548348,Andres,Peters,3825 CUTLER AVE,Chelsea,MA,2150,(896) 555-6724
4550237,Dick,Bennett,5024 DAKOTA ST,Lynn,MA,1904,(845) 555-8189
4552528,Maggie,Neal,4362 SIERRA ST,Dorchester,MA,2125,(569) 555-5033
4558417,Nina,Frye,9019 MIDCREST WAY,Roslindale,MA,2131,(909) 555-1048
4562275,Ramiro,Hatfield,9416 MEGAN DR,Gloucester,MA,1930,(240) 555-1489
4564758,Reinaldo,Kaufman,9382 MCDONALD ST,Hyde Park,MA,2136,(782) 555-5119
4564948,Robbin,Russell,3223 BACHE ST,Framingham,MA,1702,(304) 555-9135
4566378,Teresa,Roy,9394 MILES ST,Ludlow,MA,1056,(944) 555-1699
4572884,Eliseo,Quinn,1598 MESA AVE,East Falmouth,MA,2536,(356) 555-2232
4574955,Claudio,Bartlett,7057 NAGLEE AVE,Dracut,MA,1826,(436) 555-7137
4576214,Carl,Stevenson,1161 BELLA VISTA WAY,Salem,MA,1970,(749) 555-7897
4576555,Jacqueline,Stark,8655 EDGEWOOD AVE,Methuen,MA,1844,(100) 555-4419
4577177,Adrienne,Woods,8774 BUENA VISTA AVE,Worcester,MA,1609,(928) 555-8490
4580752,Ellsworth,Hanson,6956 CARDENAS AVE,Dorchester,MA,2125,(448) 555-6477
4582722,Jonathon,Rodgers,4571 BROWN ST,Malden,MA,2148,(622) 555-7317
4585969,Rhoda,Leblanc,6804 OTEGA AVE,Jamaica Plain,MA,2130,(475) 555-3586
4587958,Charles,Winters,6524 POLK ST,Woburn,MA,1801,(295) 555-7358
4588724,Melinda,Giles,4027 WEST POINT RD,Melrose,MA,2176,(249) 555-4351
4591539,Brenda,Cleveland,8955 ARLETA AVE,Charlton,MA,1507,(392) 555-2748
4592036,Elinor,Jamison,8971 BAY ST,Boston,MA,2128,(776) 555-6500
4592315,Fran,Hall,5325 JESSIE ST,Attleboro,MA,2703,(627) 555-7008
4593336,Leola,Pryor,3207 ATHENS ST,Worcester,MA,1610,(325) 555-2050
4593485,Aubrey,Carter,4856 SONOMA ST,Salem,MA,1970,(622) 555-1990
4593913,Millicent,Barrett,8219 BROOKS ST,Pittsfield,MA,1201,(999) 555-8510
4595078,Rogelio,Schmidt,6172 SAMPSON AVE,Watertown,MA,2472,(751) 555-2154
4595633,Walter,Macdonald,7143 WOOLSEY ST,Somerville,MA,2143,(659) 555-5320
4595896,Verda,Nolan,528 OTIS ST,West Roxbury,MA,2132,(375) 555-7542
4597527,Randall,Conway,8883 NEBRASKA ST,Framingham,MA,1701,(553) 555-8643
4599139,Allen,Combs,7671 MILTON ST,Brighton,MA,2135,(676) 555-7979
4600578,Dustin,Rosa,5164 WAYLAND ST,Brighton,MA,2135,(523) 555-5893
4601117,Jewell,Moody,1126 PRIEST ST,Boston,MA,2118,(812) 555-9158
4602468,Val,Hines,8598 PRIEST ST,Lowell,MA,1852,(815) 555-9063
4602562,Clinton,Kaufman,2925 VISITACION AVE,Allston,MA,2134,(871) 555-3179
4604988,Bert,Taylor,5706 SAN FELIPE AVE,Brighton,MA,2135,(513) 555-2883
4607489,Alphonse,Hatcher,7795 EDGEWOOD AVE,Somerville,MA,2143,(531) 555-4047
4608537,Chloe,Gore,5413 CONGDON ST,Revere,MA,2151,(112) 555-8287
4610102,Wendell,Wright,9797 SHARON ST,Chicopee,MA,1020,(810) 555-6819
4612202,Zella,Holman,5799 HERMANN ST,Cambridge,MA,2139,(692) 555-5585
4613440,Dillon,Camp,366 DUNSHEE ST,Cambridge,MA,2139,(382) 555-8047
4620411,Paulette,Marshall,5519 ORTEGA ST,Cambridge,MA,2139,(133) 555-6183
4623748,Orlando,Franklin,5671 POWHATTAN AVE,Bellingham,MA,2019,(842) 555-6865
4625869,Waylon,Grimes,1569 MIDDLE POINT RD,Somerville,MA,2144,(617) 555-5375
4627144,Deanna,Elkins,9654 EL PLAZUELA WAY,Dorchester,MA,2125,(553) 555-1085
4629280,Oralia,Jefferson,3668 DELANCEY ST,Marblehead,MA,1945,(795) 555-1453
4633093,Hugh,Mcclain,1855 SHERIDAN AVE,Springfield,MA,1118,(672) 555-2944
4638791,Callie,Merritt,5454 INCINERATOR RD,West Springfield,MA,1089,(426) 555-8371
4638798,Jacquline,Decker,4381 IRONWOOD WAY,Boston,MA,2113,(191) 555-8335
4643680,Hal,Cotton,9936 MCKINLEY AVE,Salem,MA,1970,(355) 555-6255
4649292,Naomi,Moreno,6157 ASHBURY ST,Lowell,MA,1854,(963) 555-5167
4649438,Randal,Craft,8333 SILVERVIEW DR,Charlestown,MA,2129,(227) 555-9152
4649522,Prince,Hale,737 CASHMERE ST,Somerville,MA,2144,(738) 555-4692
4650862,Hiram,Johns,5097 LAPHAM WAY,Cambridge,MA,2139,(847) 555-4923
4651260,Wiley,Lockhart,6726 FOLSOM ST,Worcester,MA,1603,(644) 555-1804
4653978,Velma,Mata,9905 MAPLE ST,Wilmington,MA,1887,(453) 555-6414
4668468,Jose,Nolan,9384 ADMIRAL AVE,Lowell,MA,1852,(599) 555-8412
4669998,Lashawn,Kramer,4627 RANKIN ST,Chicopee,MA,1020,(197) 555-4998
4675474,Elijah,Griggs,3998 HENRY ADAMS ST,Medford,MA,2155,(856) 555-3785
4676908,Wilmer,Skinner,378 DUNSHEE ST,North Andover,MA,1845,(925) 555-1087
4677592,Marcos,Graves,8415 GARRISON AVE,Milton,MA,2186,(325) 555-8251
4680612,Bradly,Bowers,313 VAN BUREN ST,Lynn,MA,1904,(961) 555-9384
4680805,Mauricio,Velasquez,1155 RED ROCK WAY,Rutland,MA,1543,(730) 555-9207
4682119,Brain,Quinn,1828 MONCADA WAY,Quincy,MA,2170,(240) 555-9662
4682150,Aubrey,Short,9620 FORT FUNSTON RD,Everett,MA,2149,(288) 555-3756
4684875,Lorena,Mcdonald,3706 WOOL ST,Brookline,MA,2446,(740) 555-9606
4688077,Lynne,Hale,1075 SAN ALESO AVE,Revere,MA,2151,(831) 555-9410
4689303,Mervin,Figueroa,3112 FUNSTON AVE,Revere,MA,2151,(368) 555-5020
4692350,Jan,Holcomb,333 FAITH ST,Cambridge,MA,2141,(581) 555-9670
4698568,Madge,Alvarez,5059 KENSINGTON WAY,Tewksbury,MA,1876,(387) 555-8078
4699726,Suzette,Mejia,7522 BAY VIEW ST,Malden,MA,2148,(883) 555-8438
4700467,Bobbi,Jordan,42 VISITACION AVE,Sudbury,MA,1776,(207) 555-9106
4701051,Dexter,Little,9670 MICHIGAN ST,Boston,MA,2127,(980) 555-6705
4701291,Numbers,Price,9350 NORFOLK ST,Boston,MA,2116,(852) 555-2259
4706203,Jesse,Moon,584 LATONA ST,Somerville,MA,2143,(275) 555-9122
4706795,Margo,Parks,1178 PICO AVE,Marlborough,MA,1752,(305) 555-5138
4707972,Rudolph,Carr,7336 BATTERY ST,Boxford,MA,1921,(997) 555-2166
4710640,Stacy,Trevino,1325 OTTAWA AVE,Revere,MA,2151,(429) 555-9592
4712836,Rashad,Lamb,6416 RUCKMAN AVE,Peabody,MA,1960,(639) 555-2410
4712842,Jack,Downing,5563 PICO AVE,Plainville,MA,2762,(176) 555-4799
4713670,Rene,Mcdaniel,5889 BURNETT AVE,Everett,MA,2149,(919) 555-3196
4716016,Arden,Hickey,2103 MONCADA WAY,Brookline,MA,2446,(264) 555-6128
4718070,Lesa,Mccall,9714 FRANCONIA ST,Malden,MA,2148,(718) 555-5612
4718627,Chet,Saunders,1845 CLEO RAND AVE,Allston,MA,2134,(385) 555-4153
4719714,Hobert,Jarvis,7169 AMBER DR,Springfield,MA,1105,(902) 555-4136
4720515,Terri,Patterson,8975 RUTH ST,Brighton,MA,2135,(410) 555-1463
4721476,Estella,Clements,5156 JULIUS ST,Ipswich,MA,1938,(841) 555-9460
4721764,Esmeralda,Roberson,4513 HUSSEY ST,Adams,MA,1220,(315) 555-9816
4723435,Karen,Yoder,3691 TOMPKINS AVE,Royalston,MA,1368,(587) 555-2042
4728975,Louisa,Reed,3973 GLENVIEW DR,Melrose,MA,2176,(428) 555-2175
4729059,Elliot,Ferguson,7018 TRAINOR ST,Pittsfield,MA,1201,(926) 555-9263
4729899,Pattie,Bray,1515 WALTHAM ST,Boston,MA,2128,(206) 555-2806
4731466,Mickey,Hoover,9536 MONTECITO AVE,Newbury,MA,1951,(318) 555-5022
4739447,Judi,Grimes,2572 ARGONAUT AVE,Worcester,MA,1602,(588) 555-7000
4740320,Alissa,Simon,2561 SERGEANT JOHN V YOUNG ST,Peabody,MA,1960,(430) 555-9826
4740500,Scotty,Tillman,4846 EDWARD ST,Worcester,MA,1606,(591) 555-7163
4741040,Willard,Battle,7075 POINT LOBOS AVE,Salem,MA,1970,(671) 555-6277
4741690,Horace,Shea,9983 PALOMA AVE,Medford,MA,2155,(167) 555-4451
4742049,Clement,Coffman,669 SOTELO AVE,Dracut,MA,1826,(821) 555-4060
4742921,Edmund,Barr,811 VEGA ST,Boston,MA,2116,(211) 555-2214
4745256,Addie,Butts,9117 UNDERWOOD AVE,Springfield,MA,1104,(697) 555-1113
4747135,Esteban,Small,5191 MONTGOMERY ST,Chicopee,MA,1013,(303) 555-5908
4747268,Carey,Schneider,6035 STEUBEN ST,Dorchester,MA,2125,(863) 555-8342
4750003,Candida,Hebert,78 YORK ST,Somerville,MA,2144,(380) 555-7836
4751692,Diana,Beach,4577 LAKEWOOD AVE,Boston,MA,2115,(233) 555-3533
4755368,Alexander,Wolf,151 JACK BALESTRERI WAY,Peabody,MA,1960,(900) 555-8524
4756240,Adeline,Krueger,703 POLARIS WAY,Charlestown,MA,2129,(801) 555-1513
4756460,Marianne,William,4770 EDGEHILL WAY,Springfield,MA,1109,(244) 555-2992
4759762,Brock,Elmore,5198 BEACON ST,Lee,MA,1238,(161) 555-7073
4762604,Jeannine,Rivers,6845 ELMIRA ST,Lowell,MA,1851,(139) 555-2481
4762735,Austin,Solis,6481 BELCHER ST,Malden,MA,2148,(231) 555-3656
4762886,Raymon,Leonard,3936 ELLSWORTH ST,Brighton,MA,2135,(994) 555-8428
4765681,Lucius,Underwood,9509 EXETER ST,Everett,MA,2149,(647) 555-8293
4766899,Patty,Wallace,8602 SANTA YSABEL AVE,Saugus,MA,1906,(289) 555-2867
4768478,Kasey,Solomon,342 BRYANT ST,Springfield,MA,1105,(272) 555-8667
4768773,Rayford,Nolan,8441 HERMANN ST,Lowell,MA,1851,(167) 555-8392
4769364,Minh,Boone,5404 FIELDING ST,Framingham,MA,1702,(468) 555-1153
4769999,Blanca,Peters,825 WESTMOORLAND DR,Cambridge,MA,2138,(942) 555-4329
4773246,Antione,Reed,8806 SAMPSON AVE,Methuen,MA,1844,(776) 555-3669
4773640,Lolita,Ramsey,7605 FELIX AVE,Lynn,MA,1902,(528) 555-4565
4774901,Jessie,Pate,4891 FAIRBANKS ST,Cambridge,MA,2141,(972) 555-2585
4774930,Rex,Baxter,589 PICO AVE,Winthrop,MA,2152,(292) 555-9732
4774971,Jacquline,Kendall,903 BANK ST,Boston,MA,2127,(161) 555-8936
4775698,Tamera,Rich,7224 UNION ST,Pittsfield,MA,1201,(231) 555-5586
4782163,Damion,Burks,8713 RUTH ST,Boston,MA,2127,(811) 555-4239
4783014,Darrell,Reed,3414 MONO ST,Somerville,MA,2143,(336) 555-2501
4784568,Robin,Lowe,7427 GALINDO AVE,Easthampton,MA,1027,(525) 555-3501
4786518,Kevin,Santiago,2226 CARVER ST,Lowell,MA,1850,(578) 555-7303
4786683,Barton,Oconnell,1299 HAWES ST,Worcester,MA,1603,(399) 555-4835
4791266,Brant,Baker,197 POWELL ST,South Weymouth,MA,2190,(161) 555-6439
4792532,Rickie,Tanner,321 MILTON ST,Lowell,MA,1852,(527) 555-9813
4793432,Keneth,Blue,7953 PEABODY ST,Medford,MA,2155,(841) 555-4624
4795482,Chung,Benjamin,3016 SAGAMORE ST,Boston,MA,2127,(797) 555-7832
4799330,Dusty,Velez,5239 ESPANOLA ST,Paxton,MA,1612,(376) 555-3146
4799617,Marisol,Ayala,9398 WHEELER AVE,Worcester,MA,1602,(822) 555-8072
4800399,Paul,Allen,8264 MANSFIELD ST,Feeding Hills,MA,1030,(818) 555-8769
4800441,Katharine,Carter,3316 AGNON AVE,Springfield,MA,1103,(455) 555-4858
4803505,Danial,Dean,8083 HORACE ST,Boston,MA,2116,(571) 555-7398
4804530,Coleen,Goff,2848 CABRILLO ST,Everett,MA,2149,(106) 555-3155
4805576,Ahmad,Yarbrough,5538 MELROSE AVE,Chicopee,MA,1013,(963) 555-1455
4808473,Preston,Spence,3935 BENNINGTON ST,Springfield,MA,1105,(454) 555-2349
4811663,Darlene,Ray,7637 THERESA ST,North Weymouth,MA,2191,(472) 555-8465
4811785,Tomas,Ibarra,6446 SUMNER AVE,Newburyport,MA,1950,(250) 555-9891
4811806,Carolina,Witt,7156 BAY VIEW ST,Pembroke,MA,2359,(167) 555-7214
4811868,Helga,Maynard,2242 FALMOUTH ST,Brighton,MA,2135,(214) 555-3115
4815607,Nichole,Neely,4754 WEST POINT RD,Woburn,MA,1801,(891) 555-6810
4817994,Jeanine,Lowe,5865 OLORAN AVE,West Townsend,MA,1474,(557) 555-5173
4820880,Estela,Gay,5077 BONVIEW ST,Taunton,MA,2780,(717) 555-2657
4821405,Antione,Godfrey,1194 HAYS ST,Plainville,MA,2762,(298) 555-8178
4825735,Tobias,Sampson,2631 SPRUCE ST,Boylston,MA,1505,(955) 555-1482
4825782,Marina,Glenn,5293 HICKS RD,Brighton,MA,2135,(315) 555-7357
4827780,Bob,Calderon,5586 CHAPMAN ST,South Hamilton,MA,1982,(679) 555-9127
4828858,Mallory,Kimball,7865 KEYES AVE,Medford,MA,2155,(983) 555-1739
4828990,Vida,Monroe,7978 VENUS ST,Pittsfield,MA,1201,(569) 555-4338
4834158,Trevor,Snow,2478 FRESNO ST,Medford,MA,2155,(171) 555-1722
4834638,Maya,Novak,4476 NANTUCKET AVE,Winthrop,MA,2152,(265) 555-8265
4835378,Oliver,Adkins,7174 PROSPER ST,Boston,MA,2128,(891) 555-9073
4838460,Renato,Bacon,2367 BALBOA ST,Ipswich,MA,1938,(903) 555-8962
4839595,Alexandra,Wilkerson,9661 GREENWICH ST,Somerville,MA,2145,(762) 555-8155
4839836,Rosemarie,Chandler,1353 SHAWNEE AVE,Boston,MA,2128,(824) 555-6122
4839843,Flossie,Rankin,2629 AVALON AVE,Feeding Hills,MA,1030,(576) 555-5559
4841726,Nan,Webber,1847 MOULTRIE ST,Springfield,MA,1119,(255) 555-5950
4846214,Shelby,Cooper,544 ATHENS ST,Framingham,MA,1701,(647) 555-5140
4848798,Roberto,Kendrick,1092 FAIRFAX AVE,Boston,MA,2215,(586) 555-7207
4849056,Jared,Mobley,2694 FRESNO ST,Winthrop,MA,2152,(870) 555-1268
4849432,Camille,Dickson,3160 IRONWOOD WAY,Cambridge,MA,2141,(537) 555-6718
4859504,Patrick,Lozano,4697 MARSHALL ST,Malden,MA,2148,(685) 555-5803
4861276,Scottie,Goff,8325 GLADYS ST,West Boylston,MA,1583,(123) 555-9923
4861465,Lorena,Jordan,495 MONTE VISTA DR,Melrose,MA,2176,(369) 555-5991
4863120,Trey,Weber,4925 ISLAIS ST,Lowell,MA,1850,(299) 555-7895
4869809,Alba,Wilder,8630 CHESTER AVE,Chelsea,MA,2150,(961) 555-1096
4870049,Danette,Horton,3839 EXCELSIOR AVE,Watertown,MA,2472,(198) 555-2748
4872811,Lionel,Nash,1452 REPOSA WAY,Springfield,MA,1128,(896) 555-1859
4874322,Dorian,Perry,4573 LUPINE AVE,Springfield,MA,1107,(238) 555-6745
4876304,Shaun,Perry,8877 HALLECK ST,Chicopee,MA,1013,(872) 555-6703
4877232,Doug,Stewart,4123 GABILAN WAY,Boston,MA,2128,(359) 555-1107
4878946,Virginia,Page,377 PFEIFFER ST,Bridgewater,MA,2324,(130) 555-9526
4879685,Sol,Oliver,9342 VARA ST,Dudley,MA,1571,(282) 555-8554
4880487,Shelley,Petty,1511 LILY ST,Somerville,MA,2145,(936) 555-4258
4884154,Lenora,Reyes,2224 BROOKDALE AVE,Belmont,MA,2478,(801) 555-7793
4884722,Aida,Mccall,4401 STANDISH AVE,Agawam,MA,1001,(138) 555-2860
4891823,Tommie,Christian,5667 INDIANA ST,Burlington,MA,1803,(560) 555-8446
4897911,Ivette,Burch,8888 GREENWOOD AVE,Pittsfield,MA,1201,(903) 555-1295
4898172,Thad,Church,165 SAN DIEGO AVE,Melrose,MA,2176,(708) 555-2194
4902409,Reed,Robertson,6375 HAVENS ST,Auburndale,MA,2466,(314) 555-6762
4902604,Tisha,Mckinney,5829 WINFIELD ST,Brookline,MA,2446,(832) 555-1819
4904188,Celia,Rowe,6667 MCKINLEY AVE,Indian Orchard,MA,1151,(563) 555-9466
4905376,Rochelle,Watts,6400 HARNEY WAY,Brighton,MA,2135,(745) 555-5112
4905652,Van,Underwood,9770 THERESA ST,Watertown,MA,2472,(175) 555-5832
4906790,Laurel,Diaz,391 TAYLOR ST,Chelsea,MA,2150,(923) 555-4527
4906984,Whitney,Farrell,7320 CYPRESS ST,Lowell,MA,1852,(373) 555-4283
4910714,Len,Cantu,6913 WHITING ST,Cambridge,MA,2140,(282) 555-4885
4913678,Susanna,Crow,9864 BATTERY CROSBY RD,Canton,MA,2021,(702) 555-8095
4914416,Rigoberto,Hurley,8236 VAN DYKE AVE,Lawrence,MA,1841,(646) 555-1091
4914704,Joy,Rice,5061 MADRONE AVE,Lowell,MA,1852,(157) 555-2166
4918692,Olivia,Bender,4184 MIRANDO WAY,Lowell,MA,1852,(982) 555-1697
4919713,Phillip,Hughes,9178 NEBRASKA ST,Somerville,MA,2145,(605) 555-1284
4922879,Araceli,Salazar,6923 EXCELSIOR AVE,Jamaica Plain,MA,2130,(735) 555-3423
4924190,Raymon,Daniel,8179 MIRANDO WAY,Cambridge,MA,2139,(924) 555-1439
4924572,Vonda,Rios,9648 MCCOPPIN ST,Somerville,MA,2143,(956) 555-9355
4925209,Elise,Montgomery,8047 TODD ST,Belmont,MA,2478,(931) 555-7982
4926789,Kip,Mcdowell,3777 BERKELEY WAY,Marblehead,MA,1945,(999) 555-8932
4928873,Gail,Diaz,3438 DARTMOUTH ST,Revere,MA,2151,(171) 555-8322
4928963,Chas,Hammond,9923 VALE AVE,Westborough,MA,1581,(763) 555-9257
4933263,Regina,Carpenter,1353 FINLEY RD,Worcester,MA,1606,(420) 555-7114
4934328,Britney,Jacobson,1810 PRESIDIO AVE,Cambridge,MA,2138,(321) 555-5568
4938157,Mildred,Rutherford,6270 WESTSIDE DR,Worcester,MA,1607,(503) 555-2358
4938518,Alice,Salinas,5203 PALOMA AVE,Jamaica Plain,MA,2130,(234) 555-1414
4938534,Nick,Starr,7205 BROADMOOR DR,Boston,MA,2199,(267) 555-8879
4938704,Rafaela,Watkins,2214 WETMORE ST,Haverhill,MA,1832,(157) 555-3410
4939406,Luke,Godfrey,2259 SARGENT ST,Quincy,MA,2171,(113) 555-2787
4942188,Nathaniel,Horton,8517 POST ST,Somerville,MA,2144,(525) 555-5862
4942522,Roslyn,Le,1448 CECILIA AVE,Auburn,MA,1501,(655) 555-6314
4945064,Pat,Cote,2003 SAWYER ST,Framingham,MA,1702,(830) 555-4812
4946988,Harry,Rasmussen,7011 CHARLES ST,Lynn,MA,1904,(541) 555-2777
4947433,Prince,Rice,4245 MCRAE ST,Salem,MA,1970,(484) 555-6903
4948900,Coy,Wilkinson,1087 OGDEN AVE,Billerica,MA,1821,(523) 555-6148
4954550,Amy,Snow,8340 CHESTER AVE,Cherry Valley,MA,1611,(634) 555-8768
4955014,Vanessa,Mckenzie,1645 BERKSHIRE WAY,Boston,MA,2127,(220) 555-7167
4955752,Damon,Flores,4724 DORCHESTER WAY,Worcester,MA,1610,(712) 555-4732
4958469,Summer,Byers,4094 FAITH ST,Tyngsboro,MA,1879,(845) 555-2078
4959110,Libby,Burns,1748 ELIZABETH ST,Swampscott,MA,1907,(819) 555-4477
4965003,Art,Nelson,4825 GEORGIA ST,Worcester,MA,1610,(681) 555-7378
4966537,Jeannine,Peck,5587 ROD RD,Everett,MA,2149,(662) 555-7202
4966613,Leland,Huffman,8529 WEST POINT RD,Pittsfield,MA,1201,(678) 555-6206
4967145,Adrian,Wills,3311 PORTAL DR,Worcester,MA,1605,(167) 555-5463
4967759,Alva,Seymour,9281 HITCHCOCK ST,Boston,MA,2128,(947) 555-8211
4968406,Buford,Ramsey,4531 TOUCHARD ST,Haverhill,MA,1832,(462) 555-7119
4969125,Zachary,Espinoza,6964 EAST BEACH RD,Boston,MA,2215,(388) 555-7591
4971335,Nan,Jennings,4311 JUSTIN DR,Amesbury,MA,1913,(615) 555-2196
4972577,Bridgette,Rosales,3963 CHAVES AVE,Brockton,MA,2301,(371) 555-1737
4972756,Daphne,Petty,2709 AZTEC ST,Malden,MA,2148,(111) 555-9808
4975631,Roger,Bean,3978 BALTIMORE WAY,Swampscott,MA,1907,(695) 555-4385
4975755,Julie,Ross,9941 HUGO ST,Malden,MA,2148,(692) 555-5719
4977833,Adrian,Bowen,8647 HEMLOCK ST,Holbrook,MA,2343,(719) 555-5341
4978183,Harry,Santos,6579 FAIRBANKS ST,Medford,MA,2155,(399) 555-7092
4979436,Irene,Elliott,2021 CARSON ST,Springfield,MA,1119,(846) 555-5774
4979647,Althea,Morris,7353 REGENT ST,Salem,MA,1970,(586) 555-7478
4982554,Freda,Oconnell,7924 ADDISON ST,Southwick,MA,1077,(242) 555-3899
4985227,Luther,Ballard,2142 WILLS ST,Pittsfield,MA,1201,(581) 555-8071
4987155,Rosemarie,Lowe,8377 JOSEPHA AVE,Boston,MA,2128,(750) 555-3974
4996073,Arnulfo,Spears,8635 STANLEY ST,Malden,MA,2148,(989) 555-4871
4996164,Julia,Herbert,7633 COLLEGE AVE,Boston,MA,2127,(675) 555-3240
4998457,Nathanael,Bauer,3986 ERIE ST,Dorchester,MA,2125,(706) 555-3462
4998967,Sandi,Gaines,6074 WEST CLAY ST,Brookline,MA,2446,(686) 555-6642
4999808,Rene,Valenzuela,9338 VAN BUREN ST,Boston,MA,2127,(465) 555-7617
5005869,Vicente,Whitley,7140 SAINT MARYS AVE,Worcester,MA,1605,(202) 555-1877
5006763,Bobby,Bonner,2079 COLON AVE,Walpole,MA,2081,(738) 555-1237
5007829,Susie,Rucker,5690 FOLSOM ST,Worcester,MA,1606,(281) 555-8096
5008034,Jennifer,Braun,9240 SUTTER ST,Pittsfield,MA,1201,(203) 555-6174
5011227,Louis,Nunez,8419 HOOPER ST,Boston,MA,2113,(373) 555-8598
5011735,Clare,Cardenas,2102 BECKETT ST,Lowell,MA,1852,(453) 555-5347
5012107,Eli,Bray,2208 ORA WAY,Worcester,MA,1608,(854) 555-5118
5014041,Pearlie,Collier,1606 ARGONAUT AVE,Chicopee,MA,1020,(128) 555-9173
5015404,Alejandro,Huber,3552 MABINI ST,Malden,MA,2148,(845) 555-2176
5015443,Hugo,Mccann,3489 RIVERTON DR,Arlington,MA,2476,(306) 555-4547
5017067,Dannie,Ware,8512 SEVERN ST,Lee,MA,1238,(560) 555-7455
5017635,Johnnie,Henry,3648 GILBERT ST,Medford,MA,2155,(791) 555-7473
5019213,Chantel,Cash,1144 BUCKINGHAM WAY,Wakefield,MA,1880,(722) 555-5396
5019374,Heath,Franks,6669 CANDLESTICK COVE WAY,Somerville,MA,2145,(292) 555-1235
5020258,Desmond,Camp,9854 HALE ST,Malden,MA,2148,(440) 555-8227
5020845,Vicente,Harvey,3213 EVERGLADE DR,Mattapan,MA,2126,(739) 555-9670
5021903,Tanisha,Monroe,9426 PLUM ST,West Springfield,MA,1089,(757) 555-9204
5022903,Kristina,Oneil,1728 THOMAS MORE WAY,Burlington,MA,1803,(884) 555-9148
5023169,Maximo,Finch,5483 GOLD MINE DR,Mattapan,MA,2126,(431) 555-4386
5029170,Burton,Jacobson,5060 MARCELA AVE,Peabody,MA,1960,(631) 555-6062
5031365,Rosalyn,Harmon,1088 BROOKS ST,Gloucester,MA,1930,(339) 555-1106
5032618,Sheila,Dunlap,1758 GILLETTE AVE,Melrose,MA,2176,(118) 555-1281
5036261,Alva,Parsons,9214 SHAWNEE AVE,Attleboro,MA,2703,(617) 555-6814
5037383,Jacques,Friedman,9788 JESSIE EAST ST,Holyoke,MA,1040,(716) 555-5088
5037608,Marie,Boone,4278 TREAT AVE,Chicopee,MA,1020,(652) 555-4168
5037838,Adam,House,8668 THRIFT ST,Lowell,MA,1850,(918) 555-6402
5039060,Christine,Rosado,6079 EXETER ST,Cambridge,MA,2138,(901) 555-3406
5042288,Herb,Jacobs,2874 RHODE ISLAND ST,Cambridge,MA,2139,(460) 555-2871
5043232,Lily,Cantu,7027 WEST VIEW AVE,Saugus,MA,1906,(373) 555-7123
5043958,Oren,Beach,9842 BANK ST,Stoneham,MA,2180,(745) 555-2376
5045411,Tommie,Davies,9738 TOWERSIDE AVE,Pittsfield,MA,1201,(963) 555-4894
5047894,Walton,Ochoa,8472 WATT AVE,Somerville,MA,2144,(669) 555-4156
5047908,Tara,Mathis,5135 IGNACIO AVE,Pittsfield,MA,1201,(673) 555-4117
5048928,Inez,Reed,7783 BANK ST,Florence,MA,1062,(304) 555-4691
5050748,Kathrine,Edwards,2052 PRESIDIO AVE,Boston,MA,2115,(765) 555-1180
5051814,Jerri,Allen,2435 FUNSTON AVE,Belmont,MA,2478,(165) 555-5153
5052475,Georgia,Dean,1762 HAVENS ST,Boston,MA,2116,(652) 555-4825
5052647,Christopher,Pike,492 CARL ST,Malden,MA,2148,(464) 555-2640
5052674,Lourdes,Savage,8803 OTIS ST,Worcester,MA,1610,(570) 555-8970
5056667,Dionne,Mills,4673 HAROLD AVE,Everett,MA,2149,(779) 555-9708
5057788,Tonia,Hardy,9987 PLYMOUTH AVE,Malden,MA,2148,(442) 555-8743
5057857,Taryn,Hamilton,4073 DORCAS WAY,Somerville,MA,2145,(684) 555-3519
5059535,Autumn,Sandoval,7784 NORFOLK ST,Malden,MA,2148,(246) 555-9046
5061084,Leona,Pollard,2542 RAYBURN ST,Boston,MA,2118,(931) 555-4438
5062855,Eliza,Joseph,4943 ONONDAGA AVE,Roslindale,MA,2131,(824) 555-6313
5063803,Roman,Ward,5671 SHOUP AVE,Boston,MA,2116,(352) 555-5438
5064715,Gloria,Moon,3653 MELROSE AVE,Waltham,MA,2452,(333) 555-7486
5067402,Lee,Kelly,7931 CUTLER AVE,Worcester,MA,1605,(334) 555-7553
5070680,Lacey,Whitaker,9339 NEWTON ST,Leominster,MA,1453,(310) 555-2872
5071319,Bridgette,Joyner,9147 HITCHCOCK ST,Ipswich,MA,1938,(569) 555-7239
5073558,Frankie,Holmes,1172 CAPISTRANO AVE,Cambridge,MA,2140,(741) 555-9195
5074679,Mikel,Butler,7009 MINT ST,Allston,MA,2134,(508) 555-7261
5078038,Lucille,Robinson,9554 PARIS ST,Shrewsbury,MA,1545,(767) 555-2868
5079397,Carmella,Roach,4663 DORANTES AVE,Springfield,MA,1108,(377) 555-1468
5081550,Hipolito,Gilmore,7843 CRISP RD,East Longmeadow,MA,1028,(675) 555-5272
5082762,Dana,Preston,5476 MONTE VISTA DR,Lowell,MA,1854,(564) 555-8213
5084127,Rod,Slater,3561 CHESTER AVE,Boston,MA,2116,(686) 555-8755
5084177,Allan,Alvarado,4316 DIVISION ST,Framingham,MA,1702,(136) 555-6158
5085690,Numbers,Sparks,4241 BERNICE RODGERS WAY,Lowell,MA,1851,(477) 555-3363
5091774,Mollie,Bland,9634 GORGAS AVE,Indian Orchard,MA,1151,(928) 555-1660
5092827,India,Jenkins,5879 WESTSIDE DR,Westford,MA,1886,(464) 555-4578
5092938,Brandie,Larson,2746 DIGBY ST,Somerville,MA,2145,(264) 555-4205
5093888,Dianna,Lee,3633 THORNTON AVE,Brighton,MA,2135,(963) 555-2652
5095052,Goldie,Shaw,3694 WALLACE AVE,Brighton,MA,2135,(548) 555-3274
5095053,Mickey,Meeks,8211 SAWYER ST,Brighton,MA,2135,(193) 555-7910
5103547,Penny,Rojas,4267 PARK HILL AVE,Boston,MA,2127,(647) 555-9002
5103613,Wilmer,Blair,8569 GATES ST,Waltham,MA,2451,(438) 555-7556
5106035,Jan,Womack,3674 CARNELIAN WAY,Boston,MA,2215,(321) 555-2924
5110405,Garth,Swain,5925 STANDISH AVE,Shrewsbury,MA,1545,(521) 555-5035
5112629,Stacy,Joseph,5775 GIRARD ST,Reading,MA,1867,(196) 555-2963
5114959,Haley,Fischer,7221 ROMAIN ST,Lee,MA,1238,(259) 555-8436
5116337,Debra,Santos,5690 OTTAWA AVE,Cambridge,MA,2139,(247) 555-2772
5117086,Georgette,Werner,7640 VENUS ST,Quincy,MA,2169,(789) 555-7569
5117113,Katheryn,Nieves,2974 GALVEZ AVE,Springfield,MA,1109,(398) 555-7684
5117688,William,Johnston,9053 CALVERT DR,Holyoke,MA,1040,(623) 555-5298
5117961,Daphne,Woodward,7300 NELLIE ST,Worcester,MA,1603,(720) 555-3933
5121237,Tyron,Tyson,3464 CHATTANOOGA ST,Brighton,MA,2135,(262) 555-6073
5121473,Whitney,Goodman,9339 MARINA GREEN DR,Westfield,MA,1085,(238) 555-2465
5122627,Trudy,Sheppard,6990 AUBURN ST,Cambridge,MA,2141,(334) 555-2938
5124717,Willa,Montgomery,3989 ROTTECK ST,Lowell,MA,1852,(949) 555-6554
5126285,Sheena,Mcguire,8155 WAWONA ST,Dracut,MA,1826,(638) 555-1157
5128646,Thelma,Bates,3901 LYELL ST,Somerville,MA,2145,(956) 555-1845
5131095,Billie,Mills,4903 SAN PABLO AVE,Malden,MA,2148,(503) 555-1653
5132104,Eve,Andersen,8525 BALMY ST,Swampscott,MA,1907,(798) 555-9310
5132187,Hung,Boyer,7243 RIPLEY ST,Lowell,MA,1852,(694) 555-2285
5132992,Stevie,Contreras,4311 CARSON ST,Framingham,MA,1701,(162) 555-6493
5133434,Francesca,Ingram,279 UNDERWOOD AVE,Roxbury,MA,2119,(950) 555-1716
5134676,Mariana,Dillard,5411 CECILIA AVE,Roxbury Crossing,MA,2120,(932) 555-5275
5135259,Von,Castro,2664 BELVEDERE ST,Tyngsboro,MA,1879,(470) 555-2192
5135337,Jed,Hoover,9257 SEARS ST,Boston,MA,2215,(590) 555-1293
5135762,Chelsey,Shaw,9421 MONTEZUMA ST,Brighton,MA,2135,(458) 555-5750
5136040,Carroll,Potter,3237 VALDEZ AVE,Everett,MA,2149,(634) 555-2902
5138416,Matthew,Guzman,7598 VERDUN WAY,Boston,MA,2115,(501) 555-9118
5140999,Ian,Escobar,6664 AMADOR ST,Revere,MA,2151,(554) 555-9031
5141311,Colin,Henderson,8737 NORIEGA ST,Milford,MA,1757,(267) 555-7470
5144327,Florence,Wright,1021 HICKORY ST,Somerville,MA,2145,(324) 555-4079
5145320,Micah,Krause,972 HAYWARD ST,Chicopee,MA,1013,(938) 555-1796
5149816,Adalberto,Reese,6919 ESCONDIDO AVE,Cambridge,MA,2141,(157) 555-5965
5152889,Markus,Britt,9817 HALLECK ST,Marlborough,MA,1752,(755) 555-7538
5154723,Leland,Schaefer,7399 PETERS AVE,Saugus,MA,1906,(357) 555-3504
5156561,Sid,Lancaster,1707 GARDEN WAY,Brookline,MA,2446,(572) 555-2940
5156960,Thomas,Cameron,2320 HALE ST,Springfield,MA,1129,(652) 555-2582
5157501,Collin,Murphy,7467 EARL ST,Dorchester,MA,2121,(170) 555-4001
5158533,Eloisa,Gibson,5675 HOUSTON ST,West Springfield,MA,1089,(412) 555-1793
5161997,Shirley,Chambers,107 HOLLIS ST,Boston,MA,2118,(834) 555-2374
5162546,Edythe,Irwin,4800 MISSION ST,Boston,MA,2127,(585) 555-1845
5166644,Treva,Wood,7256 STANTON ST,Framingham,MA,1702,(545) 555-6581
5167613,Amado,Mays,6907 MORTON ST,Brockton,MA,2302,(342) 555-8096
5169214,Rory,Monroe,7817 SUMMIT ST,Framingham,MA,1702,(115) 555-1319
5169553,Alexandra,Benjamin,6284 MIRANDO WAY,Newbury,MA,1951,(423) 555-6932
5169740,Ines,Ross,9006 BROAD ST,Barre,MA,1005,(721) 555-9274
5169851,Nona,Garza,1679 DOUGLASS ST,Worcester,MA,1603,(210) 555-8858
5170983,Ramiro,Forbes,805 HARE ST,Chicopee,MA,1013,(698) 555-8373
5171771,Renita,Padilla,1025 COLEMAN ST,Medford,MA,2155,(300) 555-5147
5173938,Mario,Gibbs,9674 MEADOWBROOK DR,Medford,MA,2155,(552) 555-3682
5177635,Katie,Strong,6596 CRESTLAKE DR,Charlestown,MA,2129,(167) 555-9249
5178863,Jarvis,Forrest,3872 PANORAMA DR,Lynn,MA,1902,(986) 555-6246
5180254,Diann,Bender,8972 NORTH POINT ST,Malden,MA,2148,(691) 555-3767
5180533,Garfield,Mclaughlin,3875 MYRTLE ST,Worcester,MA,1604,(585) 555-2361
5181912,Carrie,Barnes,9365 VASQUEZ AVE,Swampscott,MA,1907,(247) 555-1178
5183170,Nichole,Rucker,3392 RALSTON ST,Cambridge,MA,2139,(554) 555-2330
5190723,Cheri,Morse,648 KANSAS ST,Boston,MA,2128,(605) 555-6121
5192706,Tracey,Macdonald,9627 BEIDEMAN ST,Hopedale,MA,1747,(759) 555-3421
5193850,Delois,Zimmerman,7905 PRESIDIO AVE,Salem,MA,1970,(618) 555-5510
5195080,Daisy,Pena,5654 EGBERT AVE,Salem,MA,1970,(747) 555-6993
5199680,Mitchell,Hogan,1506 SOMERSET ST,Medford,MA,2155,(220) 555-7555
5200608,Theodore,Flores,889 MANSEAU ST,Worcester,MA,1604,(674) 555-9281
5202311,Jewel,Avery,4224 CARVER ST,Dorchester Center,MA,2124,(410) 555-3366
5205475,Abram,Andrews,4066 ALVISO ST,Melrose,MA,2176,(732) 555-6937
5211818,Joesph,Dougherty,5668 MISSION ST,Revere,MA,2151,(189) 555-8212
5212164,Lynette,Sullivan,6094 KEITH ST,Andover,MA,1810,(730) 555-9806
5213417,Maggie,Beard,9848 INVERNESS DR,Revere,MA,2151,(281) 555-3880
5214321,Brandon,Estrada,6880 STANFORD HEIGHTS AVE,Watertown,MA,2472,(363) 555-5320
5215056,Maxwell,Thomas,8397 NORTH GATE RD,Byfield,MA,1922,(459) 555-1467
5216004,August,Akers,3671 VETERANS DR,Newbury,MA,1951,(745) 555-3294
5216829,Clay,Trujillo,3457 HARKNESS AVE,Middlefield,MA,1243,(325) 555-2535
5219482,William,Craft,2211 WHIPPLE AVE,Lynn,MA,1904,(458) 555-2495
5223564,Dean,Moon,4363 ADDISON ST,Westwood,MA,2090,(270) 555-9876
5224668,Whitney,Patrick,409 POST ST,Milton,MA,2186,(779) 555-2820
5225090,Hubert,Dye,2116 MONTE VISTA DR,Boston,MA,2113,(206) 555-4844
5226369,Alva,Carson,9540 SHARON ST,Worcester,MA,1602,(482) 555-6306
5227250,Cecilia,Hooper,7922 EARL ST,Beverly,MA,1915,(439) 555-5916
5229683,Curt,Cabrera,1239 YOUNG ST,Salem,MA,1970,(891) 555-3611
5231118,Lionel,Emerson,3376 GRIJALVA DR,Boston,MA,2118,(425) 555-4048
5231308,Deanna,Blankenship,7170 WALLEN ST,Westford,MA,1886,(644) 555-5769
5233125,Sean,Robertson,7228 HEMLOCK ST,Medford,MA,2155,(671) 555-6034
5236858,Belle,Witt,9598 NEWTON ST,Boston,MA,2118,(261) 555-7454
5242669,Veda,Dudley,4807 CRISSY FIELD AVE,Danvers,MA,1923,(791) 555-9657
5243680,Man,Dillard,8999 LASKIE ST,Agawam,MA,1001,(263) 555-9890
5245072,Rick,Chamberlain,5275 SALMON ST,Salem,MA,1970,(728) 555-7844
5248442,Jessie,Hamilton,6485 ESMERALDA AVE,East Longmeadow,MA,1028,(121) 555-9041
5251619,Benjamin,Montgomery,4102 VALLEY ST,Brighton,MA,2135,(361) 555-9347
5253238,Eloy,Mcknight,8541 HAGIWARA TEA GARDEN DR,Southwick,MA,1077,(657) 555-4622
5254957,Maya,Fox,7603 PHELPS ST,Boston,MA,2114,(393) 555-9913
5257079,Rodolfo,Cooper,8445 ARMSTRONG AVE,Wellesley,MA,2482,(682) 555-5820
5257210,Tomas,Burks,611 MAGELLAN AVE,Charlestown,MA,2129,(798) 555-2476
5258601,Paul,Espinoza,9065 HILL DR,South Hadley,MA,1075,(743) 555-4288
5262671,Diann,Morgan,7154 TOMPKINS AVE,Malden,MA,2148,(643) 555-2352
5262746,Marjorie,Knight,486 ROCKLAND ST,Cambridge,MA,2139,(394) 555-2170
5266868,Sharron,Whitley,5396 SOUTHWOOD DR,Lynn,MA,1905,(553) 555-9753
5268829,Keneth,Lindsey,3032 EUREKA ST,Cambridge,MA,2139,(256) 555-7096
5270707,Eve,Newsome,3532 RIVERTON DR,Somerville,MA,2144,(380) 555-5110
5271430,Shana,Carver,3862 SPRING ST,Cambridge,MA,2141,(878) 555-4703
5271527,Franklyn,Everett,1423 MASSACHUSETTS ST,Watertown,MA,2472,(970) 555-8423
5272161,Caleb,Sanders,8894 NORTH GATE RD,Allston,MA,2134,(988) 555-7888
5273523,Wanda,Callahan,7102 WEST VIEW AVE,Springfield,MA,1109,(943) 555-4928
5278046,Tommie,Starr,555 BAY VIEW ST,Auburn,MA,1501,(131) 555-3070
5278086,Francesca,Kramer,2411 WALLER ST,Fitchburg,MA,1420,(914) 555-6569
5282444,Truman,Yarbrough,2377 MARSHALL ST,Marlborough,MA,1752,(311) 555-7130
5284217,Hyman,Walker,1795 IVY ST,West Springfield,MA,1089,(295) 555-6748
5285045,Magdalena,Wade,4079 MADRONE AVE,Medford,MA,2155,(989) 555-6386
5285502,Winston,Shields,1845 BONVIEW ST,Dorchester,MA,2122,(197) 555-4397
5286269,Matt,Herbert,4829 WEBSTER ST,Brighton,MA,2135,(823) 555-6773
5287474,Ambrose,Leonard,9852 HEMLOCK ST,South Hadley,MA,1075,(591) 555-4951
5289015,Quinn,Howard,7115 MARCELA AVE,Brookline,MA,2445,(892) 555-4720
5290043,Frieda,Levine,8912 RIVERTON DR,Boston,MA,2128,(455) 555-1122
5291883,Hugo,Cervantes,2064 HUBBELL ST,Medford,MA,2155,(944) 555-3116
5298849,Alissa,Rucker,2969 CRANLEIGH DR,Lowell,MA,1851,(329) 555-2138
5299329,Danette,Stafford,4713 REGENT ST,Dorchester Center,MA,2124,(957) 555-6763
5299460,Lourdes,Dunbar,6666 VAN BUREN ST,Springfield,MA,1129,(195) 555-7979
5300729,Cory,Britt,4722 HANCOCK ST,North Chelmsford,MA,1863,(979) 555-1092
5301088,Elise,Shafer,6071 IGNACIO AVE,Lynn,MA,1902,(698) 555-6422
5301167,Lona,Sims,1341 MELROSE AVE,Worcester,MA,1610,(638) 555-3394
5301682,Meghan,Montoya,6798 GORGAS AVE,Framingham,MA,1702,(261) 555-1930
5302715,Kaitlyn,Chen,5326 METSON RD,Marlborough,MA,1752,(851) 555-1644
5304568,Stuart,Foreman,8572 MICHIGAN ST,Medford,MA,2155,(270) 555-6353
5307584,Alejandra,Roth,7538 WARREN DR,Revere,MA,2151,(682) 555-6861
5311134,Corine,Buckner,3399 NORFOLK ST,Southbridge,MA,1550,(851) 555-4617
5311363,Demarcus,Britt,1641 BERKSHIRE WAY,Worcester,MA,1609,(441) 555-7415
5313174,Earlene,Evans,1341 EXCELSIOR AVE,Lowell,MA,1851,(436) 555-7853
5313663,Tad,Butts,256 SONOMA ST,Marblehead,MA,1945,(488) 555-7491
5316775,Hipolito,Farrell,3831 CHANNEL ST,Boston,MA,2115,(679) 555-1308
5318655,Alecia,Noel,5967 MARS ST,Saugus,MA,1906,(438) 555-6784
5322054,Heidi,Church,6958 BAY ST,Jamaica Plain,MA,2130,(353) 555-6280
5324978,Gretchen,Beard,6314 CARL ST,Taunton,MA,2780,(949) 555-3834
5325200,Fatima,Benton,6471 EGBERT AVE,Worcester,MA,1604,(155) 555-8331
5332722,Delia,Yarbrough,4456 FEDERAL ST,Wareham,MA,2571,(172) 555-5316
5333794,Barbara,Burgess,4918 GREENOUGH AVE,Medford,MA,2155,(864) 555-2963
5338541,Santos,Morales,6980 MCDONALD ST,Newburyport,MA,1950,(763) 555-7134
5338841,Arturo,Lane,8082 NAVY RD,Newburyport,MA,1950,(676) 555-8960
5340613,Augusta,Burch,4600 EASTWOOD DR,Saugus,MA,1906,(342) 555-5502
5343135,Deena,Ward,2617 RIVERTON DR,Medford,MA,2155,(837) 555-3927
5343249,Jan,Rutledge,7280 WOOL ST,Worcester,MA,1609,(246) 555-4437
5344481,Brandy,Sykes,4725 LAKESHORE DR,Somerville,MA,2145,(643) 555-5248
5345259,Carlo,Brooks,9516 DRUMM ST,East Weymouth,MA,2189,(335) 555-2824
5348277,Malissa,Mcintosh,5812 GROVE ST,Revere,MA,2151,(662) 555-2356
5349413,Alyson,Rodriguez,6277 LASKIE ST,Haverhill,MA,1835,(221) 555-3521
5350989,Alisa,Mccormick,9024 TINGLEY ST,Dracut,MA,1826,(781) 555-9186
5355476,Rachael,Slaughter,7640 EL PLAZUELA WAY,Worcester,MA,1603,(637) 555-8159
5358538,Isabel,Albert,337 SAMPSON AVE,Townsend,MA,1469,(681) 555-1402
5361527,Bettye,Burton,8657 ARBALLO DR,Brookline,MA,2446,(594) 555-2328
5374507,Coy,Herring,2260 TENNESSEE ST,Worcester,MA,1604,(471) 555-5011
5375501,Marcus,Fulton,322 CORDELIA ST,Malden,MA,2148,(388) 555-3026
5376171,Trina,Freeman,7398 INVERNESS DR,Medford,MA,2155,(787) 555-7911
5378292,Tuan,Bacon,6840 PORTOLA ST,Tewksbury,MA,1876,(884) 555-2554
5381022,Emmett,Davila,2902 KEY AVE,Salem,MA,1970,(743) 555-7927
5381265,Lyman,Mcknight,4611 VARENNES ST,Chelsea,MA,2150,(929) 555-3541
5381676,Stanley,Short,5194 WEST HALLECK ST,Worcester,MA,1604,(421) 555-5647
5382808,Daisy,Elmore,1116 POMONA ST,Worcester,MA,1605,(684) 555-7082
5383161,Lucile,Cummings,925 FLORENCE ST,Westborough,MA,1581,(372) 555-8174
5387176,Luisa,Frye,6145 LOEHR ST,Natick,MA,1760,(690) 555-3439
5388733,Valentine,Mckee,9814 TERRACE DR,Lee,MA,1238,(112) 555-2614
5397313,Collin,Barrera,321 YOSEMITE AVE,Arlington,MA,2474,(413) 555-3165
5398855,Waylon,Donahue,9389 PLUM ST,Worcester,MA,1606,(281) 555-5768
5401063,Osvaldo,Fields,3097 SANTIAGO ST,Somerville,MA,2144,(361) 555-4868
5409947,Marion,Hutchinson,4316 RAVENWOOD DR,North Reading,MA,1864,(297) 555-1501
5416928,Robt,Pruitt,8777 WALLACE AVE,Springfield,MA,1118,(785) 555-8521
5417751,Aldo,Mcbride,2154 MORRELL ST,Amesbury,MA,1913,(846) 555-9635
5418915,Lashonda,Mayo,696 BARNARD AVE,Boston,MA,2215,(797) 555-8138
5419861,May,Schaefer,8598 NEBRASKA ST,Leverett,MA,1054,(794) 555-9568
5423941,Jeanette,Mayer,5293 DANVERS ST,Holyoke,MA,1040,(977) 555-2026
5425354,Harriet,Baldwin,8991 LINCOLN WAY,Boston,MA,2127,(984) 555-1883
5430056,Marcy,Young,350 WEST HALLECK ST,Salem,MA,1970,(580) 555-1744
5430423,Harrison,Christopher,5333 OLMSTEAD ST,Springfield,MA,1108,(653) 555-4240
5431213,Chet,Durham,2348 IRIS AVE,Malden,MA,2148,(956) 555-6401
5432400,Trevor,Copeland,2949 WHITTIER ST,Lexington,MA,2421,(802) 555-3870
5434223,Alison,Novak,8481 MCDONALD ST,Chelmsford,MA,1824,(976) 555-5633
5438242,Marshall,Cramer,7203 HAROLD AVE,Newburyport,MA,1950,(456) 555-6343
5438361,Lindsay,Velasquez,3599 COUNTRY CLUB DR,Methuen,MA,1844,(850) 555-5204
5439225,Tabatha,Lambert,4721 KELLOCH AVE,Framingham,MA,1701,(508) 555-7206
5439573,Vicky,Harper,7147 CORDOVA ST,Boston,MA,2115,(302) 555-1585
5439797,Jerry,James,7561 LENOX WAY,Leominster,MA,1453,(472) 555-2730
5441548,Roberta,Lowery,8221 BENNINGTON ST,Salem,MA,1970,(556) 555-7492
5443557,Reba,Merrill,6179 ELLERT ST,West Newton,MA,2465,(142) 555-7348
5444032,Jasmine,Miranda,7602 EASTWOOD DR,Danvers,MA,1923,(930) 555-7341
5444648,Mitzi,Moore,2988 UNION ST,Somerville,MA,2143,(785) 555-6837
5446413,Crystal,Pryor,6075 MELROSE AVE,Worcester,MA,1609,(482) 555-2738
5446996,Gregory,Goss,8477 DANVERS ST,Dorchester Center,MA,2124,(388) 555-5467
5448672,Marcellus,Stewart,7907 THOMAS AVE,Somerville,MA,2145,(111) 555-4382
5448865,Christian,Crum,2656 WINFIELD ST,Amesbury,MA,1913,(771) 555-8708
5449550,Ramiro,Benjamin,6053 TREASURE ISLAND RD,Chicopee,MA,1013,(855) 555-3145
5450314,Gregorio,Ellison,8444 CONCOURSE DR,Chelmsford,MA,1824,(335) 555-4954
5464741,Lacey,Dillard,618 SAMOSET ST,Granby,MA,1033,(123) 555-8676
5464845,Mayme,Guy,4482 ELDRIDGE ST,Randolph,MA,2368,(801) 555-5999
5469266,Anastasia,Bush,633 CRISP RD,Quincy,MA,2169,(948) 555-3507
5470286,Shayne,Knox,4912 WESTMOORLAND DR,Tewksbury,MA,1876,(904) 555-2222
5473739,Mamie,Armstrong,4156 BELGRAVE AVE,Springfield,MA,1105,(583) 555-3262
5475890,Lane,Gary,2357 MIDWAY ST,Watertown,MA,2472,(393) 555-5151
5477303,Odell,Underwood,5056 SAN JACINTO WAY,Springfield,MA,1108,(508) 555-6308
5480048,Mason,David,1467 WEST HALLECK ST,Chelsea,MA,2150,(888) 555-2600
5480049,Stuart,Dyer,6646 STEINER ST,Lowell,MA,1851,(958) 555-8762
5481551,Judson,Johnson,5978 BATTERY EAST RD,Attleboro,MA,2703,(602) 555-1648
5482056,Samuel,Grimes,3981 GILLETTE AVE,Melrose,MA,2176,(345) 555-7046
5487067,Porfirio,Benjamin,1704 SIXTH ST,Somerville,MA,2144,(646) 555-1529
5489522,Scott,Moss,4833 SCOTIA AVE,Worcester,MA,1605,(397) 555-3263
5490793,Benedict,Gillespie,1777 AGNON AVE,Salem,MA,1970,(759) 555-2310
5493355,Olen,Simmons,3335 EAST RD,Brighton,MA,2135,(950) 555-7735
5494253,Glenda,Salazar,2481 PHELPS ST,Everett,MA,2149,(520) 555-8720
5494991,Ruth,Gates,5120 CYPRESS ST,Dalton,MA,1226,(373) 555-8518
5501083,Joesph,Bauer,9269 FOREST SIDE AVE,Somerville,MA,2144,(813) 555-1629
5508099,Hong,Potts,7052 CROOK ST,Malden,MA,2148,(668) 555-7608
5511263,Willy,Alexander,6100 STANDISH AVE,Malden,MA,2148,(315) 555-2990
5513336,Denice,Day,6533 STEUART ST,Watertown,MA,2472,(682) 555-7235
5517394,Sherwood,Emerson,1420 PENNSYLVANIA AVE,Everett,MA,2149,(544) 555-3022
5517663,Kellie,Jimenez,1003 BLISS RD,Framingham,MA,1701,(888) 555-4197
5517818,Patrica,Morris,3931 PROSPER ST,Boston,MA,2118,(806) 555-3776
5520467,Burl,Cordova,1246 TEMPLE ST,Jamaica Plain,MA,2130,(594) 555-5744
5520925,Ladonna,Ramirez,3503 BERKSHIRE WAY,Everett,MA,2149,(953) 555-1271
5522388,Jocelyn,Woods,3213 FLINT ST,Brighton,MA,2135,(384) 555-5277
5522433,Bud,Hess,4378 POST ST,West Roxbury,MA,2132,(926) 555-6651
5526463,Rex,French,9655 QUARTZ WAY,Newburyport,MA,1950,(688) 555-5583
5527427,Fred,Frederick,338 OTTAWA AVE,Roslindale,MA,2131,(247) 555-4323
5527990,Danilo,May,6660 RIDGEWOOD AVE,Worcester,MA,1602,(937) 555-4330
5529324,Ben,Blanton,3645 OTIS ST,Chelsea,MA,2150,(343) 555-9669
5529636,Woodrow,Ellis,9214 CAMPUS WAY,West Springfield,MA,1089,(309) 555-3061
5532818,Frances,Albert,6911 ALVORD ST,Concord,MA,1742,(116) 555-5842
5536803,Norma,Weaver,935 SUTTER ST,Cambridge,MA,2140,(587) 555-9829
5542285,Ophelia,Shafer,511 CARVER ST,Somerville,MA,2145,(849) 555-6860
5543517,Pete,Silva,2393 MARNE AVE,Roxbury,MA,2119,(582) 555-5755
5553341,Millicent,Richardson,800 EASTMAN ST,Ashland,MA,1721,(291) 555-1412
5555762,Josefina,Harrington,2850 DAY ST,Revere,MA,2151,(723) 555-4878
5557387,Calvin,Wiley,4496 SAWYER ST,Malden,MA,2148,(136) 555-8680
5557448,Miranda,Robertson,4410 DIVISADERO ST,Charlestown,MA,2129,(410) 555-4984
5559088,Emily,Morales,1867 CORDOVA ST,Pittsfield,MA,1201,(529) 555-6405
5564655,Eddie,Waters,3234 BLUXOME ST,Cambridge,MA,2139,(584) 555-7418
5565356,Jerold,Neely,528 DAWNVIEW WAY,Somerville,MA,2143,(458) 555-1213
5565454,Arden,Camacho,5152 SOUTH VAN NESS AVE,Somerville,MA,2145,(914) 555-1740
5567351,Randal,Marshall,5101 CRAUT ST,Worcester,MA,1603,(508) 555-5926
5568223,Angel,Estes,4957 PENNSYLVANIA AVE,Boston,MA,2116,(732) 555-8114
5569564,Peggy,Gilbert,3440 MOULTON ST,Medford,MA,2155,(902) 555-4653
5571951,Carlene,Wilkinson,8483 LASKIE ST,Boston,MA,2215,(789) 555-7541
5573928,Lane,Serrano,894 BROWN ST,Lawrence,MA,1841,(582) 555-8408
5575237,Barrett,Keller,7204 KINGSTON ST,Dorchester,MA,2125,(179) 555-4961
5583955,Rolland,Lambert,271 LILLIAN ST,Worcester,MA,1602,(721) 555-8490
5584904,Eleanore,Kimball,5472 PETERS AVE,Shrewsbury,MA,1545,(507) 555-8089
5591436,Lyn,Fritz,3948 TRINITY ST,Woburn,MA,1801,(400) 555-9237
5591480,Latrice,Webber,1744 LAMARTINE ST,Lowell,MA,1852,(718) 555-4186
5593679,Boyce,Montes,152 BIRCH ST,Amesbury,MA,1913,(385) 555-3385
5596474,Zachery,Wall,6853 RUDDEN AVE,Pittsfield,MA,1201,(292) 555-9598
5600618,Keisha,Daugherty,9598 LAFAYETTE ST,Newton Center,MA,2459,(975) 555-3142
5602629,Lanny,Luna,1922 SPRUCE ST,Framingham,MA,1701,(397) 555-6246
5602879,Lula,Diaz,5546 PANORAMA DR,Boston,MA,2116,(199) 555-3247
5602941,Carol,Buckley,3422 SHAFTER AVE,Somerville,MA,2144,(206) 555-7794
5603595,Catherine,Bland,1463 WINFIELD ST,Dorchester,MA,2125,(827) 555-7763
5604471,Jesus,Key,3122 DORLAND ST,Lowell,MA,1852,(357) 555-7567
5604503,Freddie,Sears,7594 BAYSIDE DR,Chicopee,MA,1020,(190) 555-4193
5604753,Gail,Knowles,891 BLYTHDALE AVE,Shrewsbury,MA,1545,(345) 555-8362
5605789,Santiago,Daniel,1071 WELSH ST,Wakefield,MA,1880,(939) 555-4654
5609054,Benjamin,Mathis,9035 SEVILLE ST,Everett,MA,2149,(328) 555-2236
5611132,Earnestine,Jennings,1933 COUNTRY CLUB DR,Cambridge,MA,2140,(165) 555-9244
5614268,Charlene,Hopkins,2186 TOUCHARD ST,Melrose,MA,2176,(474) 555-5137
5618647,Forrest,Giles,7052 STANTON ST,Melrose,MA,2176,(202) 555-7042
5620025,Alba,Sellers,5574 CHANNEL ST,Everett,MA,2149,(779) 555-2616
5620635,Kristin,Pope,576 CORDELIA ST,Worcester,MA,1603,(354) 555-3042
5623338,Amie,Davidson,9019 GLADSTONE DR,Saugus,MA,1906,(843) 555-7752
5628353,Osvaldo,Kinney,4221 MONTE VISTA DR,Lowell,MA,1850,(994) 555-7349
5630173,Christian,Blair,2018 DIGBY ST,Melrose,MA,2176,(815) 555-2923
5630222,Corrine,Manning,6725 IOWA ST,Easthampton,MA,1027,(550) 555-2220
5634124,Linda,Gates,3602 IRONWOOD WAY,West Springfield,MA,1089,(193) 555-4986
5635947,Kaye,Lynch,6579 CABRILLO ST,Chicopee,MA,1013,(757) 555-8729
5640462,Iva,Griggs,4845 CHRISTOPHER DR,Brockton,MA,2302,(518) 555-7136
5645441,Reyna,Vasquez,7971 THOMAS AVE,Mendon,MA,1756,(401) 555-4679
5647320,Katharine,Osborn,1164 HAYS ST,Medford,MA,2155,(965) 555-2608
5651563,Dominick,Manuel,1242 HUGO ST,Pittsfield,MA,1201,(331) 555-8658
5654262,Lela,Sosa,3822 SHRADER ST,Dorchester Center,MA,2124,(757) 555-6941
5654275,Michale,Simms,4545 BELLA VISTA WAY,Wareham,MA,2571,(551) 555-7974
5656384,Celeste,Hayden,2241 MANSEAU ST,Lynn,MA,1902,(527) 555-2109
5657446,Kayla,Winter,9283 BANNOCK ST,Springfield,MA,1119,(517) 555-9862
5657828,Danielle,Kirby,1707 VIENNA ST,Rutland,MA,1543,(765) 555-4821
5660036,Jefferey,Boyer,695 BEALE ST,Granby,MA,1033,(615) 555-9510
5660189,Wesley,Stark,7800 RUCKMAN AVE,Wayland,MA,1778,(535) 555-3555
5661958,Latrice,Estes,7447 SOTELO AVE,Malden,MA,2148,(914) 555-6062
5663542,Dudley,Zimmerman,8840 BALTIMORE WAY,Peabody,MA,1960,(802) 555-2885
5665690,Rusty,Rubio,5685 CORDELIA ST,Weston,MA,2493,(332) 555-8069
5666441,Nathanael,Nelson,7582 MERSEY ST,Malden,MA,2148,(250) 555-9705
5666877,Adam,Morris,3321 SANTA YSABEL AVE,Braintree,MA,2184,(383) 555-3990
5669761,Isabell,Reyna,344 SENECA AVE,Chelsea,MA,2150,(837) 555-1082
5670597,Alene,Conrad,6934 NORIEGA ST,Springfield,MA,1109,(194) 555-4096
5671861,Leland,Hunt,5261 KING ST,Milford,MA,1757,(335) 555-9586
5672165,Fatima,Burris,7167 KELLOCH AVE,Dorchester,MA,2125,(716) 555-1454
5672800,Eduardo,Saunders,7187 CLOVER ST,Franklin,MA,2038,(889) 555-1422
5675825,Alejandro,Richards,4492 GILLETTE AVE,Peabody,MA,1960,(136) 555-8272
5679773,Alonzo,Rice,4462 ELLIS ST,Framingham,MA,1702,(179) 555-8738
5679909,Kellie,Baird,3310 ALPHA ST,Ipswich,MA,1938,(413) 555-5226
5680149,Morton,Ward,8263 ELLERT ST,Springfield,MA,1107,(926) 555-2751
5682977,Sol,Plummer,9641 PERU AVE,Brockton,MA,2301,(413) 555-1974
5685904,Joel,Bates,1833 RAVENWOOD DR,Gilbertville,MA,1031,(953) 555-1056
5686912,Noreen,Duke,5090 BARTLETT ST,Beverly,MA,1915,(386) 555-4284
5688637,Teri,Pike,2056 LOOMIS ST,Boston,MA,2127,(770) 555-9365
5689584,Benito,Peterson,75 CRAUT ST,Worcester,MA,1610,(201) 555-6756
5693249,Dannie,Kirkland,5060 SICKLES AVE,Brookline,MA,2445,(271) 555-6971
5694553,Felipe,Ayala,2467 SAGAMORE ST,Lawrence,MA,1843,(343) 555-4029
5695940,Kendra,Holt,126 TAYLOR ST,West Springfield,MA,1089,(313) 555-9132
5699214,Zella,Martin,1548 WEST PORTAL AVE,Cambridge,MA,2139,(891) 555-9097
5699490,Juliana,Owen,5701 SAINT CROIX DR,Dorchester Center,MA,2124,(889) 555-6847
5699908,Jerome,Dailey,2251 POWHATTAN AVE,Danvers,MA,1923,(533) 555-2080
5700786,Hollis,Sharpe,3076 EVANS AVE,Peabody,MA,1960,(982) 555-2817
5704429,Magdalena,Johnston,555 LEE AVE,Auburndale,MA,2466,(325) 555-8232
5706450,Dollie,Dickerson,8582 BERNICE RODGERS WAY,Worcester,MA,1602,(304) 555-7990
5712898,Jeromy,Hoover,651 KEARNY ST,Lowell,MA,1852,(698) 555-7662
5713979,Danny,Nix,96 WOOLSEY ST,Lanesboro,MA,1237,(573) 555-7246
5714395,Bill,Sharpe,1759 CAMERON WAY,Charlestown,MA,2129,(977) 555-6187
5716200,Chance,Steele,6171 PUEBLO ST,Medford,MA,2155,(841) 555-9346
5719188,Magdalena,Barr,1455 PASADENA ST,Somerville,MA,2144,(444) 555-6082
5719238,Ike,Sutton,3997 WINFIELD ST,Revere,MA,2151,(685) 555-8851
5723060,Marlene,Greer,5741 CHESTER AVE,Feeding Hills,MA,1030,(947) 555-4229
5729212,Jerri,Downing,2394 MARINER DR,Brookline,MA,2446,(167) 555-8634
5729297,Helen,Newell,6137 GEORGIA ST,Cambridge,MA,2139,(281) 555-9108
5729785,Boyce,Kirkpatrick,8249 KELLOCH AVE,Cambridge,MA,2138,(514) 555-1158
5731361,Lacy,Martin,7748 JEFFERSON ST,West Springfield,MA,1089,(129) 555-3832
5733739,Frederick,Baldwin,2604 TERRACE DR,Quincy,MA,2170,(604) 555-9125
5734273,Desmond,Zuniga,5433 RUTH ST,Springfield,MA,1118,(888) 555-6816
5734879,Louie,Bacon,8082 SANSOME ST,Cambridge,MA,2142,(990) 555-3421
5736331,Hilton,Green,436 NORTHGATE DR,Boston,MA,2116,(466) 555-5170
5736611,Chantel,Carney,5913 BERNICE RODGERS WAY,Lynn,MA,1905,(709) 555-1516
5736629,Rudy,Mcghee,6915 MONTEZUMA ST,Springfield,MA,1109,(290) 555-8844
5740302,Gayle,Dudley,8447 GATES ST,Lexington,MA,2420,(430) 555-1520
5740378,Jackie,Nunez,4362 CORDOVA ST,Winthrop,MA,2152,(148) 555-8288
5741400,Rachael,Ford,7881 DE MONTFORT AVE,North Chelmsford,MA,1863,(651) 555-4319
5742254,Gilda,Robles,2689 WINDING WAY,Chicopee,MA,1020,(301) 555-4256
5743215,Wanda,Reynolds,461 NORFOLK ST,Rockland,MA,2370,(129) 555-6468
5745385,Sybil,Fernandez,1439 LAKEWOOD AVE,Waltham,MA,2453,(520) 555-2214
5746117,Regina,Daugherty,5648 SENECA AVE,Malden,MA,2148,(159) 555-2197
5748315,Edward,Hale,2999 VETERANS DR,Beverly,MA,1915,(545) 555-7173
5749470,Ernestina,Bingham,3846 DOUBLE ROCK ST,West Roxbury,MA,2132,(284) 555-5334
5750131,Cristopher,Knapp,9609 SOMERSET ST,Allston,MA,2134,(802) 555-7857
5753368,Marco,Howard,9842 LAPHAM WAY,Everett,MA,2149,(828) 555-8116
5758508,Dan,Ibarra,3551 GLADYS ST,Lowell,MA,1852,(634) 555-5410
5760416,Taylor,Jordan,4240 NOE ST,Beverly,MA,1915,(461) 555-3422
5762286,Pete,Serrano,7655 MACALLA RD,Boston,MA,2127,(282) 555-2190
5764435,Lora,Sweet,160 SAWYER ST,Chelsea,MA,2150,(264) 555-6735
5769152,Mayme,Workman,4171 WESTSIDE DR,Dorchester Center,MA,2124,(384) 555-4623
5771206,Magdalena,Rush,8495 CLOVER ST,Everett,MA,2149,(219) 555-6166
5773408,Kristin,Bowman,6467 AMBER DR,Cambridge,MA,2139,(666) 555-7802
5786514,Bette,Yang,1402 WHITING ST,Medford,MA,2155,(274) 555-4182
5788021,Estela,Hartley,8331 NAVY RD,Brookline,MA,2445,(672) 555-5576
5788497,Milan,Delarosa,1986 MIGUEL ST,Boston,MA,2118,(436) 555-1332
5788746,Mary,Potter,5057 NEW MONTGOMERY ST,Melrose,MA,2176,(732) 555-5389
5789999,Rosita,Hammond,9352 APPLETON AVE,Malden,MA,2148,(523) 555-2601
5791180,Lemuel,Long,6388 RALSTON ST,Quincy,MA,2169,(314) 555-2574
5792640,Latanya,Simpson,2079 SOUTHERN HEIGHTS AVE,Worcester,MA,1606,(510) 555-9096
5793001,Yesenia,Boone,8082 TAYLOR RD,Malden,MA,2148,(152) 555-1037
5793579,Lessie,Gordon,2008 POTRERO AVE,Holyoke,MA,1040,(635) 555-7494
5794156,Myrtle,Benson,3661 CLEMENT ST,West Springfield,MA,1089,(320) 555-2218
5795026,Tod,Haynes,4245 VARA ST,Northborough,MA,1532,(131) 555-2932
5800939,Anton,Curtis,4169 MAYWOOD DR,Boston,MA,2127,(658) 555-8737
5801232,Henry,Robbins,9581 CONGDON ST,Boston,MA,2128,(822) 555-1551
5804243,Brittany,Brennan,9351 GRACE ST,Foxboro,MA,2035,(974) 555-8503
5810003,Timothy,Macias,8190 KINZEY ST,Springfield,MA,1107,(789) 555-7184
5812519,Tyrell,Moon,4251 WOODLAND AVE,Worcester,MA,1606,(328) 555-5462
5813169,Treva,Sweeney,8477 SIGNAL RD,Melrose,MA,2176,(624) 555-3164
5815215,Branden,Frye,7259 POPE RD,Chelsea,MA,2150,(939) 555-9247
5818944,Harry,Mcallister,3296 MELROSE AVE,Dorchester,MA,2125,(376) 555-5490
5823210,Alma,Webb,4986 SAN MARCOS AVE,Brookline,MA,2446,(722) 555-2366
5824379,Glenda,Kelley,9716 CLYDE ST,North Grafton,MA,1536,(642) 555-3226
5826554,Barb,Livingston,38 PRIEST ST,Chicopee,MA,1020,(233) 555-2894
5826918,Gayla,Hoover,9658 WARREN DR,Framingham,MA,1701,(648) 555-8109
5828659,Stephan,Klein,2833 GLENVIEW DR,Allston,MA,2134,(309) 555-3472
5830675,Bart,Wyatt,604 CURTIS ST,Salem,MA,1970,(209) 555-6425
5837908,Bettie,Goss,6580 JULIAN AVE,Revere,MA,2151,(917) 555-5100
5840472,Tracie,Krueger,7958 GUTTENBERG ST,Fitchburg,MA,1420,(270) 555-9958
5844033,Christa,Coffman,3706 CAMPUS WAY,Boston,MA,2115,(341) 555-4330
5846304,Titus,Braun,9815 LANSDALE AVE,Revere,MA,2151,(929) 555-6941
5851561,Ruby,Mcgee,6911 SHERIDAN AVE,Springfield,MA,1104,(700) 555-6137
5852494,Matilda,Dunbar,4925 SHARON ST,Charlestown,MA,2129,(737) 555-5880
5852929,Fatima,Shaw,6629 DUNSHEE ST,Milford,MA,1757,(444) 555-9044
5854822,Delma,Cortez,3368 POWELL ST,Watertown,MA,2472,(777) 555-2722
5856567,Quinton,Richard,7809 MATEO ST,Beverly,MA,1915,(687) 555-2297
5859109,Chris,Crawford,8170 BATTERY SAFFORD RD,Worcester,MA,1603,(167) 555-9093
5859330,Darnell,Hoover,469 COLERIDGE ST,Dracut,MA,1826,(763) 555-9259
5859994,Gayle,Wood,9711 BENNINGTON ST,Chelsea,MA,2150,(618) 555-7967
5860622,Harriet,Carlson,5407 PARADISE AVE,West Roxbury,MA,2132,(534) 555-3161
5864344,Jannie,Stafford,5439 BUENA VISTA AVE,Boston,MA,2115,(811) 555-2513
5864621,Arline,Workman,207 TOLEDO WAY,Boston,MA,2111,(954) 555-2128
5866639,Boyce,Hatcher,1706 BANNOCK ST,Lowell,MA,1851,(456) 555-3108
5868558,Margie,Wolfe,7108 IVY ST,Worcester,MA,1606,(393) 555-5618
5880356,Dina,Goldstein,4339 REPOSA WAY,Roslindale,MA,2131,(991) 555-8357
5884692,Hunter,Strong,1909 CHRISTOPHER DR,West Springfield,MA,1089,(123) 555-6866
5887730,Mollie,Akers,5908 DOUBLE ROCK ST,Uxbridge,MA,1569,(416) 555-2572
5888115,Bobby,Preston,6720 HUBBELL ST,Peabody,MA,1960,(943) 555-2419
5888215,Rodney,Covington,6528 LOEHR ST,Framingham,MA,1702,(281) 555-2268
5889375,Bridgette,Reese,6477 MORNINGSIDE DR,Lowell,MA,1851,(199) 555-4004
5890211,Johnie,Good,9247 CRISP RD,Cambridge,MA,2142,(708) 555-3162
5890238,Lacy,Gould,3712 BEALE ST,Worcester,MA,1605,(427) 555-3932
5897708,Octavia,Singleton,9179 SHERIDAN ST,Sharon,MA,2067,(440) 555-2309
5900711,Taryn,Carlson,42 POTOMAC ST,Tewksbury,MA,1876,(722) 555-8990
5901170,Rex,Hughes,9121 BURROWS DR,Lowell,MA,1850,(823) 555-4864
5903151,Ambrose,Salas,5029 BUSH ST,Medford,MA,2155,(587) 555-5470
5910926,Letha,Vaughn,4556 REGENT ST,Cambridge,MA,2139,(811) 555-2465
5913393,Shelby,Nix,684 TOMPKINS AVE,Worcester,MA,1602,(389) 555-8249
5913745,Tammy,Womack,5606 VAN DYKE AVE,Revere,MA,2151,(599) 555-1906
5914427,Lizzie,Delacruz,8210 ARKANSAS ST,Framingham,MA,1701,(270) 555-3219
5914534,Elijah,Wiggins,2150 WEST HALLECK ST,Dorchester Center,MA,2124,(535) 555-4716
5915886,Maurine,Mccarty,3676 MONETA WAY,Malden,MA,2148,(593) 555-2594
5918165,Olen,Hubbard,2045 WOODLAND AVE,Worcester,MA,1604,(177) 555-9126
5919160,Lena,Chambers,731 VAN DYKE AVE,Somerville,MA,2145,(973) 555-5038
5919541,Pat,Bruce,3974 COLON AVE,Everett,MA,2149,(739) 555-2821
5921939,Beth,Willis,6785 LIPPARD AVE,Springfield,MA,1118,(622) 555-9367
5922965,Clark,Jacobson,2303 MYRTLE ST,Somerville,MA,2144,(763) 555-2852
5928011,Janie,Mcgowan,6572 PRESIDIO AVE,Boston,MA,2108,(709) 555-6051
5928809,Samatha,Pennington,6707 BERRY ST,Palmer,MA,1069,(609) 555-4002
5929866,Chelsea,Stout,2639 SIXTH ST,Brighton,MA,2135,(296) 555-9292
5933997,Sondra,Malone,9540 ZANOWITZ ST,Boston,MA,2113,(672) 555-8577
5937178,Micheal,Cordova,9282 HANGAH ST,Medford,MA,2155,(395) 555-6683
5939653,Naomi,Gibson,69 LANSING ST,Malden,MA,2148,(450) 555-3218
5939953,Jo,Oneill,1720 ORIOLE WAY,Jamaica Plain,MA,2130,(567) 555-6512
5940589,Shelton,Sherman,7688 SIERRA ST,Boston,MA,2115,(707) 555-6018
5944081,Dora,Gilbert,3206 SONOMA ST,Salem,MA,1970,(296) 555-9960
5944905,Jorge,Petersen,9457 STEUART ST,Pittsfield,MA,1201,(946) 555-5964
5945498,Jay,Bernard,5560 HESTER AVE,Lowell,MA,1852,(772) 555-8023
5947090,Maurice,Levine,4510 BAYSIDE DR,Boston,MA,2114,(362) 555-8758
5947353,Ambrose,Jamison,4751 MARIN ST,Boston,MA,2113,(197) 555-5165
5947808,Mavis,Clemons,3948 RILEY AVE,Newton Upper Falls,MA,2464,(364) 555-9174
5953181,Kari,Gonzalez,5026 ROSSMOOR DR,Framingham,MA,1702,(796) 555-2595
5954105,Bert,Chan,4870 BRIGHTON AVE,Pittsfield,MA,1201,(259) 555-7048
5957978,Tony,Mcallister,5290 CASTLE MANOR AVE,Allston,MA,2134,(683) 555-5083
5958481,Harland,Bruce,6709 POTOMAC ST,Brookline,MA,2446,(510) 555-6763
5958707,Harvey,Reilly,745 ROSEWOOD DR,North Grafton,MA,1536,(358) 555-4383
5961733,Alphonso,Camp,2753 JORDAN AVE,Worcester,MA,1604,(144) 555-8246
5965959,Carmela,Estrada,3498 LAKE MERCED HILL ST,North Grafton,MA,1536,(519) 555-3300
5969755,Kelley,Howell,4368 ELDRIDGE ST,Cherry Valley,MA,1611,(413) 555-9212
5972691,German,Jimenez,4003 LANDERS ST,Boston,MA,2215,(181) 555-1648
5974410,Giuseppe,Mathis,5050 EGBERT AVE,Dorchester,MA,2125,(256) 555-4999
5974603,Kristina,Alexander,3816 STOREY AVE,Berlin,MA,1503,(966) 555-4156
5977616,Shawn,Oneil,9524 SHRADER ST,Malden,MA,2148,(892) 555-8023
5979444,Columbus,Mata,6738 HERON ST,Brookline,MA,2446,(981) 555-7732
5980975,Otha,Grimes,9996 MCDONALD ST,Worcester,MA,1607,(677) 555-3608
5982710,Francisco,Frye,7365 PRETOR WAY,Salem,MA,1970,(353) 555-2262
5990869,Garland,Shafer,9275 BEIDEMAN ST,Boston,MA,2128,(890) 555-4931
5991313,Pete,Gary,5552 WALLEN ST,Reading,MA,1867,(787) 555-9724
5992276,Vanessa,Nolan,3916 SAN FELIPE AVE,Revere,MA,2151,(855) 555-1605
5992339,Myra,Steward,590 SOLA AVE,Brookline,MA,2445,(747) 555-6301
5992356,Jeffrey,Norris,5883 POST ST,Dorchester Center,MA,2124,(768) 555-4494
5992937,Emanuel,Mckay,4530 GILBERT ST,Monson,MA,1057,(416) 555-4551
5993732,Leonor,Clark,8550 SHARON ST,Boston,MA,2115,(707) 555-6972
5996893,Bruce,Potter,5894 ORTEGA ST,Cambridge,MA,2141,(217) 555-3164
6003919,Lilia,Martin,7219 AERIAL WAY,Framingham,MA,1702,(305) 555-6571
6004919,Louisa,Carpenter,9373 ARKANSAS ST,Newton,MA,2458,(912) 555-4483
6006958,Lourdes,Moss,8143 BOWLING GREEN DR,Marshfield,MA,2050,(194) 555-5128
6007013,Austin,Ayers,4294 CHATTANOOGA ST,Woburn,MA,1801,(397) 555-3002
6008171,Hank,Downing,3995 MARKET ST,Boston,MA,2118,(768) 555-7418
6008249,Verda,Leonard,5566 ARMISTEAD RD,Newburyport,MA,1950,(522) 555-5141
6010262,Keenan,Jacobs,6489 POINT LOBOS AVE,Cambridge,MA,2141,(612) 555-9133
6014365,Gaylord,Matthews,2479 OHLONE WAY,Worcester,MA,1610,(369) 555-6343
6014638,Sal,Magee,8992 CAROLINA ST,Allston,MA,2134,(209) 555-8161
6016292,Shelley,Roman,488 BRITTON ST,Somerville,MA,2143,(796) 555-6334
6018291,Laurie,Keith,4703 SYCAMORE ST,Ludlow,MA,1056,(160) 555-5254
6018776,Griselda,Hendrix,2779 EUGENIA AVE,Boston,MA,2109,(136) 555-2409
6022405,Angie,Madden,8587 ARELLANO AVE,Revere,MA,2151,(979) 555-4033
6024083,Shanda,Rojas,1836 HEARST AVE,Quincy,MA,2170,(741) 555-4477
6025171,Corey,Castro,9909 MCKINLEY AVE,Pembroke,MA,2359,(283) 555-1338
6032045,Oren,Elder,2882 FLORENCE ST,Gloucester,MA,1930,(679) 555-3062
6032106,Heidi,Mayer,4751 CASELLI AVE,Cambridge,MA,2141,(542) 555-5246
6036120,Monique,Cooley,422 SEVERN ST,Worcester,MA,1602,(906) 555-7071
6036135,Rogelio,Short,6271 ANZA AVE,Somerville,MA,2145,(489) 555-8963
6038241,Minerva,Bennett,9134 IRWIN ST,East Sandwich,MA,2537,(644) 555-8006
6038610,Antwan,Davila,1605 CRAUT ST,Somerville,MA,2143,(166) 555-8439
6040429,Vida,Kirkland,5854 TINGLEY ST,Dorchester,MA,2125,(100) 555-2528
6041753,Barbara,Roach,3384 HAMERTON AVE,Hull,MA,2045,(830) 555-6546
6043476,Boyd,Stokes,2862 RAMONA AVE,Boston,MA,2127,(316) 555-1151
6044474,Casey,Villanueva,5576 HIGH ST,Chelsea,MA,2150,(521) 555-4545
6045114,Norberto,Greer,7130 POINT LOBOS AVE,Boston,MA,2118,(937) 555-7388
6046495,Isidro,Bernard,5131 FANNING WAY,Charlestown,MA,2129,(559) 555-7311
6050619,Antonio,Michael,3362 HAMERTON AVE,Leominster,MA,1453,(422) 555-8685
6052644,Georgina,Stein,7648 GENEVA AVE,Framingham,MA,1702,(417) 555-4979
6053580,Marcella,Carver,9908 WARREN DR,Boston,MA,2215,(671) 555-7981
6055389,Nick,Dejesus,9356 JOHN MUIR DR,Revere,MA,2151,(725) 555-4073
6057906,Letitia,Lloyd,7687 FLORIDA ST,Brockton,MA,2301,(520) 555-8364
6059218,Noelle,Fischer,3401 SHIPLEY ST,Springfield,MA,1105,(437) 555-4730
6059563,Bruno,Nieves,7221 BELCHER ST,Boston,MA,2111,(139) 555-3884
6063653,Samantha,Nance,2259 BRYANT ST,Boston,MA,2116,(602) 555-3723
6066457,Jodi,Barrett,6413 NORTH POINT ST,Medford,MA,2155,(652) 555-8943
6068514,Nichole,Mendez,1204 KELLOCH AVE,Groveland,MA,1834,(473) 555-3976
6073085,Edgar,Clifton,3946 HIGH ST,Lowell,MA,1852,(486) 555-9929
6073530,Melisa,Dotson,2149 HERON ST,Manchester,MA,1944,(555) 555-5480
6073671,Crystal,Griffin,8841 MARSHALL ST,Brighton,MA,2135,(354) 555-9855
6074295,Selma,Figueroa,1153 WEBSTER ST,Boston,MA,2127,(490) 555-7222
6074552,Christine,Stinson,2015 EGBERT AVE,Danvers,MA,1923,(930) 555-9955
6075416,Effie,Steele,9035 ANKENY ST,Framingham,MA,1702,(915) 555-7811
6076264,Aurora,Alvarez,1521 CASELLI AVE,West Springfield,MA,1089,(433) 555-5161
6079324,Dale,Alford,8390 JAUSS ST,Springfield,MA,1107,(850) 555-6259
6081830,Elizabeth,Reid,1786 GARDEN WAY,Cambridge,MA,2140,(958) 555-7474
6085051,Susie,Aguilar,8687 WATERVILLE ST,Malden,MA,2148,(639) 555-8743
6086802,Rachelle,Ibarra,1686 CRESTMONT DR,Chelsea,MA,2150,(245) 555-2632
6088522,Dick,Luna,108 JOHN MUIR DR,Milton,MA,2186,(737) 555-4715
6089514,Ernest,Carlson,9564 FOLSOM ST,Saugus,MA,1906,(720) 555-4024
6089733,Sal,Cain,1017 KEY AVE,Pittsfield,MA,1201,(787) 555-7070
6095145,Georgia,Gibson,1986 BRIGHTON AVE,Danvers,MA,1923,(394) 555-4794
6095670,Isabella,Kerr,120 JOHN ST,Allston,MA,2134,(873) 555-5357
6106014,Russ,Simmons,5239 NORTH GATE RD,Charlestown,MA,2129,(466) 555-2952
6109293,Nola,Gilbert,9494 COLUMBUS AVE,Worcester,MA,1605,(668) 555-9241
6109600,Normand,Walsh,723 WALLACE AVE,Ludlow,MA,1056,(290) 555-2876
6110577,Naomi,Hebert,9497 STANDISH AVE,Pittsfield,MA,1201,(513) 555-5517
6111653,Lydia,Francis,1624 VERNA ST,Somerville,MA,2143,(611) 555-8343
6111761,Denver,Sheppard,8607 AMADOR ST,Lexington,MA,2420,(737) 555-4110
6112630,Taryn,Mays,4380 BRYANT ST,Winchendon,MA,1475,(719) 555-2491
6116428,Elma,Cantrell,6507 ARELIOUS WALKER DR,Arlington,MA,2474,(663) 555-4251
6116532,Len,Hayes,687 NEW MONTGOMERY ST,Peabody,MA,1960,(570) 555-5624
6120190,Marlene,Sullivan,3844 PICO AVE,Malden,MA,2148,(926) 555-5147
6122206,Madeline,Gardner,8296 ADDISON ST,Millbury,MA,1527,(299) 555-3293
6123530,Chong,Rios,9024 UPLAND DR,Framingham,MA,1701,(561) 555-5804
6123684,Lane,Sawyer,1184 WINFIELD ST,Quincy,MA,2171,(303) 555-5359
6124522,Keisha,Landry,5404 SHERIDAN ST,Cambridge,MA,2139,(454) 555-2332
6124549,Stanford,Espinoza,5437 BANCROFT AVE,West Springfield,MA,1089,(576) 555-7039
6127376,Samantha,Sawyer,5129 DAY ST,Pittsfield,MA,1201,(777) 555-2678
6128090,Savannah,Newell,7272 CLARA ST,Marblehead,MA,1945,(241) 555-1259
6130750,Pattie,Gagnon,9684 GEORGIA ST,Lowell,MA,1852,(508) 555-6324
6132405,Francesca,Allen,8967 RUTLAND ST,Somerville,MA,2144,(676) 555-8818
6133051,Hester,Ochoa,2317 WEST VIEW AVE,Worcester,MA,1609,(415) 555-6215
6133213,Melinda,Ewing,2392 EVANS AVE,Brockton,MA,2301,(573) 555-3098
6133531,Mac,Bass,9953 MORRIS ST,Westfield,MA,1085,(136) 555-1719
6135925,Judson,Patton,9076 GABILAN WAY,Lowell,MA,1852,(940) 555-2756
6138860,Olive,Holloway,3960 VANDEWATER ST,Jamaica Plain,MA,2130,(910) 555-8708
6139191,Marie,Prince,2733 YALE ST,Springfield,MA,1104,(854) 555-1849
6139779,Chloe,Cordova,6646 DARIEN WAY,Malden,MA,2148,(639) 555-4930
6140348,Dexter,Whitley,9362 HAMPSHIRE ST,Boston,MA,2114,(493) 555-4823
6141157,Donn,Gibbs,7794 MERCEDES WAY,Shrewsbury,MA,1545,(269) 555-3414
6141967,Letha,Kerr,1892 WINN WAY,Cambridge,MA,2141,(693) 555-6236
6142168,Marlin,Haney,5659 BRANNAN ST,Blackstone,MA,1504,(636) 555-1769
6143470,Kim,Mcmillan,2890 FELIX AVE,Pittsfield,MA,1201,(989) 555-5369
6143606,Desiree,Novak,8892 CENTRAL AVE,Everett,MA,2149,(671) 555-3863
6145460,Norris,Meyers,9281 BERRY ST,Cambridge,MA,2138,(673) 555-4132
6148115,Charlene,Welch,6910 TACOMA ST,Revere,MA,2151,(729) 555-1924
6149865,Arline,Washington,8982 COLBY ST,Boston,MA,2215,(257) 555-4608
6151658,Tyree,Wilkinson,8542 RESTANI WAY,Quincy,MA,2169,(659) 555-4033
6152769,Manuela,Wynn,9747 CONCOURSE DR,Merrimac,MA,1860,(216) 555-9768
6155217,Edward,Wilcox,1485 THRIFT ST,Shrewsbury,MA,1545,(111) 555-3913
6156583,Rosalinda,Bacon,7683 FRESNO ST,Brockton,MA,2301,(318) 555-6147
6157494,Bonita,Byers,9516 HILL POINT AVE,Cambridge,MA,2138,(219) 555-9526
6160342,Pat,Aguirre,8912 MELROSE AVE,Danvers,MA,1923,(104) 555-8376
6161670,Pablo,Phelps,4273 CASTELO AVE,Lowell,MA,1850,(180) 555-6446
6164510,Shawn,Vargas,3916 LINCOLN WAY,North Brookfield,MA,1535,(617) 555-1386
6165827,Karin,Thornton,807 MARTIN LUTHER KING JR DR,Worcester,MA,1605,(244) 555-6422
6166643,Lucretia,Vaughan,6720 SHAFTER RD,Pittsfield,MA,1201,(622) 555-6930
6167846,Christina,Kirkland,6139 SELMA WAY,Brighton,MA,2135,(735) 555-4772
6170706,Annie,Mooney,5389 OTIS ST,Somerville,MA,2143,(529) 555-2818
6173579,Jack,Cummings,3780 MERSEY ST,Somerville,MA,2144,(529) 555-1477
6174497,Ilene,Krause,183 WHITING ST,Somerville,MA,2145,(860) 555-4233
6176047,Lashonda,Munoz,4049 CROOK ST,Charlestown,MA,2129,(340) 555-7558
6181015,Guadalupe,Sweet,7652 MINNESOTA ST,Whitinsville,MA,1588,(153) 555-7963
6181589,Berry,Robles,5968 TIOGA AVE,Salem,MA,1970,(593) 555-6970
6182753,Allen,Miles,1412 HOUSTON ST,Amesbury,MA,1913,(684) 555-3092
6183821,Rhea,Rollins,1796 HUSSEY ST,Haverhill,MA,1832,(137) 555-3118
6185141,Christa,Travis,5025 LAFAYETTE ST,West Boylston,MA,1583,(540) 555-1767
6186675,Ester,Sims,898 BERKSHIRE WAY,Somerville,MA,2145,(941) 555-5302
6187285,Nelly,Rojas,7740 TENNESSEE ST,Watertown,MA,2472,(143) 555-2318
6192304,Bonnie,Benson,4870 COLLEEN WAY,Wrentham,MA,2093,(168) 555-7864
6193664,Mark,Sullivan,8090 LUNDEEN ST,Cheshire,MA,1225,(625) 555-8898
6195154,Jade,Winter,6443 STANFORD HEIGHTS AVE,Andover,MA,1810,(934) 555-5376
6195611,Connie,Noel,8154 OXFORD ST,Worcester,MA,1603,(951) 555-7998
6198605,Carole,Shea,601 SHAFTER AVE,Boston,MA,2127,(516) 555-8145
6201831,Bridgett,Gilliam,156 GILLETTE AVE,Swampscott,MA,1907,(631) 555-8614
6203367,Fletcher,Newell,1438 NAHUA AVE,Framingham,MA,1701,(802) 555-1871
6204758,Robbin,Mcmahon,5034 SHAWNEE AVE,Medford,MA,2155,(781) 555-6714
6208625,Jan,Snow,4556 SONOMA ST,Brighton,MA,2135,(750) 555-2260
6208691,Justin,Stuart,34 MARSHALL ST,Boylston,MA,1505,(868) 555-1724
6213863,Fran,Irwin,9765 SEVILLE ST,Pittsfield,MA,1201,(703) 555-4630
6214309,Jules,Bush,2115 AMETHYST WAY,Watertown,MA,2472,(122) 555-5842
6215090,Olive,Fischer,1063 ELIZABETH ST,Boston,MA,2116,(119) 555-9105
6218555,Natalia,Sherman,2809 SELMA WAY,Wilmington,MA,1887,(722) 555-6240
6218771,Carrol,Mills,4450 DRUMM ST,Shrewsbury,MA,1545,(929) 555-1071
6219105,Joanne,Hendrix,7870 LAKEWOOD AVE,Chelsea,MA,2150,(575) 555-2865
6219913,Clinton,Zuniga,2311 ELLIS ST,Billerica,MA,1821,(875) 555-4058
6220548,Bennie,Thornton,7807 KEYES AVE,Springfield,MA,1107,(255) 555-7514
6221562,Luciano,Hendricks,9624 SHAFTER RD,Framingham,MA,1701,(984) 555-3450
6224351,Sonya,Chamberlain,5341 AVALON AVE,Wakefield,MA,1880,(747) 555-6351
6224510,Lucien,Henson,2362 MARIN ST,Quincy,MA,2169,(984) 555-3619
6226853,Hunter,Cotton,9080 WESTWOOD DR,Osterville,MA,2655,(719) 555-8548
6227391,Eddie,Atkins,5612 MONTGOMERY ST,Jamaica Plain,MA,2130,(588) 555-8008
6230111,Celeste,Leblanc,7254 NAHUA AVE,Tewksbury,MA,1876,(251) 555-9662
6232150,Michele,Aguirre,9274 SHAFTER RD,Topsfield,MA,1983,(943) 555-7746
6233204,Will,Nguyen,8562 YERBA BUENA AVE,Medford,MA,2155,(690) 555-9907
6233675,Walter,Noel,4966 PROSPECT AVE,Boston,MA,2116,(881) 555-3099
6234002,Dallas,Hoover,2280 NORWICH ST,Chicopee,MA,1020,(340) 555-5762
6234507,Chadwick,Butts,8278 NORWICH ST,Townsend,MA,1469,(155) 555-7658
6236783,Francine,Patrick,9134 TERRA VISTA AVE,Worcester,MA,1609,(894) 555-8937
6237488,Jan,Shaffer,5707 GILBERT ST,Lynn,MA,1902,(683) 555-9794
6237840,Doris,Newman,8811 NORTHGATE DR,Revere,MA,2151,(729) 555-7309
6243813,Arnulfo,French,1672 DICKINSON ST,Spencer,MA,1562,(888) 555-8203
6244951,Jesus,Haney,7351 ROSEWOOD DR,Wilbraham,MA,1095,(173) 555-7409
6245238,Bobby,Warner,5977 RIPLEY ST,Lenox,MA,1240,(218) 555-6757
6252061,Terra,Clark,4885 MCDONALD ST,Winthrop,MA,2152,(306) 555-1892
6257432,Blaine,Donovan,8801 MCLAREN AVE,Worcester,MA,1607,(141) 555-3276
6258800,Socorro,Tucker,753 PROSPER ST,Jefferson,MA,1522,(803) 555-1793
6262854,Everette,Mccoy,4104 FLOOD AVE,Charlestown,MA,2129,(697) 555-6129
6264046,Mai,Tucker,4689 LIGGETT AVE,West Roxbury,MA,2132,(464) 555-6403
6265486,Chelsea,Sheppard,8863 EXCELSIOR AVE,Cambridge,MA,2140,(693) 555-9908
6266325,Darrin,Bartlett,9938 SIXTH ST,Holyoke,MA,1040,(856) 555-3305
6274818,Olivia,Hull,8082 MERCEDES WAY,Brookline,MA,2446,(217) 555-6999
6278108,Liliana,Livingston,234 LAKEWOOD AVE,Brighton,MA,2135,(441) 555-5266
6278662,Bonita,Quinn,1449 HOFFMAN ST,Springfield,MA,1109,(863) 555-2324
6278843,Portia,Cash,1436 WESTSIDE DR,Somerville,MA,2143,(545) 555-9336
6279433,Rick,Gordon,5956 DECATUR ST,Newburyport,MA,1950,(501) 555-1375
6283833,Travis,Odonnell,9582 WHITE ST,Springfield,MA,1104,(554) 555-5127
6283998,Rhett,Watson,9595 CORAL RD,Boston,MA,2116,(637) 555-7430
6284810,Ramona,Bonner,8796 CORDOVA ST,Dorchester,MA,2122,(983) 555-4197
6288617,Eddy,Escobar,7192 GENNESSEE ST,Malden,MA,2148,(227) 555-9207
6289686,Theodore,Shelton,3820 ANTONIO ST,Somerville,MA,2143,(609) 555-6524
6291326,Roxanna,Harrell,1739 BELLA VISTA WAY,Melrose,MA,2176,(775) 555-2967
6292251,Marilynn,Hayes,7310 SHAFTER AVE,Springfield,MA,1105,(213) 555-6934
6292372,Juliet,Santana,9594 ERIE ST,Salem,MA,1970,(158) 555-7163
6293359,Pam,Burke,5475 BALCETA AVE,Boston,MA,2215,(626) 555-7260
6293729,Olivia,Dale,455 STEUART ST,South Hadley,MA,1075,(244) 555-7770
6293977,Humberto,Gilbert,1033 BAY ST,Brighton,MA,2135,(282) 555-4725
6294183,Emilio,Cohen,7294 STONE ST,Longmeadow,MA,1106,(195) 555-9915
6296210,Eddie,Woodard,4677 SAINT CROIX DR,Cambridge,MA,2141,(448) 555-5116
6300073,Curt,Salas,885 CATALINA ST,Worcester,MA,1606,(881) 555-5140
6300844,Willie,Hart,9078 SCOTT ST,Boston,MA,2113,(778) 555-4900
6301218,Georgette,Maddox,6494 BEIDEMAN ST,Somerville,MA,2144,(130) 555-9964
6302231,Portia,Oconnor,7875 RICO WAY,Gloucester,MA,1930,(222) 555-3831
6305045,Margarito,Fitzgerald,6547 TOCOLOMA AVE,Lowell,MA,1852,(213) 555-9949
6305326,Lance,Vance,3573 SOMERSET ST,Brighton,MA,2135,(576) 555-4304
6306655,Doreen,Rose,4305 CHANNEL ST,West Newbury,MA,1985,(583) 555-2255
6307456,Shelly,Elder,3112 HOWTH ST,West Springfield,MA,1089,(650) 555-9942
6307718,Allen,Head,4041 MALTA DR,Somerville,MA,2144,(171) 555-4581
6307843,Merle,Burris,6565 VICKSBURG ST,Revere,MA,2151,(102) 555-4071
6308051,Tristan,Wilkins,6398 SAN BRUNO AVE,Chelmsford,MA,1824,(724) 555-4952
6311140,Paulette,Springer,5511 ZANOWITZ AVE,Gardner,MA,1440,(376) 555-6666
6318793,Jordon,Lozano,8878 WALLACE AVE,Roxbury,MA,2119,(210) 555-6902
6319880,Nathanael,Walter,9310 BANCROFT AVE,Wayland,MA,1778,(331) 555-2492
6320374,Cara,Stevenson,8831 FALMOUTH ST,Ludlow,MA,1056,(678) 555-1635
6320713,Donald,Lutz,4230 TRUBY ST,Worcester,MA,1604,(969) 555-5874
6321814,Silvia,Connor,4288 FRIEDELL ST,Framingham,MA,1701,(758) 555-3629
6322847,Lucinda,Schaefer,6895 VALDEZ AVE,Raynham,MA,2767,(612) 555-5027
6324554,Floyd,Herman,2397 NEBRASKA ST,Salisbury,MA,1952,(386) 555-7363
6324910,Brenda,Arnold,7948 NAVAJO AVE,Melrose,MA,2176,(540) 555-3090
6326937,Vilma,Mcclain,2909 PASADENA ST,Springfield,MA,1118,(856) 555-6998
6332088,Leandro,Moon,3444 SKYVIEW WAY,Burlington,MA,1803,(998) 555-7942
6334938,Gabriel,Wilkerson,2669 MACALLA RD,Holyoke,MA,1040,(842) 555-7286
6335790,Russell,Shirley,6440 SEARS ST,Cambridge,MA,2139,(725) 555-1279
6336464,Mindy,Clark,9920 POTOMAC ST,Boston,MA,2118,(788) 555-2761
6336620,Elroy,Tatum,9699 HARKNESS AVE,Worcester,MA,1602,(100) 555-2601
6341187,Roseann,Nicholson,9404 DIVISION ST,Malden,MA,2148,(257) 555-4043
6343333,Waylon,Aguilar,7307 OTIS ST,Medfield,MA,2052,(885) 555-8348
6343621,Florentino,Kemp,2739 COLUMBUS AVE,Haverhill,MA,1835,(380) 555-5371
6343751,Thurman,Hartman,4171 GARCES DR,Danvers,MA,1923,(595) 555-6212
6345600,Lynn,Beck,2776 WOODACRE DR,Dorchester Center,MA,2124,(711) 555-1088
6346451,Marissa,Wiley,4257 POPE RD,Worcester,MA,1609,(861) 555-9844
6347052,Rosie,Swanson,2077 DOUBLE ROCK ST,Framingham,MA,1702,(145) 555-7118
6347734,Barton,Farley,2610 MARSILY ST,Pittsfield,MA,1201,(865) 555-6619
6350727,Sally,Ayala,9763 SPOFFORD ST,Hudson,MA,1749,(739) 555-3255
6352119,Milan,Franklin,9480 NEW MONTGOMERY ST,Everett,MA,2149,(776) 555-6021
6352677,Elnora,Dailey,3142 PRINCETON ST,Somerville,MA,2143,(115) 555-7538
6353435,Tracey,Chan,8610 ADDISON ST,Lowell,MA,1851,(197) 555-5276
6355376,Tamara,Mcginnis,6438 LANSDALE AVE,Boston,MA,2127,(932) 555-5678
6355643,Solomon,Haynes,7335 COLBY ST,Hudson,MA,1749,(834) 555-3820
6356190,Celia,Covington,122 MORTON ST,Leominster,MA,1453,(742) 555-1222
6357606,Tamra,Lawrence,3470 MONTANA ST,Worcester,MA,1604,(825) 555-7283
6363590,Raul,Ellis,329 VARENNES ST,Saugus,MA,1906,(424) 555-9701
6365584,Jasper,Mills,8821 MARIN ST,Lexington,MA,2421,(132) 555-7366
6370050,Elena,Craft,710 GOLD ST,Boston,MA,2127,(259) 555-3367
6370930,Bryan,Haley,2738 OTEGA AVE,Worcester,MA,1603,(677) 555-6158
6375164,Bruno,Crane,6557 BELCHER ST,Hyde Park,MA,2136,(340) 555-8704
6375521,Samuel,Berg,3028 DECATUR ST,Leicester,MA,1524,(198) 555-6472
6376710,Vivian,Hendrix,7949 NAUTILUS DR,Dedham,MA,2026,(204) 555-3359
6377872,Mitchell,Michael,1703 DICKINSON ST,West Springfield,MA,1089,(703) 555-2434
6379421,Reggie,Blake,5046 BEPLER ST,Billerica,MA,1821,(257) 555-6978
6380977,Leopoldo,William,5842 ROBBLEE AVE,Chicopee,MA,1020,(314) 555-7387
6381229,Manuel,Gates,6354 CONCORD ST,Beverly,MA,1915,(613) 555-8643
6382915,Jody,Sosa,1564 POWELL ST,Lowell,MA,1854,(886) 555-4277
6384003,Adeline,Glover,6657 OTTAWA AVE,Framingham,MA,1702,(509) 555-5422
6387969,Lettie,Torres,6991 VICENTE ST,Everett,MA,2149,(817) 555-8127
6389015,Ahmad,Duncan,3108 ROSE ST,Shrewsbury,MA,1545,(199) 555-4458
6389445,Len,Cramer,1439 SUMMIT WAY,Malden,MA,2148,(372) 555-8108
6390511,Tamika,Sellers,1569 CRAUT ST,Malden,MA,2148,(192) 555-5519
6394574,Lanny,Stokes,1455 CHARLES ST,Arlington,MA,2474,(286) 555-2850
6396862,Linwood,Robinson,7575 JOHN MAHER ST,Somerville,MA,2145,(588) 555-6156
6401356,Bob,Byers,5606 BECKETT ST,Dorchester,MA,2121,(611) 555-3198
6402765,Bobby,Shafer,7723 FLOOD AVE,Brighton,MA,2135,(338) 555-2584
6403604,Colin,Hatfield,8299 DECATUR ST,Dorchester Center,MA,2124,(226) 555-8383
6404195,Ty,Monroe,8282 SICKLES AVE,Methuen,MA,1844,(447) 555-1108
6405765,Claire,Tracy,9004 CORAL RD,Worcester,MA,1610,(309) 555-4034
6406438,Herschel,Katz,4484 SHERIDAN AVE,Allston,MA,2134,(394) 555-1576
6409109,Carlos,Pennington,6879 LINCOLN WAY,Blackstone,MA,1504,(322) 555-7832
6409192,Jenny,Mathews,3225 FILLMORE ST,Chicopee,MA,1013,(152) 555-8677
6409773,Lauren,Cameron,8676 SANTA YSABEL AVE,Boston,MA,2109,(349) 555-4160
6410045,Jermaine,Hurley,8768 SHERIDAN AVE,Malden,MA,2148,(653) 555-1569
6411555,Howard,Minor,2193 OLMSTEAD ST,Lunenburg,MA,1462,(674) 555-2499
6414264,Christine,Chavez,9907 EGBERT AVE,Northampton,MA,1060,(631) 555-2640
6415310,Tameka,Fritz,4536 GILLETTE AVE,Beverly,MA,1915,(131) 555-4815
6416226,Ina,Burt,3864 STONECREST DR,Randolph,MA,2368,(835) 555-6571
6419018,Al,Pryor,7307 HEARST AVE,Boston,MA,2116,(974) 555-9925
6423157,Rupert,Crabtree,4444 ELMIRA ST,Malden,MA,2148,(584) 555-1082
6429799,Lucas,Rasmussen,2207 ELLERT ST,Brighton,MA,2135,(603) 555-9933
6431772,Abdul,Hartley,9725 EDITH ST,Lowell,MA,1851,(439) 555-3619
6432190,Edna,Law,6245 MILES ST,Westfield,MA,1085,(372) 555-5966
6432378,Valencia,Durham,9706 POINT LOBOS AVE,Lynn,MA,1902,(871) 555-9515
6434508,Noah,Alford,7457 WHITING ST,Framingham,MA,1702,(698) 555-6777
6436107,Madonna,Herrera,1426 SHIPLEY ST,Ayer,MA,1432,(311) 555-9220
6439307,Roscoe,Swain,3250 SPRING ST,Somerville,MA,2144,(139) 555-6060
6440036,Gayla,Holmes,7651 IRWIN ST,Worcester,MA,1604,(951) 555-9348
6442224,Lidia,Michael,9112 ROBINHOOD DR,Lexington,MA,2420,(671) 555-1446
6442680,Reyna,Kelly,3353 CLEMENTINA ST,Tewksbury,MA,1876,(610) 555-5472
6444191,Alba,Bennett,7535 BOUTWELL ST,Rutland,MA,1543,(156) 555-6935
6445003,Alec,Barnes,3541 HOLLIS ST,Roslindale,MA,2131,(802) 555-4672
6446416,Norman,Paul,5049 EUGENIA AVE,Cambridge,MA,2141,(350) 555-6641
6448701,Norman,Horn,2938 CUTLER AVE,Mattapan,MA,2126,(451) 555-5908
6450503,Portia,Davies,7735 JESSIE WEST ST,Tewksbury,MA,1876,(453) 555-5353
6450877,Isiah,Finley,3301 AVALON AVE,Boston,MA,2118,(106) 555-7074
6456765,Mai,Mcclain,315 FRESNO ST,Somerville,MA,2144,(240) 555-6667
6457141,Lanny,Wise,6036 ARMORY DR,Pittsfield,MA,1201,(564) 555-3645
6459996,Whitney,Swain,473 TREASURE ISLAND RD,Boston,MA,2118,(721) 555-6812
6461619,Annette,Washington,782 ROCKLAND ST,Salem,MA,1970,(557) 555-1684
6462353,Lyn,Wynn,9311 EDDY ST,Somerville,MA,2143,(837) 555-8407
6462992,Columbus,Griggs,3522 MIDWAY ST,Maynard,MA,1754,(269) 555-8096
6463199,Migdalia,Wilkinson,4312 RUCKMAN AVE,Worcester,MA,1602,(479) 555-1070
6463676,Odessa,Adams,769 PROSPER ST,Chelsea,MA,2150,(362) 555-1952
6464065,Susanne,Wong,1434 MOULTON ST,Salem,MA,1970,(933) 555-6069
6468161,Stewart,Lane,2337 FRIEDELL ST,North Weymouth,MA,2191,(106) 555-8830
6468165,Henrietta,Camp,1898 WINDING WAY,Lynn,MA,1902,(270) 555-3366
6469478,Beryl,Hyde,2949 TRENTON ST,Allston,MA,2134,(316) 555-7013
6471330,Sergio,Witt,5840 GLADSTONE DR,Chicopee,MA,1013,(881) 555-2050
6473161,Frances,Cox,1168 MODOC AVE,Quincy,MA,2169,(450) 555-1819
6473281,Roland,Crow,1610 CHAVES AVE,Natick,MA,1760,(784) 555-7994
6473329,Bonita,Hale,6533 GOUGH ST,Arlington,MA,2474,(958) 555-2942
6476499,Derick,Coffman,5152 MOULTON ST,Medford,MA,2155,(265) 555-7069
6486296,Renato,Downs,3912 DONAHUE ST,Agawam,MA,1001,(354) 555-5248
6492339,Rodney,Lee,5799 LOUISIANA ST,Burlington,MA,1803,(615) 555-9194
6494381,Patrice,Avila,1874 OTTAWA AVE,Amesbury,MA,1913,(308) 555-9898
6495643,Latoya,Mcguire,3878 BRIDGEVIEW DR,Brighton,MA,2135,(928) 555-6746
6497565,Jannie,Grimes,8203 GILBERT ST,Lynn,MA,1902,(186) 555-2949
6498060,Tanya,Sandoval,3717 SYLVAN DR,Lynn,MA,1904,(113) 555-6807
6498783,Karyn,Wilkerson,212 HAYWARD ST,Chicopee,MA,1013,(551) 555-7703
