Sale_ID,Customer_ID,Store_ID,Sale_Week
1,2013154,4,1
2,4599139,5,1
3,6079324,1,1
4,3242746,3,1
5,4319355,11,1
6,6148115,12,1
7,2298378,6,1
8,4325514,10,1
9,318275,3,1
10,2570344,4,1
11,4869809,12,1
12,6143606,11,1
13,3111830,9,1
14,1125565,11,1
15,2568682,5,1
16,2718335,9,1
17,6141967,9,1
18,6307843,6,1
19,6014365,4,1
20,5947353,6,1
21,1340663,1,1
22,2106093,9,1
23,4370231,8,1
24,475511,12,1
25,2439039,12,1
26,3155541,9,1
27,33169,11,1
28,96036,9,1
29,1369990,2,1
30,5121237,9,1
31,2464229,3,1
32,1093907,8,1
33,3311384,1,1
34,4096952,11,1
35,207279,12,1
36,2999611,11,1
37,1328227,3,1
38,1601067,10,1
39,4516051,7,1
40,2145393,6,1
41,4982554,11,1
42,2979332,6,1
43,5014041,1,1
44,6081830,10,1
45,6308051,6,1
46,5856567,8,1
47,5432400,3,1
48,574493,11,1
49,4351884,12,1
50,2092543,5,1
51,4032055,8,1
52,147183,2,1
53,364733,5,1
54,6233204,10,1
55,466125,9,1
56,5078038,3,1
57,2233869,11,1
58,3354934,10,1
59,4938157,5,1
60,1397720,11,1
61,1477745,11,1
62,2243660,10,1
63,1736771,3,1
64,4546275,3,1
65,1709974,5,1
66,5257210,9,1
67,2840610,6,1
68,5860622,9,1
69,6195611,1,1
70,2910586,10,1
71,2350437,4,1
72,2385325,5,1
73,3032076,6,1
74,2752045,9,1
75,1801851,10,1
76,2081509,9,1
77,4022830,12,1
78,319307,10,1
79,3278942,5,1
80,5272161,9,1
81,2670013,4,1
82,700612,7,1
83,5480048,11,1
84,639772,12,1
85,6176047,10,1
86,5996893,8,1
87,4750003,11,1
88,3386999,10,1
89,6284810,11,1
90,948408,3,1
91,970403,1,1
92,5381265,12,1
93,3266429,12,1
94,4692350,12,1
95,435510,10,1
96,3091735,11,1
97,6442224,6,1
98,806932,9,1
99,4891823,10,1
100,4905652,10,1
101,4483839,10,1
102,5795026,12,1
103,2491263,9,1
104,4601117,12,1
105,2758468,6,1
106,3566744,7,1
107,1822213,4,1
108,5192706,5,1
109,5604753,3,1
110,5553341,10,1
111,6258800,1,1
112,3976278,9,1
113,3351762,10,1
114,3454553,12,1
115,3193240,10,1
116,2023292,1,1
117,4040489,3,1
118,5864344,9,1
119,2444218,5,1
120,2504523,4,1
121,6355376,5,1
122,71852,11,1
123,3068688,12,1
124,2624061,12,1
125,3543957,12,1
126,6278108,5,1
127,427566,6,1
128,2974455,3,1
129,1698135,12,1
130,6376710,4,1
131,494341,11,1
132,3170715,12,1
133,1372354,9,1
134,460774,2,1
135,3338602,1,1
136,1781712,5,1
137,812233,12,1
138,3127584,12,1
139,2600201,12,1
140,1872517,11,1
141,2458642,4,1
142,2882854,11,1
143,5051814,5,1
144,1548438,5,1
145,749233,10,1
146,2366892,10,1
147,4373030,4,1
148,4242259,11,1
149,2546056,10,1
150,2695754,10,1
151,4433623,10,1
152,4253187,9,1
153,4408843,9,1
154,4938518,10,1
155,6036135,10,1
156,3492983,12,1
157,1456143,8,1
158,141088,4,1
159,2302045,9,1
160,1457568,11,1
161,2925028,1,1
162,2269053,12,1
163,1502851,12,1
164,546733,8,1
165,4791266,12,1
166,1915112,10,1
167,3066281,8,1
168,5178863,11,1
169,1204273,10,1
170,3479505,11,1
171,5640462,4,1
172,2491609,12,1
173,1702854,9,1
174,3892112,10,1
175,4442713,9,1
176,744576,5,1
177,2099794,12,1
178,1163804,9,1
179,5383161,5,1
180,4531987,11,1
181,5199680,4,1
182,5141311,4,1
183,2116824,9,1
184,3518984,12,1
185,1502037,4,1
186,5969755,4,1
187,1974135,2,1
188,890618,12,1
189,3258903,5,1
190,5645441,9,1
191,4905376,12,1
192,5301167,4,1
193,6363590,9,1
194,3802744,6,1
195,5620635,9,1
196,1571369,9,1
197,6140348,9,1
198,1589302,4,1
199,570421,11,1
200,2140317,10,1
201,5416928,12,1
202,792991,3,1
203,4032439,3,1
204,2626939,12,1
205,804492,3,1
206,1246794,8,1
207,4129015,4,1
208,504294,3,1
209,67801,11,1
210,2910089,9,1
211,5311134,5,1
212,70103,10,1
213,475539,1,1
214,4620411,9,1
215,1848740,12,1
216,3621921,12,1
217,1133660,2,1
218,4741690,10,1
219,1393345,8,1
220,1060522,12,1
221,3395342,6,1
222,6495643,10,1
223,812601,11,1
224,753158,8,1
225,2525403,12,1
226,4329440,3,1
227,4287754,4,1
228,4256808,10,1
229,3196145,8,1
230,1695507,4,1
231,5307584,8,1
232,5081550,1,1
233,2848668,9,1
234,739886,6,1
235,488776,8,1
236,5609054,11,1
237,3948960,4,1
238,3451554,5,1
239,6224510,8,1
240,4159777,6,1
241,1736091,9,1
242,454302,11,1
243,786765,9,1
244,6381229,8,1
245,6262854,12,1
246,360708,8,1
247,3328385,8,1
248,4731466,1,1
249,2365089,10,1
250,2609633,10,1
251,3404639,10,1
252,615346,10,1
253,4719714,1,1
254,2612131,3,1
255,62338,12,1
256,1440856,11,1
257,6463676,9,1
258,3435750,1,1
259,3874991,9,1
260,5117113,1,1
261,6142168,11,1
262,3899121,12,1
263,5070680,12,1
264,5919541,6,1
265,546775,5,1
266,5694553,6,1
267,1843461,12,1
268,2292224,9,1
269,961227,10,1
270,1612410,7,1
271,6237840,11,1
272,4548348,5,1
273,1280583,10,1
274,2076842,7,1
275,5021903,2,1
276,6266325,1,1
277,6404195,7,1
278,995546,1,1
279,5605789,10,1
280,754147,6,1
281,2158118,9,1
282,6278662,8,1
283,2679500,1,1
284,4608537,11,1
285,2205017,5,1
286,2547609,3,1
287,2196027,9,1
288,3494053,10,1
289,627251,9,1
290,2095514,12,1
291,2789651,10,1
292,1535805,9,1
293,3321676,12,1
294,1459602,11,1
295,843427,9,1
296,4592036,9,1
297,1117104,12,1
298,5517394,11,1
299,2690306,3,1
300,2415791,9,1
301,6138860,9,1
302,4793432,10,1
303,2642336,1,1
304,5036261,12,1
305,3609162,9,1
306,3373415,9,1
307,19889,6,1
308,1948135,11,1
309,949506,5,1
310,4774971,9,1
311,3441143,10,1
312,3791104,6,1
313,4378600,12,1
314,3148259,6,1
315,69105,12,1
316,3071237,11,1
317,725727,11,1
318,747814,9,1
319,2223394,8,1
320,3892718,6,1
321,4861465,11,1
322,2533072,11,1
323,604116,6,1
324,2424966,11,1
325,3848208,9,1
326,1181046,12,1
327,112864,9,1
328,3651805,11,1
329,6345600,10,1
330,1766448,9,1
331,6459996,12,1
332,1520579,8,1
333,2602360,1,1
334,2263732,9,1
335,1562027,9,1
336,4721764,6,1
337,3137178,1,1
338,869424,6,1
339,2541039,11,1
340,3298181,12,1
341,2095212,9,1
342,3664110,10,1
343,2406521,12,1
344,1409471,4,1
345,4684875,6,1
346,3799877,5,1
347,2556918,3,1
348,4795482,10,1
349,5654275,4,1
350,5430423,1,1
351,4017723,1,1
352,1665491,9,1
353,4701291,8,1
354,2596330,6,1
355,6055389,10,1
356,4712836,8,1
357,4474851,10,1
358,3424220,7,1
359,1178870,12,1
360,1062303,12,1
361,4533233,12,1
362,1305099,11,1
363,5729212,10,1
364,5273523,11,1
365,3987157,3,1
366,5543517,5,1
367,2376994,12,1
368,4740320,7,1
369,694908,1,1
370,568358,11,1
371,1379966,6,1
372,4945064,5,1
373,6219105,11,1
374,5657828,12,1
375,4528911,10,1
376,3498432,11,1
377,3466934,10,1
378,801637,5,1
379,6439307,10,1
380,1818304,9,1
381,5844033,10,1
382,3079493,3,1
383,1928850,12,1
384,5448865,7,1
385,917822,10,1
386,2219282,5,1
387,3726566,6,1
388,3369220,9,1
389,4527954,1,1
390,2772468,3,1
391,4919713,8,1
392,1443076,9,1
393,404614,4,1
394,5846304,10,1
395,5480049,8,1
396,1331963,10,1
397,2716644,8,1
398,1935756,10,1
399,379340,12,1
400,2034452,12,1
401,2520051,9,1
402,723019,11,1
403,5602941,9,1
404,4728975,12,1
405,687726,12,1
406,3012532,9,1
407,992606,10,1
408,1020352,1,1
409,4058245,11,1
410,372660,1,1
411,5019213,6,1
412,750891,12,1
413,4558417,9,1
414,3115492,12,1
415,6218771,3,1
416,4218613,12,1
417,763690,12,1
418,69885,9,1
419,976764,8,1
420,1908332,9,1
421,5682977,4,1
422,5140999,11,1
423,6468165,8,1
424,3367310,4,1
425,1434990,11,1
426,1598912,9,1
427,5095052,12,1
428,4803505,9,1
429,2088911,7,1
430,5299460,7,1
431,460677,4,1
432,2583369,9,1
433,2961118,9,1
434,5660036,3,1
435,6075416,5,1
436,5268829,9,1
437,4246461,5,1
438,1605648,9,1
439,1314083,12,1
440,1169697,10,1
441,5494253,9,1
442,5154723,11,1
443,1255899,9,1
444,4140754,1,1
445,3631885,11,1
446,5604503,1,1
447,3516524,1,1
448,4928873,6,1
449,2857640,2,1
450,3741057,2,1
451,3453373,1,1
452,486424,10,1
453,3196901,10,1
454,4677592,10,1
455,1379119,1,1
456,5285045,10,1
457,3721756,10,1
458,5103613,5,1
459,441865,8,1
460,799022,9,1
461,3111026,5,1
462,3570636,5,1
463,2648541,10,1
464,1954053,12,1
465,1247932,5,1
466,5890238,5,1
467,1645200,10,1
468,6155217,9,1
469,408087,12,1
470,1930733,12,1
471,4998967,9,1
472,1469285,10,1
473,1853837,10,1
474,736100,8,1
475,4453642,5,1
476,2077665,10,1
477,6498783,1,1
478,4955752,10,1
479,838834,9,1
480,4012484,10,1
481,2520693,8,1
482,3063117,4,1
483,4035797,3,1
484,1641223,12,1
485,1826366,3,1
486,1476871,5,1
487,5688637,11,1
488,864024,12,1
489,182669,4,1
490,3973115,5,1
491,5092938,10,1
492,6215090,9,1
493,3915179,3,1
494,2195782,12,1
495,3859939,4,1
496,3659885,12,1
497,5665690,8,1
498,3957000,3,1
499,2991105,10,1
500,4564758,5,1
501,5603595,9,1
502,5162546,12,1
503,6220548,1,1
504,2797797,12,1
505,1088728,12,1
506,549724,11,1
507,5202311,9,1
508,5731361,10,1
509,4924190,10,1
510,6192304,8,1
511,776469,6,1
512,6411555,10,1
513,6300844,9,1
514,491601,12,1
515,627367,11,1
516,6233675,9,1
517,5332722,11,1
518,5318655,7,1
519,1502504,12,1
520,5880356,12,1
521,2905298,12,1
522,701309,4,1
523,3805576,12,1
524,2121417,12,1
525,3819405,12,1
526,5216829,5,1
527,250780,11,1
528,396899,10,1
529,2987945,11,1
530,3857353,10,1
531,1591144,1,1
532,3055779,6,1
533,5340613,8,1
534,1269426,9,1
535,5039060,8,1
536,1775857,7,1
537,3632442,8,1
538,3841223,4,1
539,4841726,12,1
540,5138416,5,1
541,5304568,12,1
542,2917593,8,1
543,732282,11,1
544,3924478,1,1
545,2184816,12,1
546,2348351,9,1
547,935843,9,1
548,6350727,5,1
549,4016259,12,1
550,747525,10,1
551,4242838,10,1
552,322218,5,1
553,4402526,12,1
554,3431364,5,1
555,2990746,8,1
556,5700786,10,1
557,6322847,5,1
558,1828780,9,1
559,3438265,9,1
560,2996334,12,1
561,888013,11,1
562,3227039,7,1
563,1553396,5,1
564,4996164,10,1
565,3741774,3,1
566,2876903,8,1
567,4256230,5,1
568,2695516,12,1
569,5019374,10,1
570,3764169,10,1
571,5012107,4,1
572,2676970,4,1
573,404479,9,1
574,465541,5,1
575,332451,12,1
576,6161670,6,1
577,3732525,6,1
578,1800273,12,1
579,6409773,11,1
580,2432288,11,1
581,3191799,11,1
582,2458213,9,1
583,597464,4,1
584,3588298,1,1
585,2521875,11,1
586,6473329,10,1
587,1007797,1,1
588,6370930,7,1
589,6486296,2,1
590,5020845,10,1
591,5071319,9,1
592,6343751,6,1
593,4350241,11,1
594,2832693,6,1
595,3582609,7,1
596,3107499,6,1
597,5685904,5,1
598,970264,1,1
599,6073671,10,1
600,3431521,5,1
601,4786683,4,1
602,1041658,9,1
603,5361527,12,1
604,3838853,7,1
605,5824379,2,1
606,2533760,9,1
607,3053610,1,1
608,3994019,11,1
609,1867936,8,1
610,1578082,10,1
611,361137,5,1
612,4495752,10,1
613,5953181,5,1
614,3186913,1,1
615,846084,8,1
616,5482056,11,1
617,4379256,4,1
618,973777,6,1
619,4200379,10,1
620,5477303,1,1
621,3492311,11,1
622,2545524,1,1
623,5037838,8,1
624,2602668,10,1
625,4419568,10,1
626,4649522,11,1
627,2407049,9,1
628,1518907,10,1
629,3960740,1,1
630,2639434,9,1
631,4227998,11,1
632,2520515,7,1
633,5116337,9,1
634,2153380,9,1
635,2455418,11,1
636,273351,10,1
637,3151007,11,1
638,33904,11,1
639,3720110,12,1
640,2179523,12,1
641,4718627,10,1
642,2060698,1,1
643,3306386,3,1
644,3532903,4,1
645,5166644,5,1
646,3544608,6,1
647,561619,4,1
648,6347052,10,1
649,6122206,1,2
650,5693249,12,2
651,884365,11,2
652,5740302,10,2
653,3196901,11,2
654,2680675,10,2
655,6463676,9,2
656,3347411,8,2
657,4742921,9,2
658,5270707,10,2
659,232866,3,2
660,5741400,2,2
661,5248442,11,2
662,2772468,8,2
663,2086516,8,2
664,2394356,9,2
665,2800695,12,2
666,3052981,4,2
667,3082413,12,2
668,1088728,9,2
669,467625,1,2
670,1434990,10,2
671,1117104,4,2
672,4546275,4,2
673,890618,7,2
674,2366892,9,2
675,6007013,11,2
676,2221039,9,2
677,4435947,12,2
678,1216821,10,2
679,2132674,1,2
680,4445026,5,2
681,2034452,9,2
682,1393345,8,2
683,2414859,11,2
684,5731361,1,2
685,4162257,1,2
686,2702202,1,2
687,4877232,12,2
688,3847300,1,2
689,364733,8,2
690,1093907,9,2
691,4035797,3,2
692,2541039,10,2
693,2552034,9,2
694,911098,5,2
695,1611688,4,2
696,2205017,10,2
697,5169214,7,2
698,6140348,10,2
699,5019374,9,2
700,1620477,6,2
701,1974135,5,2
702,2602668,10,2
703,5084127,12,2
704,2996334,12,2
705,3757706,8,2
706,1605648,4,2
707,1454100,10,2
708,5169851,3,2
709,6486296,3,2
710,1716912,3,2
711,3581894,11,2
712,4256230,12,2
713,2626971,5,2
714,5257210,12,2
715,3168425,10,2
716,4934328,5,2
717,3769909,11,2
718,3091950,9,2
719,4869809,11,2
720,3756494,9,2
721,4385640,9,2
722,1176519,4,2
723,4902409,5,2
724,5884692,12,2
725,627367,10,2
726,3408244,9,2
727,6004919,12,2
728,4766899,11,2
729,3876788,5,2
730,4701291,9,2
731,6022405,11,2
732,624973,11,2
733,1670891,6,2
734,4905652,10,2
735,2065409,6,2
736,147528,6,2
737,2578191,10,2
738,3066281,3,2
739,1520066,8,2
740,4977833,10,2
741,1507526,12,2
742,4408843,10,2
743,1007557,10,2
744,2536562,8,2
745,5654262,7,2
746,6234507,11,2
747,5716200,10,2
748,5947090,9,2
749,1412895,4,2
750,3357467,4,2
751,1025839,1,2
752,16953,8,2
753,1625791,12,2
754,3435750,2,2
755,1475618,3,2
756,3773828,11,2
757,5700786,12,2
758,3570636,8,2
759,3849448,6,2
760,354297,4,2
761,2359287,9,2
762,435510,10,2
763,666101,12,2
764,6133213,12,2
765,1448576,9,2
766,3492983,10,2
767,5070680,11,2
768,6343333,5,2
769,5704429,3,2
770,4037285,10,2
771,6379421,6,2
772,5258601,3,2
773,1669341,1,2
774,1613953,3,2
775,1516297,8,2
776,701309,9,2
777,4268871,6,2
778,4206148,12,2
779,3746090,11,2
780,3805154,6,2
781,5231308,11,2
782,5318655,11,2
783,3976278,9,2
784,404614,12,2
785,1702854,12,2
786,3153380,11,2
787,4485740,7,2
788,223511,10,2
789,1736771,7,2
790,1883734,1,2
791,2996936,12,2
792,1911133,1,2
793,723019,12,2
794,6073671,10,2
795,4945064,5,2
796,6468161,10,2
797,3621921,10,2
798,4489912,9,2
799,671908,11,2
800,2360662,9,2
801,5542285,10,2
802,3725158,10,2
803,2278479,12,2
804,3805576,1,2
805,6075416,3,2
806,5416928,5,2
807,2424966,12,2
808,4483839,9,2
809,5212164,11,2
810,1848740,12,2
811,5660036,1,2
812,5974410,10,2
813,5918165,4,2
814,1441176,9,2
815,5793579,6,2
816,2075896,10,2
817,2158118,9,2
818,2088911,11,2
819,1965484,8,2
820,5063803,9,2
821,4253187,12,2
822,974807,9,2
823,6224510,11,2
824,6089514,10,2
825,4097223,7,2
826,3354934,12,2
827,4391535,11,2
828,1066929,6,2
829,4266518,12,2
830,1816354,4,2
831,2961118,10,2
832,192539,10,2
833,1743549,6,2
834,1841705,4,2
835,4627144,7,2
836,3423875,10,2
837,5688637,12,2
838,2407049,11,2
839,1641223,12,2
840,2940613,9,2
841,5654275,3,2
842,562626,10,2
843,881824,5,2
844,63627,6,2
845,4880487,9,2
846,6068514,10,2
847,2952816,9,2
848,2166831,12,2
849,2600201,3,2
850,3258791,6,2
851,479669,12,2
852,1822213,3,2
853,6081830,9,2
854,1396298,2,2
855,3386999,10,2
856,6336464,5,2
857,1099697,5,2
858,1607546,2,2
859,1219434,9,2
860,2782931,10,2
861,3466934,10,2
862,6473281,10,2
863,475511,11,2
864,1108981,12,2
865,2048296,1,2
866,4012484,12,2
867,5493355,10,2
868,1612410,5,2
869,3809077,12,2
870,574205,4,2
871,1733752,9,2
872,2608378,12,2
873,5446996,10,2
874,4321276,6,2
875,5685904,7,2
876,4689303,11,2
877,4016259,10,2
878,1570606,12,2
879,3799877,8,2
880,6214309,11,2
881,2504523,8,2
882,1598912,12,2
883,4938157,3,2
884,694908,1,2
885,6215090,12,2
886,2366922,10,2
887,3766629,10,2
888,5645441,8,2
889,4277469,11,2
890,2985708,12,2
891,2206774,9,2
892,2232052,1,2
893,1119039,10,2
894,3424220,11,2
895,2876903,11,2
896,273351,8,2
897,3912753,9,2
898,518247,9,2
899,5381265,11,2
900,3438265,11,2
901,71580,6,2
902,1412878,4,2
903,250733,3,2
904,3149093,11,2
905,5897708,12,2
906,5032618,11,2
907,6014365,4,2
908,1707847,9,2
909,3131453,8,2
910,3899121,10,2
911,1520579,9,2
912,4959110,8,2
913,879308,12,2
914,1355182,8,2
915,4649438,10,2
916,6301218,12,2
917,2171709,9,2
918,3405541,5,2
919,2882854,9,2
920,641522,2,2
921,6300844,10,2
922,1305949,11,2
923,33904,12,2
924,5005869,4,2
925,1054311,12,2
926,149826,10,2
927,2127915,8,2
928,152911,3,2
929,2545524,1,2
930,4534006,9,2
931,2373712,11,2
932,5672800,5,2
933,6300073,3,2
934,5037838,6,2
935,2718335,11,2
936,1839568,9,2
937,5974603,3,2
938,5953181,10,2
939,1086492,12,2
940,3679148,9,2
941,1317300,10,2
942,1356361,11,2
943,3163587,9,2
944,3176443,6,2
945,1489505,12,2
946,6164510,4,2
947,247995,1,2
948,700612,10,2
949,3638097,9,2
950,4166868,7,2
951,5753368,11,2
952,210942,6,2
953,2974455,5,2
954,2243660,11,2
955,3308822,7,2
956,5680149,1,2
957,5729212,9,2
958,812601,10,2
959,2914933,1,2
960,6278108,11,2
961,3314121,9,2
962,2266969,6,2
963,3176384,1,2
964,1887150,10,2
965,4058245,8,2
966,3712065,10,2
967,1635501,3,2
968,2648541,11,2
969,3652043,9,2
970,2883981,2,2
971,1915112,11,2
972,343310,12,2
973,917822,12,2
974,5383161,5,2
975,2415791,12,2
976,4315327,6,2
977,1645200,5,2
978,6041753,8,2
979,2199292,10,2
980,4432918,12,2
981,4028688,6,2
982,948408,10,2
983,5132104,8,2
984,57859,10,2
985,4588724,11,2
986,22430,9,2
987,3616032,12,2
988,2174215,12,2
989,2839188,12,2
990,2023164,5,2
991,4187083,7,2
992,1083040,3,2
993,6252061,8,2
994,2695516,12,2
995,233700,6,2
996,2341382,3,2
997,4487540,11,2
998,3086550,8,2
999,407501,9,2
1000,5469266,12,2
1001,6293359,10,2
1002,1549718,10,2
1003,2314437,1,2
1004,3055779,6,2
1005,4329440,4,2
1006,5699908,6,2
1007,2376994,11,2
1008,3100855,1,2
1009,5657446,1,2
1010,1684292,11,2
1011,5071319,12,2
1012,1443076,8,2
1013,2463038,11,2
1014,1783169,10,2
1015,4209152,11,2
1016,2583369,6,2
1017,5992356,12,2
1018,786765,12,2
1019,1486470,5,2
1020,970403,9,2
1021,2774782,12,2
1022,3664863,12,2
1023,3892718,12,2
1024,2215156,6,2
1025,342011,8,2
1026,6347052,10,2
1027,3422530,4,2
1028,4200379,9,2
1029,2930815,5,2
1030,900820,12,2
1031,4750003,10,2
1032,1132010,8,2
1033,3999976,9,2
1034,752069,6,2
1035,3141073,9,2
1036,5628353,11,2
1037,4005757,4,2
1038,2348351,2,2
1039,4599139,10,2
1040,4522040,8,2
1041,172553,6,2
1042,205513,12,2
1043,4712836,12,2
1044,3721756,12,2
1045,1983541,10,2
1046,6439307,5,2
1047,5640462,7,2
1048,6473161,11,2
1049,648293,10,2
1050,2992096,7,2
1051,1048618,8,2
1052,2721822,1,2
1053,792991,1,2
1054,2120892,10,2
1055,2837685,1,2
1056,5439573,10,2
1057,3337421,9,2
1058,4863120,10,2
1059,1269887,11,2
1060,4651260,4,2
1061,173636,1,2
1062,3239456,8,2
1063,4998457,12,2
1064,70117,4,2
1065,5568223,12,2
1066,1800273,6,2
1067,4318647,11,2
1068,278889,6,2
1069,4017723,1,2
1070,3571583,10,2
1071,5553341,9,2
1072,1177539,2,2
1073,2299566,5,2
1074,205616,1,2
1075,541336,1,2
1076,3774824,1,2
1077,4032055,8,2
1078,6074295,12,2
1079,2520051,11,2
1080,2461531,11,2
1081,6208625,9,2
1082,5446413,4,2
1083,3373702,10,2
1084,1665491,10,2
1085,4762886,12,2
1086,2037116,6,2
1087,4474501,5,2
1088,6355376,12,2
1089,1930733,8,2
1090,3208825,7,2
1091,4325514,10,2
1092,3404639,12,2
1093,4608537,7,2
1094,886242,12,2
1095,3479505,12,2
1096,5361527,10,2
1097,639772,10,2
1098,169490,5,2
1099,6193664,2,2
1100,3443884,1,2
1101,6185141,3,2
1102,1933231,10,2
1103,321864,7,2
1104,3809721,1,2
1105,1356423,11,2
1106,804492,12,2
1107,71852,9,2
1108,3128366,3,2
1109,6396862,10,2
1110,722112,1,2
1111,4638791,1,2
1112,193339,12,2
1113,1598724,3,2
1114,3266829,9,2
1115,2661601,10,2
1116,5211818,11,2
1117,404479,4,2
1118,6173579,9,2
1119,4954550,6,2
1120,597622,9,2
1121,4793432,9,2
1122,1443901,11,2
1123,3647072,8,2
1124,5169740,1,2
1125,822361,10,2
1126,5604753,5,2
1127,2425020,12,2
1128,3221470,4,2
1129,5091774,7,2
1130,2353229,11,2
1131,5723060,3,2
1132,5444032,6,2
1133,1002429,1,2
1134,5136040,11,2
1135,3889415,4,2
1136,4902604,3,2
1137,4135807,3,2
1138,5177635,12,2
1139,4805576,4,2
1140,3527514,11,2
1141,992606,8,2
1142,409212,11,2
1143,2716644,5,2
1144,4128753,7,2
1145,5575237,8,2
1146,5043232,7,2
1147,1176263,10,2
1148,4181349,11,2
1149,561619,3,2
1150,2547609,6,2
1151,705422,10,2
1152,3685759,10,2
1153,6343751,11,2
1154,180305,10,2
1155,1557360,11,2
1156,3249107,6,2
1157,4123087,8,2
1158,4713670,10,2
1159,2797797,9,2
1160,250984,8,2
1161,4037574,6,2
1162,6343621,10,2
1163,4587958,7,2
1164,6324910,11,2
1165,4967145,4,2
1166,2122208,8,2
1167,1999392,12,2
1168,4240544,11,2
1169,1625319,6,2
1170,3732525,4,2
1171,420555,10,2
1172,4592315,4,2
1173,4613440,8,2
1174,2757947,9,2
1175,2344941,12,2
1176,5106035,12,2
1177,1535805,4,2
1178,3924478,1,2
1179,3516524,1,2
1180,5618647,11,2
1181,4707972,9,2
1182,4242838,11,2
1183,3578507,8,2
1184,1813236,1,2
1185,2521875,10,2
1186,4140754,1,2
1187,1169697,11,2
1188,2520515,9,2
1189,2943045,12,2
1190,4975631,9,2
1191,964643,1,2
1192,570421,9,2
1193,88290,10,2
1194,5381676,9,2
1195,70103,11,2
1196,3484551,11,2
1197,3698100,12,2
1198,4296773,1,2
1199,4774971,12,2
1200,750891,9,2
1201,1019515,10,2
1202,1909348,8,2
1203,3541800,8,2
1204,4332933,11,2
1205,5093888,10,2
1206,5470286,6,2
1207,4453642,11,2
1208,2568682,5,2
1209,4740320,8,2
1210,549724,12,2
1211,6079324,1,2
1212,4839843,1,2
1213,18274,4,2
1214,3412776,10,2
1215,5729297,10,2
1216,5957978,10,2
1217,3836231,9,2
1218,5401063,9,2
1219,2260612,12,2
1220,5432400,10,2
1221,4053938,12,2
1222,1492217,1,2
1223,4638798,9,2
1224,5117113,1,2
1225,5242669,11,2
1226,33169,10,2
1227,5480048,12,2
1228,5665690,8,2
1229,2455418,11,2
1230,3914978,9,2
1231,565234,10,2
1232,6283833,4,2
1233,2877249,10,2
1234,4414462,7,2
1235,5961733,3,2
1236,5448865,8,2
1237,476470,2,2
1238,934979,10,2
1239,31546,8,2
1240,4163869,1,2
1241,2014709,11,2
1242,5047894,7,2
1243,4031419,8,2
1244,2785750,9,2
1245,4341519,4,2
1246,614514,4,2
1247,1346446,12,2
1248,4680612,8,2
1249,1472087,9,2
1250,427566,12,2
1251,2711880,9,2
1252,2088391,11,2
1253,2462037,1,2
1254,2791203,6,2
1255,1392204,9,2
1256,726283,9,2
1257,864024,9,2
1258,3868076,8,2
1259,6133531,1,2
1260,6468165,6,2
1261,4066044,9,2
1262,2307466,1,2
1263,804235,5,2
1264,6018291,4,2
1265,2514905,9,2
1266,6045114,12,2
1267,1629880,11,2
1268,3945655,11,2
1269,5449550,1,2
1270,409258,12,2
1271,1928350,4,2
1272,3720110,5,2
1273,3193240,12,2
1274,4099040,2,2
1275,5140999,4,2
1276,4861465,8,2
1277,5603595,9,2
1278,5430423,1,2
1279,4906790,8,2
1280,5156561,9,2
1281,444403,12,2
1282,4516051,1,2
1283,5856567,5,2
1284,4928873,11,2
1285,2298423,7,2
1286,970264,9,2
1287,2883943,11,2
1288,801637,4,2
1289,2567361,7,2
1290,6139191,1,3
1291,1979904,10,3
1292,2791621,1,3
1293,5152889,3,3
1294,2633965,11,3
1295,592638,1,3
1296,2424966,11,3
1297,3584334,10,3
1298,4397186,1,3
1299,3111026,8,3
1300,2493923,9,3
1301,2962324,10,3
1302,2832693,6,3
1303,3196145,12,3
1304,427566,6,3
1305,2796050,8,3
1306,1963019,11,3
1307,1775857,11,3
1308,6132405,11,3
1309,1611812,8,3
1310,6355643,3,3
1311,5270707,12,3
1312,4099040,6,3
1313,6278662,3,3
1314,3866047,9,3
1315,1605648,9,3
1316,1983541,10,3
1317,4848798,9,3
1318,5070680,10,3
1319,3960740,1,3
1320,2458213,7,3
1321,6233675,9,3
1322,5969755,3,3
1323,3186913,1,3
1324,556350,4,3
1325,3208738,3,3
1326,2825544,11,3
1327,4474851,12,3
1328,1684292,10,3
1329,789183,1,3
1330,4474501,8,3
1331,5996893,4,3
1332,1911133,9,3
1333,1965484,11,3
1334,16347,3,3
1335,3319476,6,3
1336,2258298,1,3
1337,342011,3,3
1338,566210,9,3
1339,2014709,11,3
1340,879308,4,3
1341,1908332,6,3
1342,4283914,9,3
1343,3721756,9,3
1344,3588298,1,3
1345,2695516,8,3
1346,2514905,1,3
1347,1981231,11,3
1348,1757589,11,3
1349,4933263,4,3
1350,763690,12,3
1351,1788410,8,3
1352,3809721,11,3
1353,4958469,12,3
1354,5446413,3,3
1355,4904188,4,3
1356,2961189,11,3
1357,4159777,8,3
1358,6300844,9,3
1359,2225686,5,3
1360,2539395,1,3
1361,1480267,9,3
1362,267470,10,3
1363,6073671,10,3
1364,2615046,8,3
1365,5029170,12,3
1366,2504522,11,3
1367,3890388,12,3
1368,149826,10,3
1369,4370736,6,3
1370,2758468,4,3
1371,898943,11,3
1372,3469095,10,3
1373,2996334,9,3
1374,5043958,11,3
1375,4076087,12,3
1376,5824379,4,3
1377,3386838,10,3
1378,6032045,5,3
1379,3057454,3,3
1380,3498432,5,3
1381,4351884,12,3
1382,4183406,8,3
1383,4967145,10,3
1384,2943045,12,3
1385,2848668,10,3
1386,1262699,11,3
1387,907290,12,3
1388,1379352,11,3
1389,1697688,9,3
1390,226783,8,3
1391,4227998,12,3
1392,6375521,8,3
1393,489476,11,3
1394,3863882,10,3
1395,846084,9,3
1396,5745385,12,3
1397,2263732,9,3
1398,3785417,12,3
1399,3892718,6,3
1400,1841705,3,3
1401,4861465,12,3
1402,5695940,1,3
1403,5039060,10,3
1404,1866932,11,3
1405,4381138,9,3
1406,5965959,1,3
1407,3071237,12,3
1408,6111761,10,3
1409,3888154,10,3
1410,1352953,12,3
1411,1816354,5,3
1412,601769,10,3
1413,3257077,12,3
1414,804235,9,3
1415,3168823,4,3
1416,5699908,11,3
1417,3466934,10,3
1418,2589079,1,3
1419,2353229,12,3
1420,4319661,10,3
1421,4954550,4,3
1422,6265486,9,3
1423,1386924,10,3
1424,6208625,9,3
1425,5007829,3,3
1426,4181349,7,3
1427,3118979,2,3
1428,2886052,11,3
1429,1239096,9,3
1430,4489912,10,3
1431,1454100,10,3
1432,6492339,11,3
1433,4325514,8,3
1434,2432288,10,3
1435,1259576,3,3
1436,4680612,11,3
1437,5961733,7,3
1438,970264,4,3
1439,6379421,7,3
1440,4649522,3,3
1441,2023292,1,3
1442,1620477,6,3
1443,4998457,10,3
1444,2336058,3,3
1445,3720110,9,3
1446,3086550,12,3
1447,6079324,1,3
1448,644636,1,3
1449,4187087,3,3
1450,6384003,6,3
1451,5489522,3,3
1452,4613440,9,3
1453,3354934,6,3
1454,1724302,9,3
1455,5928809,1,3
1456,1800273,4,3
1457,3616032,9,3
1458,5844033,6,3
1459,3674278,1,3
1460,3422530,10,3
1461,989099,6,3
1462,2648541,11,3
1463,2537373,3,3
1464,4982554,9,3
1465,2491609,11,3
1466,6022405,1,3
1467,2099794,12,3
1468,3622526,11,3
1469,4756460,1,3
1470,4487540,8,3
1471,476470,9,3
1472,5387176,11,3
1473,3454553,10,3
1474,5609054,11,3
1475,3746090,9,3
1476,5268829,9,3
1477,1116728,12,3
1478,5854822,10,3
1479,5660189,5,3
1480,3589936,10,3
1481,1218865,11,3
1482,4531449,9,3
1483,6076264,1,3
1484,2778402,9,3
1485,2265260,1,3
1486,5233125,10,3
1487,2366892,11,3
1488,241033,1,3
1489,4031419,11,3
1490,6057906,12,3
1491,5361527,11,3
1492,4066044,12,3
1493,3086041,1,3
1494,6215090,10,3
1495,1905773,10,3
1496,135635,10,3
1497,1618024,9,3
1498,1933231,10,3
1499,6473329,11,3
1500,2095514,11,3
1501,5620635,3,3
1502,5192706,3,3
1503,1372354,10,3
1504,2568682,10,3
1505,139954,12,3
1506,1163804,12,3
1507,6004919,9,3
1508,5704429,11,3
1509,5333794,8,3
1510,543404,6,3
1511,4268871,6,3
1512,3091735,10,3
1513,4242259,12,3
1514,4380010,6,3
1515,1698135,7,3
1516,57274,12,3
1517,4879685,9,3
1518,3570636,8,3
1519,1114477,12,3
1520,5635947,1,3
1521,2547609,3,3
1522,3285455,11,3
1523,2910586,9,3
1524,3351762,12,3
1525,5654262,9,3
1526,1443076,8,3
1527,3905760,10,3
1528,2174215,9,3
1529,491612,11,3
1530,4720515,9,3
1531,1336204,11,3
1532,1132010,3,3
1533,4032439,10,3
1534,3659885,5,3
1535,6307456,1,3
1536,3923276,12,3
1537,656095,12,3
1538,2710569,12,3
1539,4638798,6,3
1540,5284217,9,3
1541,4723435,5,3
1542,758615,12,3
1543,380178,11,3
1544,4713670,10,3
1545,6053580,4,3
1546,1074560,9,3
1547,830424,5,3
1548,5084127,12,3
1549,743790,11,3
1550,639772,7,3
1551,2269053,4,3
1552,1379119,1,3
1553,1353588,4,3
1554,2533760,9,3
1555,5793579,10,3
1556,2504523,12,3
1557,6336464,9,3
1558,2570024,1,3
1559,5947808,9,3
1560,1896272,9,3
1561,33904,8,3
1562,3395004,9,3
1563,6161670,6,3
1564,3012678,7,3
1565,3498572,10,3
1566,6003919,5,3
1567,282953,4,3
1568,5887730,9,3
1569,5979444,10,3
1570,3386999,12,3
1571,701309,8,3
1572,4677592,12,3
1573,5050748,11,3
1574,932111,4,3
1575,2974455,4,3
1576,2785750,8,3
1577,2772468,3,3
1578,4308495,9,3
1579,2711880,10,3
1580,3423875,12,3
1581,2507895,10,3
1582,4791266,8,3
1583,1548166,9,3
1584,1738208,11,3
1585,4793432,8,3
1586,3441769,9,3
1587,6468165,12,3
1588,1560393,8,3
1589,5332722,8,3
1590,276917,12,3
1591,5095052,12,3
1592,1060522,11,3
1593,3809077,12,3
1594,4759762,1,3
1595,1007557,10,3
1596,4402112,12,3
1597,4405311,1,3
1598,2545524,1,3
1599,5416928,10,3
1600,114813,3,3
1601,4934328,9,3
1602,3868076,7,3
1603,1587113,12,3
1604,4805576,3,3
1605,4747135,1,3
1606,2127915,9,3
1607,5602879,9,3
1608,2782931,5,3
1609,3960699,2,3
1610,5019374,2,3
1611,2196027,11,3
1612,869424,12,3
1613,3435750,1,3
1614,2702202,1,3
1615,3999790,6,3
1616,3016643,9,3
1617,1695507,11,3
1618,3153380,6,3
1619,3838853,3,3
1620,4959110,5,3
1621,804492,9,3
1622,2266969,11,3
1623,5815215,9,3
1624,2925028,1,3
1625,2439039,12,3
1626,2344941,8,3
1627,6308051,6,3
1628,3966323,11,3
1629,574205,12,3
1630,6442680,9,3
1631,4240552,9,3
1632,2307466,10,3
1633,581101,4,3
1634,4123087,3,3
1635,5322054,4,3
1636,2023164,5,3
1637,647253,5,3
1638,3221470,12,3
1639,4370231,6,3
1640,3024785,4,3
1641,1699767,3,3
1642,3404639,9,3
1643,1743549,11,3
1644,442047,8,3
1645,2533072,6,3
1646,3619997,8,3
1647,4422413,10,3
1648,1357167,9,3
1649,5564655,10,3
1650,349116,5,3
1651,5487067,8,3
1652,704502,1,3
1653,1915112,11,3
1654,428886,11,3
1655,1507526,12,3
1656,1246794,10,3
1657,5149816,9,3
1658,5672800,4,3
1659,885039,10,3
1660,2048296,12,3
1661,4442713,8,3
1662,1041658,11,3
1663,1909348,9,3
1664,1570606,9,3
1665,2458642,11,3
1666,4202811,9,3
1667,6142168,5,3
1668,4221359,1,3
1669,5520467,12,3
1670,5073558,11,3
1671,2800695,9,3
1672,5567351,1,3
1673,106348,11,3
1674,541336,9,3
1675,620488,3,3
1676,1476871,10,3
1677,3924478,4,3
1678,2883981,7,3
1679,6302231,7,3
1680,5043232,11,3
1681,6318793,8,3
1682,6459996,12,3
1683,2248119,10,3
1684,4861276,11,3
1685,750891,8,3
1686,467625,1,3
1687,3099346,12,3
1688,2846147,11,3
1689,3367310,4,3
1690,2073937,1,3
1691,4601117,11,3
1692,3201009,12,3
1693,282435,10,3
1694,723019,4,3
1695,949506,4,3
1696,327221,12,3
1697,4588724,10,3
1698,4682119,10,3
1699,4421443,3,3
1700,864024,9,3
1701,1151416,12,3
1702,1629880,11,3
1703,4329440,8,3
1704,4924190,10,3
1705,2110687,6,3
1706,1733752,12,3
1707,407501,5,3
1708,76815,10,3
1709,4408609,12,3
1710,3193240,12,3
1711,5223564,11,3
1712,5348277,6,3
1713,5216829,1,3
1714,4096952,8,3
1715,4546275,4,3
1716,2583369,7,3
1717,5795026,9,3
1718,5200608,3,3
1719,5381676,4,3
1720,739886,6,3
1721,354297,6,3
1722,822361,1,3
1723,5092938,11,3
1724,3938245,12,3
1725,5091774,3,3
1726,3494787,11,3
1727,974807,10,3
1728,71852,11,3
1729,5126285,6,3
1730,5110405,12,3
1731,4828858,11,3
1732,5262746,10,3
1733,4906790,9,3
1734,4495752,4,3
1735,709060,9,3
1736,1808600,2,3
1737,3447003,8,3
1738,2723719,1,3
1739,4256230,10,3
1740,5903151,11,3
1741,2450561,7,3
1742,3373646,12,3
1743,3258791,8,3
1744,1740806,5,3
1745,5304568,12,3
1746,5037838,6,3
1747,3805576,11,3
1748,205616,3,3
1749,5654275,3,3
1750,3466183,8,3
1751,2461531,5,3
1752,5974410,6,3
1753,404614,6,3
1754,4698568,6,3
1755,716640,2,3
1756,5169851,4,3
1757,884365,11,3
1758,6345600,10,3
1759,191444,6,3
1760,3209387,11,3
1761,1964150,1,3
1762,5213417,12,3
1763,3133864,5,3
1764,3121724,1,3
1765,444403,12,3
1766,2541039,12,3
1767,5716200,4,3
1768,2520515,8,3
1769,5493355,4,3
1770,4587958,12,3
1771,5019213,1,3
1772,3208825,1,3
1773,3314672,10,3
1774,5156960,2,3
1775,1337333,11,3
1776,3141073,9,3
1777,2716644,4,3
1778,3851853,8,3
1779,4040489,7,3
1780,3849448,10,3
1781,2455418,11,3
1782,4978183,11,3
1783,2987945,5,3
1784,6498060,8,3
1785,627367,10,3
1786,1282976,10,3
1787,5311134,3,3
1788,3531154,5,3
1789,3915179,7,3
1790,5011227,3,3
1791,2549404,10,3
1792,4786518,6,3
1793,2495289,10,3
1794,3067775,12,3
1795,5614268,8,3
1796,3423422,9,3
1797,970403,1,3
1798,1810856,7,3
1799,2044736,4,3
1800,2340935,9,3
1801,3994019,10,3
1802,4299666,10,3
1803,4128753,11,3
1804,5618647,10,3
1805,2199453,11,3
1806,5527427,9,3
1807,2314437,3,3
1808,4721764,11,3
1809,2088911,9,3
1810,5731361,1,3
1811,5430423,1,3
1812,2298378,1,3
1813,4612202,10,3
1814,4688077,11,3
1815,2752045,8,3
1816,6414264,12,3
1817,5958481,11,3
1818,6473161,12,3
1819,5685904,3,3
1820,3718243,7,3
1821,4017723,1,3
1822,6402765,9,3
1823,4410798,11,3
1824,1020352,7,3
1825,3889415,4,3
1826,257630,9,3
1827,5860622,2,3
1828,3191799,11,3
1829,614514,10,3
1830,5020845,11,3
1831,1268530,7,3
1832,2145393,3,3
1833,2517554,12,3
1834,1013497,1,3
1835,4651260,4,3
1836,5397313,6,3
1837,6429799,9,3
1838,353751,6,3
1839,3819405,12,3
1840,4564758,9,3
1841,1781712,12,3
1842,3213014,11,3
1843,689092,1,3
1844,172553,3,3
1845,722112,1,3
1846,3677247,11,3
1847,3107499,5,3
1848,2552034,12,3
1849,5736629,1,3
1850,5121237,9,3
1851,6446416,12,3
1852,1516297,5,3
1853,232866,1,3
1854,5257210,11,3
1855,4669998,1,3
1856,4329739,12,3
1857,5311363,3,3
1858,1191990,9,3
1859,5301682,5,3
1860,2396282,11,3
1861,3647053,12,3
1862,3741774,10,3
1863,961227,10,3
1864,1658533,8,3
1865,2140317,6,3
1866,945607,9,3
1867,1088728,12,3
1868,4000125,5,3
1869,193339,10,3
1870,3957800,3,3
1871,2337536,12,3
1872,6045114,6,3
1873,3899121,8,3
1874,5287474,12,3
1875,1356423,6,3
1876,3668699,6,3
1877,1928850,3,3
1878,2994614,4,3
1879,1283336,3,3
1880,5753368,4,3
1881,404479,2,3
1882,917822,7,3
1883,6201831,9,3
1884,273351,10,3
1885,1117104,10,3
1886,1434722,9,3
1887,5591436,6,3
1888,4925209,9,3
1889,6293729,6,3
1890,6018776,12,3
1891,4550237,9,3
1892,4849056,5,3
1893,801637,11,3
1894,3728627,11,3
1895,2267460,9,3
1896,2469046,10,3
1897,5062855,11,3
1898,2535103,6,3
1899,1028456,9,3
1900,3275362,4,3
1901,3251181,5,3
1902,250780,12,4
1903,561619,5,4
1904,5635947,1,4
1905,2881730,9,4
1906,568703,2,4
1907,3725158,11,4
1908,5019374,8,4
1909,4379911,3,4
1910,948408,8,4
1911,3892986,6,4
1912,898943,9,4
1913,4613440,9,4
1914,3091735,6,4
1915,354426,12,4
1916,353048,8,4
1917,6283833,1,4
1918,4805576,2,4
1919,4486163,10,4
1920,6336464,12,4
1921,3193240,9,4
1922,4127779,12,4
1923,5795026,12,4
1924,568358,12,4
1925,2353229,9,4
1926,67801,6,4
1927,881824,9,4
1928,1007557,10,4
1929,842523,7,4
1930,6432378,7,4
1931,5253238,7,4
1932,1340663,1,4
1933,1379119,1,4
1934,4958469,6,4
1935,3176443,9,4
1936,2843464,8,4
1937,2584956,5,4
1938,2019978,9,4
1939,3091854,9,4
1940,4436342,4,4
1941,2582939,3,4
1942,5290043,12,4
1943,3344933,6,4
1944,6014365,4,4
1945,4408609,11,4
1946,1048618,12,4
1947,626746,10,4
1948,4053938,12,4
1949,2996936,11,4
1950,4135807,4,4
1951,6208625,8,4
1952,3181873,12,4
1953,2741667,5,4
1954,5158533,1,4
1955,128550,12,4
1956,3877388,11,4
1957,6283998,9,4
1958,2568682,5,4
1959,6345600,3,4
1960,2558765,5,4
1961,4938704,6,4
1962,3588298,8,4
1963,739886,12,4
1964,3078432,1,4
1965,5762286,9,4
1966,5851561,1,4
1967,1169198,6,4
1968,4474851,11,4
1969,5532818,11,4
1970,5473739,1,4
1971,3902193,8,4
1972,2319160,3,4
1973,3337421,8,4
1974,3987157,9,4
1975,1908332,10,4
1976,3053610,5,4
1977,995546,3,4
1978,1516297,5,4
1979,1303274,1,4
1980,215079,8,4
1981,5418915,9,4
1982,172553,11,4
1983,2140317,7,4
1984,3703447,12,4
1985,4966537,9,4
1986,4370231,6,4
1987,5919160,10,4
1988,2336058,4,4
1989,4564758,1,4
1990,641522,1,4
1991,1328227,12,4
1992,5169851,4,4
1993,701309,11,4
1994,2153380,10,4
1995,518247,9,4
1996,4880487,10,4
1997,1999392,9,4
1998,3024785,5,4
1999,1965484,9,4
2000,4745256,1,4
2001,637067,9,4
2002,2602668,11,4
2003,5729212,10,4
2004,6498783,1,4
2005,2366892,9,4
2006,2307466,7,4
2007,5224668,11,4
2008,5958481,9,4
2009,6245238,2,4
2010,618667,10,4
2011,4355443,6,4
2012,1689467,11,4
2013,2832693,12,4
2014,343310,4,4
2015,2648541,12,4
2016,2596330,8,4
2017,6003919,10,4
2018,4967759,12,4
2019,5887730,10,4
2020,319307,8,4
2021,4076087,6,4
2022,2999611,10,4
2023,1015199,9,4
2024,4938518,10,4
2025,6161670,8,4
2026,1629880,11,4
2027,6403604,11,4
2028,3863135,9,4
2029,6073671,5,4
2030,4769999,10,4
2031,4350241,1,4
2032,461181,9,4
2033,3208964,11,4
2034,3847910,4,4
2035,5734879,9,4
2036,1562027,10,4
2037,1656539,10,4
2038,2263732,9,4
2039,4588724,11,4
2040,3811720,6,4
2041,3710206,3,4
2042,2570344,4,4
2043,3616232,11,4
2044,1114477,9,4
2045,2013154,5,4
2046,4967145,4,4
2047,76815,10,4
2048,2561405,9,4
2049,570421,12,4
2050,57859,6,4
2051,2158118,10,4
2052,4000125,1,4
2053,5116337,10,4
2054,5864344,9,4
2055,3902393,11,4
2056,1246794,12,4
2057,200655,9,4
2058,300489,8,4
2059,2174545,11,4
2060,341740,6,4
2061,4650862,10,4
2062,5287474,3,4
2063,1357167,9,4
2064,3899121,5,4
2065,4187083,7,4
2066,6296210,9,4
2067,1954053,9,4
2068,3960699,10,4
2069,3931683,1,4
2070,3712065,10,4
2071,4091655,9,4
2072,2260612,12,4
2073,4329739,4,4
2074,420555,12,4
2075,1598724,8,4
2076,2992096,10,4
2077,2199453,12,4
2078,4408843,3,4
2079,5006763,8,4
2080,5070680,10,4
2081,4692350,11,4
2082,4825782,10,4
2083,5753368,11,4
2084,1816354,12,4
2085,1283336,3,4
2086,5021903,11,4
2087,2838487,3,4
2088,2668469,10,4
2089,3538066,9,4
2090,5815215,10,4
2091,3386999,10,4
2092,1911133,2,4
2093,1589302,2,4
2094,970403,1,4
2095,3566744,1,4
2096,1861508,9,4
2097,2665775,10,4
2098,2048296,10,4
2099,1570606,12,4
2100,2340935,10,4
2101,2758468,12,4
2102,7366,10,4
2103,5313174,6,4
2104,6252061,10,4
2105,210942,5,4
2106,4531449,9,4
2107,1730184,5,4
2108,4969125,5,4
2109,3616032,11,4
2110,2753239,4,4
2111,2552034,9,4
2112,6220548,1,4
2113,989099,9,4
2114,3524399,8,4
2115,135635,10,4
2116,6450503,6,4
2117,372660,1,4
2118,3359270,11,4
2119,2102413,12,4
2120,5736629,1,4
2121,5231308,5,4
2122,5439573,10,4
2123,428886,10,4
2124,5672800,10,4
2125,1876570,2,4
2126,5154723,8,4
2127,5884692,1,4
2128,5012107,3,4
2129,6463676,3,4
2130,3055779,11,4
2131,276955,12,4
2132,2035837,1,4
2133,4379256,4,4
2134,779092,10,4
2135,4315327,6,4
2136,4166868,1,4
2137,232866,11,4
2138,3201009,8,4
2139,5494991,5,4
2140,5081550,1,4
2141,709060,11,4
2142,4191161,11,4
2143,3016643,6,4
2144,3766629,11,4
2145,139954,11,4
2146,998703,11,4
2147,6141967,9,4
2148,3489743,12,4
2149,5416928,1,4
2150,5085690,11,4
2151,191145,3,4
2152,2800695,9,4
2153,5121473,1,4
2154,3574092,3,4
2155,2974455,4,4
2156,1981231,11,4
2157,1412878,4,4
2158,223511,9,4
2159,5126285,8,4
2160,4206148,11,4
2161,330002,5,4
2162,4126815,3,4
2163,1507526,10,4
2164,1083879,9,4
2165,5480048,11,4
2166,4747135,3,4
2167,404479,1,4
2168,574205,11,4
2169,5529636,1,4
2170,3769909,10,4
2171,5011227,9,4
2172,3425934,9,4
2173,2517554,9,4
2174,6343333,10,4
2175,726283,10,4
2176,6237840,11,4
2177,321864,6,4
2178,2326213,12,4
2179,5969755,7,4
2180,578015,9,4
2181,2424966,10,4
2182,1151416,12,4
2183,2702202,9,4
2184,3346433,4,4
2185,3021471,12,4
2186,2757947,9,4
2187,6302231,11,4
2188,5889375,6,4
2189,5149816,11,4
2190,1974135,11,4
2191,5387176,3,4
2192,4791266,12,4
2193,974807,9,4
2194,4975631,11,4
2195,3052981,4,4
2196,1163804,10,4
2197,1239096,12,4
2198,3086550,9,4
2199,3134456,12,4
2200,5307584,6,4
2201,6176047,12,4
2202,3032076,6,4
2203,4928873,10,4
2204,4799330,11,4
2205,1282302,1,4
2206,4729899,11,4
2207,1429675,2,4
2208,2095514,10,4
2209,6319880,5,4
2210,5764435,11,4
2211,3519251,9,4
2212,1074560,6,4
2213,822361,10,4
2214,6116428,9,4
2215,2088911,8,4
2216,33169,10,4
2217,5082762,6,4
2218,6138860,12,4
2219,5095052,11,4
2220,1352099,5,4
2221,1080550,11,4
2222,4982554,2,4
2223,4649438,9,4
2224,2407049,12,4
2225,801637,8,4
2226,2752045,9,4
2227,5212164,8,4
2228,4198862,1,4
2229,112864,11,4
2230,2839188,10,4
2231,2785750,8,4
2232,2538894,6,4
2233,5084127,9,4
2234,4091305,2,4
2235,4623748,5,4
2236,2782931,5,4
2237,5122627,10,4
2238,4453642,10,4
2239,1181046,4,4
2240,6132405,10,4
2241,6043476,12,4
2242,5032618,8,4
2243,3594203,9,4
2244,227323,11,4
2245,562626,10,4
2246,487753,10,4
2247,6265486,10,4
2248,3338602,1,4
2249,442413,11,4
2250,2956344,6,4
2251,6018776,11,4
2252,2455418,11,4
2253,273351,10,4
2254,4400775,12,4
2255,3328385,8,4
2256,409258,10,4
2257,207279,10,4
2258,3238282,1,4
2259,2723719,2,4
2260,4022830,6,4
2261,3981732,9,4
2262,3582609,6,4
2263,2432288,5,4
2264,5640462,10,4
2265,964643,10,4
2266,573527,8,4
2267,1443901,6,4
2268,4154344,9,4
2269,4464386,6,4
2270,4795482,9,4
2271,524023,8,4
2272,2077786,7,4
2273,1315890,9,4
2274,3888154,8,4
2275,2077665,9,4
2276,3403677,8,4
2277,5788746,11,4
2278,2537373,10,4
2279,1099697,9,4
2280,3213014,9,4
2281,4400489,3,4
2282,3668699,11,4
2283,1062303,10,4
2284,6215090,10,4
2285,1404299,9,4
2286,4307618,1,4
2287,1083040,10,4
2288,1520579,11,4
2289,5270707,9,4
2290,2458213,9,4
2291,1637765,8,4
2292,3772323,10,4
2293,4595078,2,4
2294,19889,9,4
2295,2406521,9,4
2296,282953,5,4
2297,2482340,12,4
2298,2843297,4,4
2299,2258298,1,4
2300,1013497,3,4
2301,5852494,12,4
2302,3531154,3,4
2303,3405541,11,4
2304,6300844,4,4
2305,62338,12,4
2306,3685484,4,4
2307,5493355,9,4
2308,2840610,4,4
2309,233960,10,4
2310,2461531,1,4
2311,4140754,1,4
2312,879308,1,4
2313,1853021,11,4
2314,4773640,9,4
2315,2121782,11,4
2316,3892112,10,4
2317,2376994,10,4
2318,3388074,9,4
2319,5602879,9,4
2320,3541800,11,4
2321,2314437,3,4
2322,5517394,10,4
2323,3447003,12,4
2324,5171771,12,4
2325,4922879,12,4
2326,4437990,6,4
2327,2376930,6,4
2328,767384,4,4
2329,4811663,10,4
2330,3880587,6,4
2331,615346,4,4
2332,6230111,9,4
2333,2269053,5,4
2334,821158,5,4
2335,1397720,12,4
2336,4808473,1,4
2337,1356423,12,4
2338,4638798,9,4
2339,3728627,10,4
2340,532245,4,4
2341,1476871,10,4
2342,5992937,5,4
2343,1665491,9,4
2344,4375127,9,4
2345,4023762,1,4
2346,4253187,11,4
2347,961227,9,4
2348,905005,10,4
2349,2343504,8,4
2350,1963019,10,4
2351,4158394,9,4
2352,5992356,8,4
2353,3647053,1,4
2354,2174215,12,4
2355,1549718,10,4
2356,467625,1,4
2357,6473329,10,4
2358,4721764,11,4
2359,6473161,12,4
2360,3857353,10,4
2361,4905376,9,4
2362,6347052,5,4
2363,1804922,1,4
2364,427566,3,4
2365,1129583,10,4
2366,4179514,12,4
2367,3186913,1,4
2368,3347411,9,4
2369,90861,2,4
2370,5695940,1,4
2371,3367310,4,4
2372,6244951,1,4
2373,2077125,2,4
2374,45025,12,4
2375,5604753,5,4
2376,4838460,10,4
2377,3395004,12,4
2378,167634,1,4
2379,1398788,10,4
2380,2520051,5,4
2381,5888215,1,4
2382,2145393,4,4
2383,1848740,11,4
2384,5243680,1,4
2385,1054311,9,4
2386,2615046,4,4
2387,4341143,10,4
2388,3788288,5,4
2389,3664482,5,4
2390,3091950,10,4
2391,1851469,4,4
2392,2633483,5,4
2393,2521155,9,4
2394,353751,9,4
2395,1475618,1,4
2396,755414,5,4
2397,3809077,9,4
2398,2837685,1,4
2399,5215056,12,4
2400,1261236,12,4
2401,4649292,6,4
2402,5170983,1,4
2403,5381676,4,4
2404,2166831,12,4
2405,3435750,1,4
2406,2521875,9,4
2407,2054613,6,4
2408,3892718,6,4
2409,6024083,9,4
2410,2546056,10,4
2411,181809,12,4
2412,2460265,6,4
2413,5699908,9,4
2414,3718243,9,4
2415,5029170,8,4
2416,3402470,11,4
2417,3847300,1,4
2418,1360947,5,4
2419,2058754,6,4
2420,949506,5,4
2421,5575237,12,4
2422,5425354,9,4
2423,455195,6,4
2424,2396282,3,4
2425,106348,12,4
2426,1625319,6,4
2427,1665863,9,4
2428,1125899,3,4
2429,2721822,10,4
2430,494341,12,4
2431,776469,10,4
2432,5974603,3,4
2433,2700200,10,4
2434,1434990,12,4
2435,3849448,9,4
2436,5156960,3,4
2437,6322847,3,4
2438,1392204,3,4
2439,1690106,10,4
2440,5854822,9,4
2441,5051814,4,4
2442,3111830,6,4
2443,4419568,9,4
2444,3887839,10,4
2445,4902604,10,4
2446,3006963,11,4
2447,2299074,4,4
2448,2962324,8,4
2449,804492,4,4
2450,2848668,10,4
2451,6045114,10,4
2452,730883,9,4
2453,2291667,12,4
2454,3726566,1,4
2455,2778402,3,4
2456,812601,3,4
2457,3454553,5,4
2458,5417751,5,4
2459,2495289,6,4
2460,5257079,9,4
2461,4742921,9,4
2462,5036261,5,4
2463,1905381,9,4
2464,4321276,11,4
2465,3784555,8,4
2466,4934328,12,4
2467,2219282,12,4
2468,3128366,4,4
2469,6014638,11,4
2470,3100855,8,4
2471,6111761,5,4
2472,444403,6,4
2473,2436592,1,4
2474,4891823,8,4
2475,5794156,1,5
2476,5593679,12,5
2477,3956558,5,5
2478,3836231,11,5
2479,1456382,9,5
2480,1379119,3,5
2481,1476650,9,5
2482,198332,9,5
2483,4954550,4,5
2484,1882424,6,5
2485,5489522,9,5
2486,4315327,6,5
2487,3847479,9,5
2488,943197,12,5
2489,2048296,1,5
2490,592406,12,5
2491,3402470,4,5
2492,4405311,1,5
2493,2269053,11,5
2494,428886,9,5
2495,6066457,11,5
2496,4056733,10,5
2497,3264921,6,5
2498,57859,12,5
2499,5992276,11,5
2500,4022830,12,5
2501,149826,4,5
2502,1872517,8,5
2503,3863985,2,5
2504,3354934,1,5
2505,2823351,11,5
2506,6128090,8,5
2507,2843297,8,5
2508,4240544,10,5
2509,218612,9,5
2510,1608708,6,5
2511,3635202,12,5
2512,716640,10,5
2513,5473739,9,5
2514,6215090,9,5
2515,2318574,11,5
2516,3100855,5,5
2517,3589936,4,5
2518,864024,6,5
2519,369293,3,5
2520,4719714,1,5
2521,4828858,10,5
2522,2999611,12,5
2523,551119,5,5
2524,701309,5,5
2525,1412878,3,5
2526,5742254,4,5
2527,3694755,10,5
2528,2610133,3,5
2529,2956344,10,5
2530,4544513,11,5
2531,3152135,8,5
2532,5992339,5,5
2533,2088391,3,5
2534,5134676,9,5
2535,2732176,10,5
2536,3359270,1,5
2537,2421925,11,5
2538,5729785,10,5
2539,945607,9,5
2540,5140999,9,5
2541,726283,10,5
2542,2236156,12,5
2543,958701,3,5
2544,4595078,3,5
2545,2461531,1,5
2546,2469046,9,5
2547,3249107,5,5
2548,6498783,1,5
2549,618684,7,5
2550,1702854,12,5
2551,3143429,12,5
2552,4438053,3,5
2553,5224668,12,5
2554,6109293,3,5
2555,4742921,9,5
2556,3805154,6,5
2557,90861,6,5
2558,1270187,11,5
2559,3447003,10,5
2560,3973115,10,5
2561,427566,12,5
2562,6052644,4,5
2563,2825544,12,5
2564,3134456,10,5
2565,489476,11,5
2566,3623681,5,5
2567,736100,8,5
2568,2121417,11,5
2569,779006,12,5
2570,282953,11,5
2571,5332722,7,5
2572,5520467,12,5
2573,6161670,6,5
2574,5084127,8,5
2575,5654275,1,5
2576,2846147,10,5
2577,2014709,11,5
2578,3404639,11,5
2579,793889,12,5
2580,3332429,1,5
2581,1853021,10,5
2582,3423422,12,5
2583,3752851,4,5
2584,4876304,1,5
2585,3349451,1,5
2586,5494253,11,5
2587,1516297,12,5
2588,4682119,9,5
2589,6431772,6,5
2590,2517554,8,5
2591,1398788,9,5
2592,5699908,6,5
2593,4487540,8,5
2594,5213417,10,5
2595,1002429,1,5
2596,3923276,12,5
2597,6004919,10,5
2598,3877388,12,5
2599,1031850,9,5
2600,2843464,11,5
2601,4025929,3,5
2602,3674968,11,5
2603,955831,9,5
2604,5290043,10,5
2605,4902409,10,5
2606,4861465,10,5
2607,3652043,10,5
2608,4282015,8,5
2609,5669761,11,5
2610,2302045,12,5
2611,5762286,12,5
2612,2307466,3,5
2613,1535805,5,5
2614,1757589,3,5
2615,6041753,3,5
2616,6155217,5,5
2617,1443901,11,5
2618,1218865,5,5
2619,5844033,11,5
2620,5699214,9,5
2621,3216525,5,5
2622,3111830,9,5
2623,5051814,9,5
2624,378928,1,5
2625,1052079,1,5
2626,3773828,10,5
2627,2699177,5,5
2628,2525217,9,5
2629,1163804,5,5
2630,3746090,12,5
2631,3531670,9,5
2632,3538066,10,5
2633,5311363,4,5
2634,3668699,5,5
2635,4017723,1,5
2636,4938157,1,5
2637,2578191,9,5
2638,3915179,5,5
2639,3042450,9,5
2640,3403677,12,5
2641,1780462,5,5
2642,2567361,1,5
2643,3557777,1,5
2644,5225090,9,5
2645,5215056,7,5
2646,3726566,7,5
2647,3811720,6,5
2648,4677592,12,5
2649,444403,9,5
2650,3306577,6,5
2651,5448865,7,5
2652,6439307,10,5
2653,907290,8,5
2654,5401063,10,5
2655,2702202,3,5
2656,4741690,12,5
2657,645580,1,5
2658,3291591,4,5
2659,2996936,9,5
2660,3838853,6,5
2661,75212,4,5
2662,4834638,9,5
2663,6053580,11,5
2664,5795026,5,5
2665,1730184,3,5
2666,5889375,11,5
2667,3991847,4,5
2668,442413,6,5
2669,3314672,9,5
2670,4300060,9,5
2671,4967145,10,5
2672,1911133,4,5
2673,838834,2,5
2674,1578598,10,5
2675,183584,6,5
2676,3133864,10,5
2677,5860622,3,5
2678,4221359,1,5
2679,3257077,10,5
2680,6262854,9,5
2681,4698568,10,5
2682,4588724,9,5
2683,4474851,4,5
2684,2140317,11,5
2685,6095670,9,5
2686,725727,4,5
2687,1481601,3,5
2688,6375521,3,5
2689,1023885,12,5
2690,2270016,4,5
2691,1242243,8,5
2692,191145,11,5
2693,1689467,10,5
2694,318275,6,5
2695,4489912,10,5
2696,3524399,10,5
2697,4946988,4,5
2698,4688077,9,5
2699,1283336,6,5
2700,455995,10,5
2701,5202311,1,5
2702,4326040,3,5
2703,4599139,3,5
2704,6138860,9,5
2705,4419032,9,5
2706,5287474,1,5
2707,2023164,3,5
2708,3449472,9,5
2709,4023762,2,5
2710,1476871,9,5
2711,4669998,1,5
2712,6183821,7,5
2713,3221470,3,5
2714,1357167,9,5
2715,6181015,3,5
2716,3851853,8,5
2717,3741774,11,5
2718,1502504,12,5
2719,2073937,1,5
2720,4242838,8,5
2721,2414859,6,5
2722,639772,2,5
2723,248590,10,5
2724,4450979,10,5
2725,525886,8,5
2726,5052674,4,5
2727,4413193,8,5
2728,626746,7,5
2729,1475618,1,5
2730,4318374,12,5
2731,5788746,11,5
2732,1288091,9,5
2733,2545502,9,5
2734,6274818,11,5
2735,3809721,11,5
2736,1631649,11,5
2737,601769,12,5
2738,1591144,1,5
2739,5037838,10,5
2740,4369611,9,5
2741,1355182,10,5
2742,1905773,9,5
2743,5823210,11,5
2744,2410673,9,5
2745,3344933,1,5
2746,6355376,8,5
2747,5672165,12,5
2748,1729736,10,5
2749,1709974,6,5
2750,6283833,1,5
2751,3494053,12,5
2752,4592036,11,5
2753,6308051,5,5
2754,1457568,5,5
2755,1093907,12,5
2756,3319179,10,5
2757,5135337,12,5
2758,1074560,9,5
2759,4248273,5,5
2760,4325514,6,5
2761,5542285,12,5
2762,5901170,6,5
2763,4029112,11,5
2764,5940589,9,5
2765,2299074,4,5
2766,1700281,10,5
2767,5630173,11,5
2768,2153380,9,5
2769,1151729,1,5
2770,164576,10,5
2771,4934328,12,5
2772,66291,7,5
2773,3052981,4,5
2774,4566378,8,5
2775,6133213,4,5
2776,1613900,12,5
2777,2464229,5,5
2778,6492339,8,5
2779,1981231,10,5
2780,327221,10,5
2781,6124549,4,5
2782,1502037,4,5
2783,3466934,10,5
2784,1808600,12,5
2785,6394574,11,5
2786,1736091,11,5
2787,4408609,12,5
2788,3181873,9,5
2789,1596961,11,5
2790,3659885,4,5
2791,5190723,3,5
2792,3660597,5,5
2793,5036261,4,5
2794,4294205,12,5
2795,1041658,9,5
2796,5313174,4,5
2797,715056,11,5
2798,6322847,3,5
2799,2535103,7,5
2800,722112,1,5
2801,5361527,9,5
2802,3469095,12,5
2803,273351,9,5
2804,2979332,5,5
2805,3373415,5,5
2806,563447,12,5
2807,5019374,10,5
2808,2455418,4,5
2809,2196027,10,5
2810,3674278,1,5
2811,465541,11,5
2812,2245654,10,5
2813,2800695,11,5
2814,4967759,9,5
2815,2521875,10,5
2816,549724,11,5
2817,4028688,4,5
2818,2086516,12,5
2819,1934883,9,5
2820,2649843,1,5
2821,3756494,5,5
2822,6486296,1,5
2823,2195782,5,5
2824,160841,8,5
2825,205616,5,5
2826,851058,9,5
2827,3532903,4,5
2828,4306293,10,5
2829,3543957,7,5
2830,4747135,1,5
2831,4373251,12,5
2832,2174215,5,5
2833,3544608,6,5
2834,1219434,12,5
2835,3451554,6,5
2836,6218555,11,5
2837,2840610,4,5
2838,5529636,1,5
2839,5091774,8,5
2840,1356361,4,5
2841,5480048,11,5
2842,4533233,1,5
2843,233960,9,5
2844,4187087,1,5
2845,1498587,11,5
2846,5947090,11,5
2847,2798056,10,5
2848,5117113,3,5
2849,1520579,5,5
2850,6345600,9,5
2851,3784555,10,5
2852,1698135,3,5
2853,2480002,1,5
2854,5921939,1,5
2855,3111026,7,5
2856,2314437,6,5
2857,5957978,1,5
2858,364733,12,5
2859,1204273,11,5
2860,2510668,10,5
2861,2042603,1,5
2862,4202811,9,5
2863,5398855,4,5
2864,2145393,8,5
2865,2575423,9,5
2866,881824,9,5
2867,4491549,5,5
2868,5070680,10,5
2869,1963019,10,5
2870,33169,9,5
2871,5788021,12,5
2872,2608378,10,5
2873,22430,9,5
2874,5760416,8,5
2875,2987945,8,5
2876,4495752,5,5
2877,3091950,12,5
2878,4891823,5,5
2879,5604753,3,5
2880,4338155,6,5
2881,2514905,8,5
2882,6404195,10,5
2883,2354590,4,5
2884,5522433,5,5
2885,3367310,12,5
2886,1028957,8,5
2887,5614268,10,5
2888,2019978,2,5
2889,970264,12,5
2890,4613440,9,5
2891,2596330,9,5
2892,1613953,4,5
2893,5253238,4,5
2894,3890388,8,5
2895,5969755,4,5
2896,4286476,11,5
2897,3128366,4,5
2898,6014365,4,5
2899,5236858,9,5
2900,6003919,5,5
2901,2735309,11,5
2902,2106093,4,5
2903,2782931,5,5
2904,1469266,4,5
2905,2568682,4,5
2906,1637765,9,5
2907,5446996,12,5
2908,3106834,9,5
2909,2832693,5,5
2910,5469266,8,5
2911,3947294,12,5
2912,5723060,2,5
2913,961227,10,5
2914,4445026,5,5
2915,709060,11,5
2916,3079493,3,5
2917,1268530,12,5
2918,5081550,9,5
2919,5272161,10,5
2920,2266969,8,5
2921,5700786,12,5
2922,4874322,1,5
2923,5162546,11,5
2924,6442680,12,5
2925,1979955,8,5
2926,5418915,12,5
2927,1938054,10,5
2928,201823,12,5
2929,435510,12,5
2930,1877759,8,5
2931,3347411,4,5
2932,6074552,8,5
2933,276955,6,5
2934,4191161,1,5
2935,1632015,11,5
2936,2077786,12,5
2937,3086550,9,5
2938,1611812,11,5
2939,5517818,11,5
2940,5749470,9,5
2941,5958707,3,5
2942,1239096,9,5
2943,5884692,1,5
2944,2633965,11,5
2945,2478827,11,5
2946,3386999,6,5
2947,3849448,10,5
2948,4175830,1,5
2949,843427,12,5
2950,169490,4,5
2951,5021903,1,5
2952,4534006,9,5
2953,4338389,9,5
2954,5019213,12,5
2955,1062303,12,5
2956,2525429,9,5
2957,4442713,8,5
2958,3541800,9,5
2959,6045114,10,5
2960,4031419,11,5
2961,4587958,10,5
2962,3278097,8,5
2963,4436154,7,5
2964,2344941,11,5
2965,1007797,6,5
2966,3166068,1,5
2967,3425934,9,5
2968,749233,11,5
2969,5704429,12,5
2970,3945655,5,5
2971,6079324,1,5
2972,3703447,11,5
2973,4187083,8,5
2974,4321276,9,5
2975,2225061,12,5
2976,4550237,8,5
2977,5301088,1,5
2978,538095,8,5
2979,614514,6,5
2980,2223970,11,5
2981,2390937,7,5
2982,5786514,10,5
2983,577938,6,5
2984,91436,12,5
2985,546733,9,5
2986,2940613,10,5
2987,4209152,8,5
2988,3275362,1,5
2989,6088522,1,5
2990,1133607,10,5
2991,4755368,9,5
2992,2757947,10,5
2993,1247932,7,5
2994,4123087,11,5
2995,6293977,10,5
2996,2282900,6,5
2997,5138416,12,5
2998,5017635,11,5
2999,3767759,3,5
3000,3803659,4,5
3001,723299,4,5
3002,6450503,6,5
3003,500859,4,5
3004,1544458,4,5
3005,2504523,9,5
3006,5815215,9,5
3007,149949,6,5
3008,3638097,10,5
3009,6074295,12,5
3010,735366,9,5
3011,3758791,12,5
3012,3416114,9,5
3013,1587138,12,5
3014,4612202,9,5
3015,3091735,2,5
3016,3341409,1,5
3017,5248442,4,5
3018,4689303,12,5
3019,2665775,12,5
3020,4124260,11,5
3021,5446413,3,5
3022,1441176,6,5
3023,6365584,3,5
3024,4955014,11,5
3025,3857353,10,5
3026,641522,1,5
3027,3712065,5,5
3028,5716200,10,5
3029,884365,11,5
3030,5082762,6,5
3031,3127584,12,5
3032,3168823,12,5
3033,3022157,9,5
3034,4712842,3,5
3035,2406521,7,5
3036,3516359,4,5
3037,5313663,11,5
3038,4811663,11,5
3039,1658533,12,5
3040,5609054,9,5
3041,5630222,1,5
3042,3647053,8,5
3043,1259576,4,5
3044,1405276,9,5
3045,618667,9,5
3046,3148259,6,5
3047,5439573,10,5
3048,4839595,10,5
3049,2299566,9,5
3050,2432288,4,5
3051,5852929,10,5
3052,937505,11,5
3053,1083040,10,5
3054,1048618,10,5
3055,5270707,9,5
3056,3887839,12,5
3057,1876570,2,5
3058,246478,5,5
3059,3876788,4,5
3060,1247982,4,5
3061,355929,11,5
3062,4902604,12,5
3063,6468161,12,5
3064,4032055,10,5
3065,4345928,5,5
3066,3547791,9,5
3067,2910089,9,5
3068,4804530,10,6
3069,4782163,12,6
3070,4954550,4,6
3071,2243660,10,6
3072,3610804,4,6
3073,5311363,4,6
3074,3838853,7,6
3075,2340935,8,6
3076,1475618,1,6
3077,5600618,12,6
3078,3927515,10,6
3079,5051814,12,6
3080,331061,5,6
3081,3364479,6,6
3082,227323,10,6
3083,404614,11,6
3084,4017723,1,6
3085,2439039,12,6
3086,754147,6,6
3087,525886,11,6
3088,6245238,12,6
3089,955831,12,6
3090,2549404,10,6
3091,6218555,10,6
3092,164576,8,6
3093,641522,9,6
3094,2777068,9,6
3095,5974603,3,6
3096,354297,6,6
3097,3631885,11,6
3098,5716200,10,6
3099,5553341,6,6
3100,1730184,3,6
3101,3876788,4,6
3102,1570606,5,6
3103,639772,7,6
3104,4718627,10,6
3105,2160203,4,6
3106,3527514,10,6
3107,5740302,5,6
3108,5446413,4,6
3109,5043232,8,6
3110,2504523,12,6
3111,945607,12,6
3112,3773828,12,6
3113,5177635,9,6
3114,1520579,8,6
3115,1839568,11,6
3116,2215156,6,6
3117,2648541,9,6
3118,1696406,1,6
3119,5672165,12,6
3120,4240544,11,6
3121,3918853,1,6
3122,2425020,10,6
3123,4891823,5,6
3124,970403,1,6
3125,2626939,11,6
3126,1684245,10,6
3127,6111761,3,6
3128,5110405,3,6
3129,4774971,9,6
3130,1163804,2,6
3131,1934883,9,6
3132,3849448,9,6
3133,1980430,4,6
3134,5890211,10,6
3135,1020352,1,6
3136,735318,7,6
3137,6215090,12,6
3138,6431772,6,6
3139,3169231,9,6
3140,6010262,9,6
3141,4839836,11,6
3142,4613440,10,6
3143,4769364,4,6
3144,6004919,9,6
3145,3574092,5,6
3146,6324554,5,6
3147,720199,11,6
3148,2721822,1,6
3149,2987945,4,6
3150,2337536,3,6
3151,546775,10,6
3152,494341,7,6
3153,551119,11,6
3154,5284217,1,6
3155,3042450,12,6
3156,379340,5,6
3157,3647053,11,6
3158,3899121,9,6
3159,6345600,9,6
3160,3209384,6,6
3161,320864,8,6
3162,5140999,9,6
3163,5271527,11,6
3164,5897708,9,6
3165,4834638,11,6
3166,4721764,9,6
3167,776469,12,6
3168,5052475,12,6
3169,722112,4,6
3170,1553922,11,6
3171,6432378,3,6
3172,1928850,5,6
3173,4453642,3,6
3174,250733,3,6
3175,401390,11,6
3176,2450075,6,6
3177,3769909,10,6
3178,5669761,9,6
3179,3532903,5,6
3180,4421443,3,6
3181,5071319,7,6
3182,1637765,8,6
3183,456508,10,6
3184,4489912,10,6
3185,893997,3,6
3186,4710640,9,6
3187,1826366,3,6
3188,1736091,12,6
3189,6257432,9,6
3190,1443901,9,6
3191,1562027,11,6
3192,6024083,12,6
3193,890618,8,6
3194,4246461,4,6
3195,3836231,9,6
3196,2106775,5,6
3197,1629880,8,6
3198,4904188,11,6
3199,3332429,1,6
3200,250984,11,6
3201,3890388,11,6
3202,4032055,9,6
3203,6140348,9,6
3204,6476499,5,6
3205,3674968,12,6
3206,1177663,8,6
3207,1835110,9,6
3208,5376171,10,6
3209,5672800,1,6
3210,1954053,8,6
3211,2956344,8,6
3212,6145460,11,6
3213,1883734,1,6
3214,4442713,6,6
3215,4511502,10,6
3216,246478,2,6
3217,5171771,12,6
3218,319307,11,6
3219,364733,12,6
3220,4321276,10,6
3221,3516524,1,6
3222,4786518,10,6
3223,1191990,11,6
3224,6283998,12,6
3225,654526,12,6
3226,1261236,11,6
3227,4786683,3,6
3228,476470,9,6
3229,3242746,7,6
3230,4005896,12,6
3231,4367991,12,6
3232,1066929,6,6
3233,2561405,4,6
3234,691666,2,6
3235,1181046,10,6
3236,3349451,1,6
3237,2469046,7,6
3238,5813169,10,6
3239,830424,12,6
3240,4742921,12,6
3241,3758791,9,6
3242,205616,1,6
3243,5056667,11,6
3244,5837908,7,6
3245,5657828,5,6
3246,4966537,11,6
3247,4800399,2,6
3248,3057988,10,6
3249,3757651,10,6
3250,5795026,3,6
3251,5268829,12,6
3252,233960,12,6
3253,3887839,10,6
3254,4841726,1,6
3255,2088391,3,6
3256,2575423,8,6
3257,207279,11,6
3258,233700,6,6
3259,3532006,10,6
3260,5416928,1,6
3261,5324978,8,6
3262,1689467,12,6
3263,2183844,11,6
3264,4756460,1,6
3265,3868076,12,6
3266,1355182,10,6
3267,4969125,10,6
3268,6434508,5,6
3269,5251619,11,6
3270,6439307,10,6
3271,4080918,10,6
3272,2307466,1,6
3273,5494991,2,6
3274,2266969,11,6
3275,1435454,3,6
3276,6319880,10,6
3277,4773246,12,6
3278,2887540,5,6
3279,5888215,5,6
3280,3469095,11,6
3281,3494053,10,6
3282,488776,2,6
3283,1305949,10,6
3284,881824,9,6
3285,5169851,12,6
3286,3994019,10,6
3287,3531154,5,6
3288,4300060,12,6
3289,5287474,2,6
3290,2679500,1,6
3291,851058,4,6
3292,2348351,6,6
3293,1208299,10,6
3294,1804922,1,6
3295,489476,11,6
3296,1331963,5,6
3297,4825782,12,6
3298,4341519,11,6
3299,2526424,1,6
3300,736100,2,6
3301,1463753,8,6
3302,2767754,11,6
3303,4945064,3,6
3304,3308605,5,6
3305,3732525,5,6
3306,5884692,1,6
3307,4187064,9,6
3308,1305099,5,6
3309,2353229,9,6
3310,5225090,9,6
3311,1928350,4,6
3312,4022830,12,6
3313,5082762,12,6
3314,2791203,10,6
3315,5918165,3,6
3316,479669,11,6
3317,1620477,6,6
3318,5092827,6,6
3319,4601117,12,6
3320,2396282,10,6
3321,561619,5,6
3322,3032076,6,6
3323,6220548,5,6
3324,6381229,8,6
3325,4273236,11,6
3326,1907726,8,6
3327,2649843,5,6
3328,806932,12,6
3329,1169697,10,6
3330,2106093,10,6
3331,4025997,8,6
3332,70791,10,6
3333,1083040,3,6
3334,2910089,9,6
3335,779092,12,6
3336,974807,4,6
3337,2519348,1,6
3338,3209387,9,6
3339,4140754,1,6
3340,3923276,10,6
3341,4126815,3,6
3342,2269053,8,6
3343,69753,9,6
3344,2199292,9,6
3345,4791266,6,6
3346,5788746,1,6
3347,3809721,12,6
3348,4811663,9,6
3349,6018776,12,6
3350,3134456,9,6
3351,6014638,12,6
3352,5480048,9,6
3353,992606,3,6
3354,689092,11,6
3355,1578598,10,6
3356,3454553,5,6
3357,3349222,1,6
3358,627367,10,6
3359,5993732,9,6
3360,2077665,9,6
3361,4933263,7,6
3362,4445498,9,6
3363,2578191,5,6
3364,1454100,9,6
3365,2999611,6,6
3366,6173579,11,6
3367,1553396,2,6
3368,4689303,12,6
3369,2048296,1,6
3370,16953,2,6
3371,2596330,8,6
3372,3338602,12,6
3373,2541039,5,6
3374,2545524,2,6
3375,457987,11,6
3376,106348,10,6
3377,4318374,3,6
3378,948408,6,6
3379,1441176,12,6
3380,2457094,11,6
3381,2455418,10,6
3382,2735309,2,6
3383,797408,12,6
3384,6384003,4,6
3385,4242259,8,6
3386,1288091,12,6
3387,3584280,9,6
3388,5665690,9,6
3389,4436154,4,6
3390,3354934,9,6
3391,4599139,11,6
3392,5663542,12,6
3393,3291591,8,6
3394,3570636,6,6
3395,3647072,12,6
3396,2132504,9,6
3397,4684875,10,6
3398,4928873,8,6
3399,656054,10,6
3400,932111,4,6
3401,3752851,11,6
3402,4849432,8,6
3403,1665863,3,6
3404,1060522,9,6
3405,5257079,7,6
3406,1766448,10,6
3407,6224351,6,6
3408,1610017,4,6
3409,3337421,11,6
3410,1285982,2,6
3411,5301167,5,6
3412,2088911,9,6
3413,327221,12,6
3414,439787,9,6
3415,2291667,12,6
3416,4602562,12,6
3417,3973115,4,6
3418,4967145,4,6
3419,1502037,4,6
3420,4175830,2,6
3421,1317578,8,6
3422,5901170,12,6
3423,3979988,6,6
3424,6183821,11,6
3425,4031419,11,6
3426,5313663,8,6
3427,4419866,12,6
3428,4253187,10,6
3429,2609633,6,6
3430,6463676,8,6
3431,2317126,4,6
3432,5900711,11,6
3433,5745385,10,6
3434,3067775,10,6
3435,4360902,4,6
3436,3632442,3,6
3437,955629,9,6
3438,6074295,12,6
3439,4627144,12,6
3440,3883037,3,6
3441,4326040,8,6
3442,57859,10,6
3443,2612131,8,6
3444,5591436,4,6
3445,4379256,4,6
3446,135635,10,6
3447,5300729,6,6
3448,3449472,9,6
3449,4488254,8,6
3450,4370736,11,6
3451,548072,11,6
3452,5854822,10,6
3453,1781712,10,6
3454,758615,9,6
3455,5852494,11,6
3456,879802,5,6
3457,500859,4,6
3458,5114959,5,6
3459,4135807,11,6
3460,355835,1,6
3461,3638097,6,6
3462,4402112,9,6
3463,2298549,4,6
3464,4000125,12,6
3465,198332,7,6
3466,2132674,7,6
3467,5149816,9,6
3468,2962324,10,6
3469,2839188,9,6
3470,6138860,5,6
3471,998703,9,6
3472,3118979,6,6
3473,5133434,12,6
3474,543404,12,6
3475,2491609,9,6
3476,2095514,9,6
3477,4612202,12,6
3478,6079324,1,6
3479,343310,11,6
3480,5095053,9,6
3481,5061084,12,6
3482,3155541,12,6
3483,3931683,3,6
3484,4650862,9,6
3485,2171709,6,6
3486,3703447,9,6
3487,6442680,10,6
3488,5318655,11,6
3489,3915179,6,6
3490,90861,7,6
3491,2961189,9,6
3492,1658533,9,6
3493,5073558,10,6
3494,292417,9,6
3495,937505,12,6
3496,192539,10,6
3497,2602668,10,6
3498,701309,10,6
3499,3966323,10,6
3500,2791621,1,6
3501,5014041,1,6
3502,6116428,12,6
3503,1434990,9,6
3504,4638798,11,6
3505,2533072,10,6
3506,4999808,10,6
3507,1502504,12,6
3508,46167,6,6
3509,5840472,9,6
3510,822361,6,6
3511,2336058,4,6
3512,4934328,10,6
3513,460774,12,6
3514,2219282,10,6
3515,3819405,7,6
3516,6192304,11,6
3517,4419698,4,6
3518,3285455,10,6
3519,3492983,5,6
3520,6109293,4,6
3521,4531987,3,6
3522,3746090,10,6
3523,1125899,7,6
3524,2012640,3,6
3525,2825544,11,6
3526,3276609,10,6
3527,3274135,12,6
3528,6450503,10,6
3529,5032618,11,6
3530,2718335,11,6
3531,2514905,10,6
3532,4811806,10,6
3533,3905760,10,6
3534,2077786,6,6
3535,2752045,11,6
3536,1700281,4,6
3537,6498783,1,6
3538,465541,12,6
3539,4445026,1,6
3540,3848208,8,6
3541,3589936,3,6
3542,1114477,9,6
3543,3075770,12,6
3544,4023762,1,6
3545,1443076,10,6
3546,2080833,11,6
3547,907290,12,6
3548,725727,8,6
3549,6219105,6,6
3550,5958481,10,6
3551,750891,9,6
3552,1219434,8,6
3553,6322847,12,6
3554,6283833,1,6
3555,1676516,4,6
3556,2327733,8,6
3557,3803659,4,6
3558,4959110,8,6
3559,442047,1,6
3560,4902409,10,6
3561,276955,6,6
3562,3448211,7,6
3563,1476871,12,6
3564,2153380,9,6
3565,3516359,1,6
3566,4729899,12,6
3567,2374380,4,6
3568,5070680,10,6
3569,5748315,8,6
3570,3193240,10,6
3571,1669341,10,6
3572,3188476,9,6
3573,5699908,8,6
3574,3183833,11,6
3575,3168425,10,6
3576,3851853,9,6
3577,2598486,12,6
3578,3416114,3,6
3579,3945655,11,6
3580,1876570,7,6
3581,1262699,10,6
3582,1270187,3,6
3583,4183406,11,6
3584,4159777,6,6
3585,5192706,5,6
3586,3686002,9,6
3587,545309,11,6
3588,2480002,1,6
3589,6032106,10,6
3590,3902193,6,6
3591,71852,9,6
3592,6116532,11,6
3593,1002429,11,6
3594,804235,9,6
3595,467625,1,6
3596,2166831,12,6
3597,3882679,6,6
3598,3124632,3,6
3599,1048618,10,6
3600,6043476,9,6
3601,2014709,11,6
3602,4649438,9,6
3603,1492652,9,6
3604,5527427,10,6
3605,4527954,4,6
3606,3677247,9,6
3607,369293,5,6
3608,5050748,3,6
3609,4623748,10,6
3610,3082413,6,6
3611,592638,2,6
3612,428886,12,6
3613,3878224,6,6
3614,6274818,12,6
3615,1050344,9,6
3616,1119039,10,6
3617,2373712,7,6
3618,5764435,4,6
3619,565234,10,6
3620,628513,11,6
3621,1911133,1,6
3622,6334938,6,6
3623,4268871,5,6
3624,2289018,12,6
3625,2424966,11,6
3626,2366922,2,6
3627,726283,12,6
3628,1132010,5,6
3629,3405541,9,6
3630,5645441,6,6
3631,2481972,1,6
3632,539935,11,6
3633,6133051,3,6
3634,284383,6,6
3635,2940613,2,6
3636,1845543,4,6
3637,2292224,10,6
3638,1282302,4,6
3639,1133660,1,6
3640,4982554,1,6
3641,3999790,12,6
3642,1099697,3,6
3643,4762604,6,6
3644,4706795,3,6
3645,2848668,2,6
3646,2782931,1,6
3647,5736629,1,6
3648,3385501,10,6
3649,3774824,3,6
3650,6214309,12,6
3651,3847479,9,6
3652,1549718,8,6
3653,3403677,8,6
3654,1596961,2,6
3655,3466934,12,6
3656,3581894,12,6
3657,3712065,4,6
3658,6353435,11,6
3659,2961118,11,6
3660,2612557,12,6
3661,90861,9,7
3662,2735309,1,7
3663,3492311,8,7
3664,233960,9,7
3665,2095212,11,7
3666,1178870,9,7
3667,2205017,8,7
3668,888013,12,7
3669,4002671,9,7
3670,385617,4,7
3671,3169231,10,7
3672,1964150,12,7
3673,4442713,7,7
3674,6473281,9,7
3675,4688077,11,7
3676,3659885,4,7
3677,4326040,10,7
3678,3632617,3,7
3679,1502037,4,7
3680,1489505,9,7
3681,1361983,12,7
3682,2770386,12,7
3683,6432378,9,7
3684,1262699,8,7
3685,568358,10,7
3686,4811663,3,7
3687,2567361,2,7
3688,112864,12,7
3689,123610,5,7
3690,2910586,10,7
3691,4706795,9,7
3692,5156561,2,7
3693,6173579,11,7
3694,4745256,1,7
3695,4566378,6,7
3696,1610017,1,7
3697,2367790,9,7
3698,3752851,10,7
3699,528415,10,7
3700,3424220,5,7
3701,2355641,12,7
3702,1125565,7,7
3703,3341409,6,7
3704,909005,2,7
3705,2741667,12,7
3706,1781712,9,7
3707,4005757,2,7
3708,3469095,9,7
3709,1866932,7,7
3710,1337333,8,7
3711,3668699,12,7
3712,1909348,9,7
3713,2223394,10,7
3714,250733,4,7
3715,1357167,12,7
3716,1907726,5,7
3717,5635947,1,7
3718,5381676,3,7
3719,1553922,1,7
3720,4684875,11,7
3721,2883981,2,7
3722,6236783,4,7
3723,2410673,9,7
3724,152911,1,7
3725,6204758,10,7
3726,4902409,12,7
3727,1198748,10,7
3728,5992339,9,7
3729,549724,9,7
3730,1980430,5,7
3731,2561405,12,7
3732,2110687,7,7
3733,342011,5,7
3734,3115492,12,7
3735,5383161,5,7
3736,6218555,6,7
3737,4202811,9,7
3738,2095514,9,7
3739,715056,7,7
3740,2424966,12,7
3741,5061084,10,7
3742,2253027,8,7
3743,5604753,4,7
3744,5884692,1,7
3745,6476499,10,7
3746,2519348,12,7
3747,1097750,3,7
3748,16953,2,7
3749,6266325,6,7
3750,6022405,10,7
3751,5233125,3,7
3752,835819,11,7
3753,2366922,11,7
3754,836310,12,7
3755,5593679,7,7
3756,4164611,11,7
3757,614514,5,7
3758,2023292,3,7
3759,3531154,8,7
3760,487753,4,7
3761,6334938,1,7
3762,3581894,12,7
3763,1598912,10,7
3764,786765,9,7
3765,223511,11,7
3766,2649843,5,7
3767,2455418,6,7
3768,776469,10,7
3769,2791621,5,7
3770,5450314,6,7
3771,5278086,4,7
3772,1317578,10,7
3773,3589936,5,7
3774,2935945,9,7
3775,5301167,3,7
3776,2215156,7,7
3777,4413193,12,7
3778,3868076,8,7
3779,3504899,8,7
3780,2886052,12,7
3781,5542285,10,7
3782,3420974,5,7
3783,5753368,12,7
3784,3866047,6,7
3785,486424,12,7
3786,5070680,4,7
3787,1699767,11,7
3788,761403,3,7
3789,4445026,1,7
3790,6024083,12,7
3791,2440842,12,7
3792,71852,8,7
3793,340069,9,7
3794,2019978,5,7
3795,2106093,6,7
3796,5332722,3,7
3797,2990746,6,7
3798,2203625,10,7
3799,1549718,6,7
3800,4487540,10,7
3801,6293977,11,7
3802,561619,4,7
3803,479669,12,7
3804,6301218,11,7
3805,1406385,8,7
3806,4069866,6,7
3807,3457443,2,7
3808,958701,1,7
3809,3902193,11,7
3810,4531987,9,7
3811,5200608,5,7
3812,3376328,7,7
3813,1007557,9,7
3814,6010262,10,7
3815,5887730,5,7
3816,3123507,6,7
3817,2450075,11,7
3818,3527514,11,7
3819,623608,10,7
3820,1457568,5,7
3821,779092,11,7
3822,3021471,9,7
3823,2298549,4,7
3824,5361527,9,7
3825,2373712,8,7
3826,3063117,3,7
3827,2520515,7,7
3828,4422413,8,7
3829,3435750,1,7
3830,3767759,12,7
3831,5901170,6,7
3832,1976587,6,7
3833,5741400,3,7
3834,5014041,1,7
3835,4037574,9,7
3836,4773246,3,7
3837,1908332,1,7
3838,2534267,11,7
3839,1151416,5,7
3840,2839188,11,7
3841,3979988,3,7
3842,1440856,5,7
3843,172829,1,7
3844,881824,9,7
3845,3851853,8,7
3846,4436154,4,7
3847,3308822,11,7
3848,250780,12,7
3849,639772,7,7
3850,201823,10,7
3851,1611812,8,7
3852,2243117,1,7
3853,2877249,10,7
3854,1476871,10,7
3855,2495289,1,7
3856,1954053,9,7
3857,444403,11,7
3858,5290043,9,7
3859,2702202,1,7
3860,5731361,1,7
3861,3447003,11,7
3862,3349451,1,7
3863,6156583,3,7
3864,2996334,10,7
3865,538095,11,7
3866,12872,6,7
3867,91436,7,7
3868,1800927,9,7
3869,3111026,5,7
3870,821158,10,7
3871,1548166,8,7
3872,4592036,11,7
3873,3193240,9,7
3874,3079493,3,7
3875,970264,3,7
3876,5517818,12,7
3877,128550,9,7
3878,3892986,8,7
3879,5993732,10,7
3880,4996164,12,7
3881,3889415,5,7
3882,627251,10,7
3883,2221039,3,7
3884,2260612,10,7
3885,1780462,11,7
3886,1835110,11,7
3887,2914933,1,7
3888,6041753,9,7
3889,3386999,6,7
3890,4474851,11,7
3891,106348,11,7
3892,4488254,7,7
3893,1181046,9,7
3894,1177663,11,7
3895,5095053,10,7
3896,1405276,10,7
3897,3408244,3,7
3898,6139191,1,7
3899,4256808,8,7
3900,1204273,9,7
3901,5021903,1,7
3902,2537373,1,7
3903,3623681,3,7
3904,408087,12,7
3905,6004919,9,7
3906,4998457,11,7
3907,3621921,10,7
3908,2507895,11,7
3909,2777068,10,7
3910,327873,9,7
3911,46167,10,7
3912,3120519,12,7
3913,3347411,10,7
3914,2538894,12,7
3915,4966537,3,7
3916,4016707,3,7
3917,4938518,1,7
3918,992606,8,7
3919,1983541,10,7
3920,3652043,9,7
3921,1637765,7,7
3922,869424,10,7
3923,551119,7,7
3924,3498572,10,7
3925,3880587,10,7
3926,3134456,8,7
3927,3877388,11,7
3928,455995,11,7
3929,1877759,11,7
3930,1261236,12,7
3931,4080918,1,7
3932,4400775,9,7
3933,1586859,7,7
3934,4308495,11,7
3935,1826366,4,7
3936,1502851,7,7
3937,2521875,9,7
3938,5173938,9,7
3939,4669998,1,7
3940,6116532,12,7
3941,4676908,6,7
3942,3163587,10,7
3943,5682977,12,7
3944,3899121,11,7
3945,488776,6,7
3946,2171709,3,7
3947,4179514,11,7
3948,2718335,12,7
3949,4035797,3,7
3950,5860622,12,7
3951,3746090,11,7
3952,5152889,5,7
3953,1060522,10,7
3954,5818944,9,7
3955,6050619,9,7
3956,1367335,4,7
3957,5190723,12,7
3958,4550237,8,7
3959,1591144,1,7
3960,447693,3,7
3961,3363885,12,7
3962,1458285,3,7
3963,1581813,6,7
3964,5149816,12,7
3965,3651805,12,7
3966,5387176,5,7
3967,3042656,10,7
3968,2549404,10,7
3969,1013497,8,7
3970,1883734,1,7
3971,500859,1,7
3972,3532903,12,7
3973,2450561,7,7
3974,1733752,9,7
3975,5675825,8,7
3976,5307584,10,7
3977,6439307,10,7
3978,2547609,11,7
3979,3769909,11,7
3980,3332429,1,7
3981,6406438,12,7
3982,2195782,6,7
3983,5866639,12,7
3984,5529636,8,7
3985,671908,8,7
3986,6324910,10,7
3987,6220548,1,7
3988,1808600,5,7
3989,3381547,6,7
3990,6320713,10,7
3991,4405311,1,7
3992,3404639,12,7
3993,4982554,4,7
3994,3454553,5,7
3995,4522790,9,7
3996,4928963,6,7
3997,5536803,10,7
3998,4762886,5,7
3999,2608378,5,7
4000,5225090,9,7
4001,327221,12,7
4002,6389015,4,7
4003,5953181,7,7
4004,1562027,11,7
4005,1443901,8,7
4006,2248119,12,7
4007,4375127,11,7
4008,5262746,10,7
4009,331061,12,7
4010,3168425,10,7
4011,5824379,2,7
4012,3170715,12,7
4013,5740302,4,7
4014,5729212,9,7
4015,5289015,10,7
4016,2154687,12,7
4017,5672165,12,7
4018,353048,9,7
4019,1469266,4,7
4020,349116,12,7
4021,3118979,6,7
4022,3390004,10,7
4023,6230111,11,7
4024,5177635,9,7
4025,577938,6,7
4026,6300844,9,7
4027,6384003,9,7
4028,1456382,12,7
4029,4602562,10,7
4030,4373030,11,7
4031,1285982,9,7
4032,439787,8,7
4033,4498450,11,7
4034,3601549,5,7
4035,1355182,9,7
4036,5480048,11,7
4037,3647072,6,7
4038,647253,8,7
4039,3466934,9,7
4040,427566,10,7
4041,4682119,9,7
4042,4187087,1,7
4043,4240544,9,7
4044,1050344,10,7
4045,4562275,10,7
4046,2596330,9,7
4047,3847910,11,7
4048,3905760,11,7
4049,645580,1,7
4050,407501,9,7
4051,3373415,9,7
4052,568905,11,7
4053,2992096,10,7
4054,3153380,10,7
4055,864024,4,7
4056,2088911,5,7
4057,178685,10,7
4058,995030,5,7
4059,5439797,3,7
4060,5381265,11,7
4061,2353229,7,7
4062,5699214,6,7
4063,2326213,11,7
4064,2014709,7,7
4065,5213417,10,7
4066,3346433,3,7
4067,5888215,5,7
4068,3484551,10,7
4069,2510668,11,7
4070,5417751,7,7
4071,6043476,5,7
4072,4084986,1,7
4073,2648541,9,7
4074,1255899,12,7
4075,5837908,12,7
4076,1928850,1,7
4077,1783169,11,7
4078,4948900,10,7
4079,3242746,12,7
4080,3883037,1,7
4081,1383074,1,7
4082,4712842,9,7
4083,3977605,11,7
4084,2243660,10,7
4085,1496310,10,7
4086,5614268,8,7
4087,4623748,10,7
4088,3538066,10,7
4089,1353588,4,7
4090,3638097,9,7
4091,2432288,12,7
4092,2929591,6,7
4093,4400489,1,7
4094,2612131,6,7
4095,618943,3,7
4096,2536562,10,7
4097,3918853,1,7
4098,6161670,6,7
4099,5012107,4,7
4100,5322054,3,7
4101,1599728,9,7
4102,192539,9,7
4103,276955,6,7
4104,2600201,12,7
4105,6014365,4,7
4106,3504983,1,7
4107,4791266,2,7
4108,5300729,6,7
4109,4032055,10,7
4110,1328692,10,7
4111,6257432,4,7
4112,1133607,1,7
4113,5657828,10,7
4114,1665491,11,7
4115,3298181,10,7
4116,1757589,7,7
4117,1645200,3,7
4118,5958707,11,7
4119,379340,1,7
4120,806932,8,7
4121,1163804,9,7
4122,2400836,11,7
4123,1730184,3,7
4124,4884722,1,7
4125,1684292,6,7
4126,5567351,1,7
4127,2140317,8,7
4128,3979630,6,7
4129,5672800,2,7
4130,4369611,10,7
4131,5745385,3,7
4132,5082762,6,7
4133,3379725,12,7
4134,3071237,10,7
4135,1767835,9,7
4136,4906790,9,7
4137,846084,8,7
4138,70791,8,7
4139,2132504,12,7
4140,2782931,3,7
4141,1372354,11,7
4142,2269053,3,7
4143,3859939,4,7
4144,3869947,8,7
4145,1840497,9,7
4146,726283,10,7
4147,3275362,1,7
4148,193339,12,7
4149,1981231,10,7
4150,2961189,11,7
4151,3542408,7,7
4152,591328,9,7
4153,3516524,1,7
4154,5575237,12,7
4155,929009,9,7
4156,3285455,11,7
4157,2148461,9,7
4158,524023,10,7
4159,4534006,6,7
4160,2506188,4,7
4161,3351762,7,7
4162,2289018,1,7
4163,1689467,9,7
4164,2468867,5,7
4165,931734,11,7
4166,3306577,7,7
4167,3991847,9,7
4168,4029112,10,7
4169,5557448,12,7
4170,4756460,2,7
4171,5257079,10,7
4172,5564655,10,7
4173,404479,8,7
4174,3973115,12,7
4175,3674278,1,7
4176,6185141,3,7
4177,1963019,10,7
4178,1283336,12,7
4179,300489,8,7
4180,2514905,12,7
4181,1758986,10,7
4182,1669341,1,7
4183,3012678,11,7
4184,6186675,10,7
4185,3258903,5,7
4186,6468165,9,7
4187,5167613,11,7
4188,3175139,8,7
4189,4544513,3,7
4190,3514907,5,7
4191,4595896,12,7
4192,4053938,11,7
4193,4869809,10,7
4194,4445498,3,7
4195,5979444,9,7
4196,2517554,8,7
4197,624973,9,7
4198,4495752,6,7
4199,3698100,3,7
4200,311502,1,7
4201,2388471,9,7
4202,5623338,9,7
4203,318275,8,7
4204,1896272,9,7
4205,2798056,9,7
4206,5136040,3,7
4207,1233505,7,7
4208,541336,12,7
4209,4838460,8,7
4210,3766629,12,7
4211,5011227,12,7
4212,532245,9,7
4213,3403677,6,7
4214,4191161,11,7
4215,5852929,3,7
4216,2264762,11,7
4217,2298423,12,7
4218,4432682,9,7
4219,4766899,10,7
4220,597464,4,7
4221,5169740,7,7
4222,592406,12,7
4223,4938157,4,7
4224,6182753,6,7
4225,2910089,10,7
4226,3069943,2,7
4227,1853837,10,7
4228,6343333,9,7
4229,2121417,6,7
4230,1023885,3,7
4231,6181015,4,7
4232,4023762,1,7
4233,292417,11,7
4234,6394574,10,7
4235,2088391,6,7
4236,864858,10,7
4237,2974455,4,7
4238,2837685,1,7
4239,1458145,8,7
4240,396899,4,7
4241,1235751,1,7
4242,2882854,11,7
4243,2568682,5,7
4244,3215905,10,7
4245,6079324,1,7
4246,2376930,9,7
4247,214642,10,7
4248,1502504,12,7
4249,694908,9,7
4250,4742921,11,7
4251,5291883,11,7
4252,1161697,12,7
4253,1810856,8,7
4254,2545502,5,7
4255,4115762,11,7
4256,5961733,5,7
4257,4097223,3,7
4258,273351,1,7
4259,2292303,5,7
4260,5933997,9,7
4261,1317300,10,7
4262,4338155,8,7
4263,3718243,7,7
4264,2232052,1,7
4265,5795026,4,7
4266,2481972,5,7
4267,1031850,9,7
4268,6322847,9,7
4269,3425934,3,7
4270,1020352,12,7
4271,3753879,7,7
4272,1867005,9,7
4273,2626939,10,7
4274,2570344,4,7
4275,6414264,6,7
4276,3892718,5,7
4277,1441176,9,7
4278,2539395,3,7
4279,4572884,5,7
4280,263452,11,7
4281,5416928,1,7
4282,4786518,6,7
4283,2058754,6,7
4284,1816354,5,7
4285,3658130,10,7
4286,1689467,12,8
4287,3987157,3,8
4288,193339,10,8
4289,1177663,6,8
4290,2791621,1,8
4291,4442713,6,8
4292,1676516,3,8
4293,3772244,8,8
4294,2221039,4,8
4295,2299074,8,8
4296,5031365,1,8
4297,4436154,10,8
4298,2549635,12,8
4299,2668469,9,8
4300,4424118,11,8
4301,4053938,10,8
4302,5300729,12,8
4303,1276713,12,8
4304,6293977,9,8
4305,4154344,10,8
4306,999565,4,8
4307,3318601,12,8
4308,735366,3,8
4309,227323,11,8
4310,6218555,6,8
4311,5047894,10,8
4312,3874991,6,8
4313,3099346,9,8
4314,3520364,9,8
4315,5284217,4,8
4316,2582939,10,8
4317,5475890,10,8
4318,2933437,8,8
4319,1150312,10,8
4320,4240544,10,8
4321,2514905,9,8
4322,964643,1,8
4323,2504522,9,8
4324,2521875,3,8
4325,346449,9,8
4326,2048296,7,8
4327,3863985,8,8
4328,5062855,6,8
4329,2425020,8,8
4330,3386999,5,8
4331,747814,9,8
4332,546733,11,8
4333,327873,12,8
4334,4861465,8,8
4335,3260218,9,8
4336,5824379,5,8
4337,3779666,11,8
4338,1151729,1,8
4339,2626939,9,8
4340,5689584,8,8
4341,4474851,12,8
4342,320864,8,8
4343,4414462,12,8
4344,3758791,12,8
4345,5852929,5,8
4346,5489522,4,8
4347,2225686,11,8
4348,1264585,9,8
4349,191145,12,8
4350,4123087,11,8
4351,2658470,2,8
4352,6116532,12,8
4353,3932316,3,8
4354,4572884,4,8
4355,1246794,4,8
4356,6195611,4,8
4357,5557448,12,8
4358,2054613,7,8
4359,1440856,12,8
4360,3239012,1,8
4361,5859994,6,8
4362,783470,2,8
4363,563447,12,8
4364,57274,9,8
4365,1645200,8,8
4366,1048618,11,8
4367,1707847,10,8
4368,3466183,11,8
4369,1629880,11,8
4370,5091774,12,8
4371,461181,9,8
4372,743790,8,8
4373,5753368,11,8
4374,3516359,10,8
4375,5073558,11,8
4376,1434990,10,8
4377,1551950,12,8
4378,5647320,3,8
4379,2944542,3,8
4380,3422530,11,8
4381,4489912,9,8
4382,6123684,10,8
4383,958701,6,8
4384,5052674,3,8
4385,6006958,4,8
4386,2289018,10,8
4387,250984,2,8
4388,3100855,6,8
4389,4487540,9,8
4390,5961733,4,8
4391,5743215,12,8
4392,6380977,5,8
4393,1669341,1,8
4394,3977605,4,8
4395,1780462,9,8
4396,5361527,10,8
4397,328451,11,8
4398,5430423,1,8
4399,5992276,6,8
4400,3379725,12,8
4401,4863120,9,8
4402,4035891,12,8
4403,3720110,11,8
4404,1909348,12,8
4405,3425934,12,8
4406,2153380,12,8
4407,6439307,5,8
4408,3097882,10,8
4409,886242,12,8
4410,4436567,1,8
4411,4751692,9,8
4412,3668699,5,8
4413,2962324,11,8
4414,500859,3,8
4415,3664863,11,8
4416,5439797,12,8
4417,111422,4,8
4418,5316775,12,8
4419,1945286,9,8
4420,2367790,8,8
4421,1639659,11,8
4422,3395004,10,8
4423,6431772,11,8
4424,1549718,12,8
4425,881824,9,8
4426,4414289,1,8
4427,2396282,3,8
4428,1356361,1,8
4429,5992339,7,8
4430,6375521,9,8
4431,2561405,11,8
4432,2506188,3,8
4433,3805576,10,8
4434,4975631,9,8
4435,1008573,1,8
4436,5571951,11,8
4437,149826,9,8
4438,5864344,10,8
4439,2547609,3,8
4440,6245238,2,8
4441,1397901,11,8
4442,4803505,9,8
4443,6161670,4,8
4444,6292251,6,8
4445,4408843,8,8
4446,3876788,4,8
4447,3341089,4,8
4448,2578191,5,8
4449,1938054,7,8
4450,2432288,11,8
4451,6201831,7,8
4452,1930733,12,8
4453,4684875,11,8
4454,2077125,12,8
4455,4946988,6,8
4456,2378317,11,8
4457,3889415,5,8
4458,4419698,7,8
4459,2711880,12,8
4460,5085690,6,8
4461,2583369,7,8
4462,6008171,1,8
4463,2366892,10,8
4464,4756460,1,8
4465,492660,6,8
4466,4193200,12,8
4467,2461367,6,8
4468,2519348,1,8
4469,3847910,12,8
4470,3905760,12,8
4471,3069943,9,8
4472,3741057,1,8
4473,3619997,9,8
4474,3531670,10,8
4475,5736331,11,8
4476,4242259,9,8
4477,1133607,6,8
4478,4773640,7,8
4479,515891,6,8
4480,4179514,12,8
4481,3668393,10,8
4482,676450,4,8
4483,799022,9,8
4484,5233125,12,8
4485,3121724,4,8
4486,1578598,12,8
4487,5019213,9,8
4488,5974410,12,8
4489,2317126,10,8
4490,2504523,7,8
4491,5469266,11,8
4492,4306293,6,8
4493,2450561,6,8
4494,1736470,1,8
4495,1457568,5,8
4496,6014638,7,8
4497,2985708,12,8
4498,5376171,10,8
4499,4820880,6,8
4500,2023164,8,8
4501,5014041,10,8
4502,5826554,1,8
4503,139954,9,8
4504,6345600,9,8
4505,3838853,6,8
4506,4805576,1,8
4507,4013479,7,8
4508,1928350,4,8
4509,2910586,9,8
4510,1736771,12,8
4511,6204758,10,8
4512,1730184,3,8
4513,3956558,3,8
4514,4528911,2,8
4515,1463753,10,8
4516,5135337,11,8
4517,2291667,10,8
4518,3209387,2,8
4519,2464229,4,8
4520,6142168,12,8
4521,3921567,10,8
4522,276955,3,8
4523,4562275,5,8
4524,5419861,4,8
4525,2504335,9,8
4526,2299566,12,8
4527,1766448,10,8
4528,3209384,10,8
4529,5794156,9,8
4530,5939953,11,8
4531,4128753,9,8
4532,1965484,11,8
4533,1848740,12,8
4534,6024083,10,8
4535,5110405,5,8
4536,1377570,1,8
4537,2996936,9,8
4538,2077786,12,8
4539,3873958,1,8
4540,3208964,9,8
4541,4421443,5,8
4542,4585969,9,8
4543,4175830,4,8
4544,2260617,4,8
4545,2095514,12,8
4546,6301218,10,8
4547,3514907,10,8
4548,3728627,7,8
4549,5704429,12,8
4550,2840610,7,8
4551,6473329,10,8
4552,5243680,3,8
4553,5823210,10,8
4554,4032055,8,8
4555,6346451,7,8
4556,4592315,10,8
4557,4612202,9,8
4558,4729899,10,8
4559,6365584,6,8
4560,2510668,10,8
4561,2088391,6,8
4562,3012678,5,8
4563,5289015,10,8
4564,3588298,6,8
4565,4315327,6,8
4566,647253,10,8
4567,342011,4,8
4568,4246461,11,8
4569,4653978,10,8
4570,2326213,12,8
4571,3566744,2,8
4572,4152286,10,8
4573,2168548,10,8
4574,1379119,1,8
4575,5313663,8,8
4576,2905298,8,8
4577,3347411,9,8
4578,1023885,12,8
4579,545309,11,8
4580,4172668,6,8
4581,3638097,12,8
4582,4266518,10,8
4583,390110,6,8
4584,88290,9,8
4585,3314672,12,8
4586,5888215,10,8
4587,4998457,12,8
4588,2140317,12,8
4589,4593336,3,8
4590,682114,6,8
4591,5128646,9,8
4592,1166643,1,8
4593,2996334,9,8
4594,1129583,1,8
4595,5762286,12,8
4596,565606,12,8
4597,3405541,10,8
4598,5103613,3,8
4599,71852,11,8
4600,6266325,7,8
4601,1052079,11,8
4602,1983541,9,8
4603,4849056,9,8
4604,4380010,11,8
4605,433376,4,8
4606,1340663,5,8
4607,504294,9,8
4608,3542408,12,8
4609,2012640,1,8
4610,1050344,10,8
4611,2843297,8,8
4612,3390004,6,8
4613,3538066,12,8
4614,2648541,10,8
4615,1502037,4,8
4616,6041753,12,8
4617,2410673,9,8
4618,869700,1,8
4619,995546,4,8
4620,2175759,6,8
4621,3176384,9,8
4622,5694553,6,8
4623,3616032,11,8
4624,1697688,6,8
4625,442413,8,8
4626,1596961,10,8
4627,2695516,12,8
4628,1262699,9,8
4629,5979444,9,8
4630,5144327,10,8
4631,1028957,3,8
4632,2598486,10,8
4633,1163804,12,8
4634,4955014,12,8
4635,2679500,1,8
4636,2495289,3,8
4637,2596330,9,8
4638,736100,10,8
4639,3242746,9,8
4640,1915474,6,8
4641,1872517,11,8
4642,5156561,9,8
4643,106348,5,8
4644,3976278,10,8
4645,3193240,10,8
4646,6192304,9,8
4647,3647053,7,8
4648,3022157,7,8
4649,4002671,9,8
4650,5609054,9,8
4651,4290504,5,8
4652,1020352,2,8
4653,4588724,11,8
4654,273351,9,8
4655,5884692,1,8
4656,6471330,1,8
4657,232866,8,8
4658,6022405,12,8
4659,2491609,11,8
4660,1684292,10,8
4661,3328385,6,8
4662,46167,11,8
4663,1170681,3,8
4664,851058,3,8
4665,6387969,11,8
4666,3703447,9,8
4667,4719714,1,8
4668,3369220,6,8
4669,6498060,12,8
4670,1936645,6,8
4671,3276609,9,8
4672,1383074,1,8
4673,5061084,10,8
4674,4682119,7,8
4675,447693,3,8
4676,4762604,6,8
4677,479669,12,8
4678,2269053,7,8
4679,4904188,7,8
4680,5057857,10,8
4681,2568682,4,8
4682,5657828,10,8
4683,3278097,6,8
4684,4341519,3,8
4685,525886,12,8
4686,2450075,12,8
4687,4891823,4,8
4688,33904,12,8
4689,5056667,9,8
4690,5121237,9,8
4691,4314065,8,8
4692,5133434,12,8
4693,5332722,6,8
4694,2407049,9,8
4695,3265642,6,8
4696,4080918,3,8
4697,3082413,12,8
4698,1571369,12,8
4699,3849448,11,8
4700,1598724,3,8
4701,3451554,11,8
4702,2665775,9,8
4703,3888154,8,8
4704,5494991,2,8
4705,3354934,12,8
4706,3519251,12,8
4707,5082762,4,8
4708,5020845,3,8
4709,2434541,1,8
4710,4326040,6,8
4711,4240552,10,8
4712,3257077,10,8
4713,3589936,9,8
4714,4187087,9,8
4715,577938,9,8
4716,4742921,12,8
4717,1520066,10,8
4718,4479300,11,8
4719,6300844,10,8
4720,2992096,9,8
4721,233700,12,8
4722,4256808,12,8
4723,191444,11,8
4724,4159777,6,8
4725,5933997,9,8
4726,614514,10,8
4727,4318374,10,8
4728,4405311,1,8
4729,2990746,7,8
4730,597464,3,8
4731,6073671,12,8
4732,5019374,11,8
4733,2999611,11,8
4734,805209,8,8
4735,3032076,11,8
4736,4200379,12,8
4737,3679302,10,8
4738,1164972,1,8
4739,5654275,9,8
4740,4202811,9,8
4741,6050619,4,8
4742,2205017,1,8
4743,1386924,6,8
4744,696299,1,8
4745,5795026,8,8
4746,5565454,11,8
4747,3261552,6,8
4748,5140999,9,8
4749,4599139,7,8
4750,5818944,10,8
4751,3757706,10,8
4752,5771206,11,8
4753,2865183,9,8
4754,2718335,11,8
4755,6079324,1,8
4756,4373251,10,8
4757,6318793,9,8
4758,5866639,7,8
4759,2770386,6,8
4760,689092,1,8
4761,3679148,9,8
4762,4367991,12,8
4763,4922879,7,8
4764,5844033,12,8
4765,6138860,12,8
4766,1481601,7,8
4767,90861,8,8
4768,587339,12,8
4769,3420974,11,8
4770,715804,12,8
4771,3042450,9,8
4772,3616232,9,8
4773,627367,8,8
4774,3527514,8,8
4775,210942,11,8
4776,2961118,11,8
4777,5670597,3,8
4778,6055389,12,8
4779,5084127,12,8
4780,1665491,12,8
4781,1844757,10,8
4782,4040489,11,8
4783,164576,6,8
4784,4422413,9,8
4785,5693249,3,8
4786,3931683,5,8
4787,4005896,6,8
4788,1002526,8,8
4789,1042901,10,8
4790,2440842,4,8
4791,1177539,3,8
4792,4815607,9,8
4793,1750704,12,8
4794,562626,10,8
4795,1757589,11,8
4796,2925028,1,8
4797,2077665,9,8
4798,5788021,10,8
4799,1019515,12,8
4800,3140295,8,8
4801,4534006,11,8
4802,2444218,2,8
4803,6291326,11,8
4804,2090137,3,8
4805,1877759,11,8
4806,6278662,1,8
4807,1074560,9,8
4808,5074679,10,8
4809,4319355,1,8
4810,1839568,10,8
4811,1247982,1,8
4812,578015,9,8
4813,5918165,5,8
4814,3291231,9,8
4815,47504,12,8
4816,5887730,4,8
4817,3439036,10,8
4818,5439573,12,8
4819,726283,10,8
4820,4808473,4,8
4821,2292303,5,8
4822,4092455,12,8
4823,1486470,12,8
4824,4650862,9,8
4825,263452,2,8
4826,4564758,12,8
4827,1133660,1,8
4828,5205475,11,8
4829,6296210,9,8
4830,3994019,9,8
4831,1496310,6,8
4832,2478827,3,8
4833,183584,5,8
4834,2355641,12,8
4835,4924190,9,8
4836,3367310,4,8
4837,4005757,10,8
4838,2237249,11,8
4839,2615046,3,8
4840,6043476,12,8
4841,1853021,11,8
4842,1427690,9,8
4843,998703,9,8
4844,3489743,12,8
4845,1328692,7,8
4846,4300060,10,8
4847,4934328,10,8
4848,2314151,11,8
4849,3118979,6,8
4850,5162546,12,8
4851,4774930,7,8
4852,3725158,10,9
4853,2077125,1,9
4854,6409192,1,9
4855,6319880,5,9
4856,1434990,6,9
4857,722112,1,9
4858,4540588,3,9
4859,4564758,8,9
4860,273351,9,9
4861,2166831,8,9
4862,3774824,10,9
4863,1062303,9,9
4864,4096952,12,9
4865,447693,4,9
4866,4533233,9,9
4867,231659,11,9
4868,4005757,3,9
4869,4154344,10,9
4870,5731361,6,9
4871,2127915,10,9
4872,624062,12,9
4873,2425020,6,9
4874,5564655,10,9
4875,538095,11,9
4876,3802744,12,9
4877,1877759,5,9
4878,2710569,8,9
4879,4341143,7,9
4880,3359270,1,9
4881,1097750,4,9
4882,3573928,6,9
4883,5374507,1,9
4884,6301218,10,9
4885,6324910,8,9
4886,3067775,12,9
4887,2168548,9,9
4888,1283336,3,9
4889,3483942,3,9
4890,3885354,1,9
4891,4707972,8,9
4892,6404195,7,9
4893,5901170,10,9
4894,5733739,10,9
4895,1851469,8,9
4896,5216004,8,9
4897,3532903,4,9
4898,955831,12,9
4899,3991800,11,9
4900,4928873,11,9
4901,3328385,5,9
4902,6379421,10,9
4903,1613900,9,9
4904,3516359,2,9
4905,1454100,7,9
4906,1177663,10,9
4907,2741667,5,9
4908,1383074,1,9
4909,3857194,11,9
4910,1934883,9,9
4911,709060,10,9
4912,5183170,10,9
4913,2996334,8,9
4914,3367310,3,9
4915,4404637,11,9
4916,1571369,10,9
4917,4577177,6,9
4918,3308822,10,9
4919,5750131,10,9
4920,1520066,5,9
4921,1216821,3,9
4922,460774,8,9
4923,5397313,12,9
4924,498845,8,9
4925,689092,1,9
4926,1340663,8,9
4927,4268871,6,9
4928,169490,11,9
4929,5418915,9,9
4930,2095212,9,9
4931,4060159,5,9
4932,1181046,7,9
4933,5050748,5,9
4934,1169697,1,9
4935,4516903,5,9
4936,3658130,10,9
4937,3927515,12,9
4938,4522790,4,9
4939,518247,12,9
4940,5409947,9,9
4941,96036,3,9
4942,2679500,1,9
4943,5285045,12,9
4944,1150312,6,9
4945,3956558,6,9
4946,261287,11,9
4947,5224668,3,9
4948,2315229,12,9
4949,2808377,11,9
4950,3619997,8,9
4951,311502,2,9
4952,6419018,10,9
4953,5012107,4,9
4954,5085690,6,9
4955,5753368,11,9
4956,4982554,11,9
4957,3979988,10,9
4958,128550,10,9
4959,565606,12,9
4960,4562275,6,9
4961,1598724,3,9
4962,4880487,9,9
4963,4430287,10,9
4964,379340,2,9
4965,5520467,9,9
4966,2414859,11,9
4967,656095,10,9
4968,974390,12,9
4969,6343621,5,9
4970,725727,11,9
4971,743790,8,9
4972,1412895,4,9
4973,227323,12,9
4974,620488,9,9
4975,2367790,10,9
4976,4187064,5,9
4977,3849448,11,9
4978,5864344,11,9
4979,4723435,5,9
4980,2468867,1,9
4981,4351884,12,9
4982,2410673,10,9
4983,164576,11,9
4984,6456765,11,9
4985,5974410,10,9
4986,4998457,10,9
4987,1930733,12,9
4988,2526424,1,9
4989,587339,10,9
4990,172829,1,9
4991,1658533,11,9
4992,2843297,7,9
4993,276955,5,9
4994,327221,11,9
4995,6416226,12,9
4996,6148115,10,9
4997,6226853,12,9
4998,4122217,9,9
4999,2905298,7,9
5000,2219282,12,9
5001,694908,1,9
5002,2583369,12,9
5003,1609758,10,9
5004,1887150,6,9
5005,2023292,1,9
5006,5322054,12,9
5007,2695754,8,9
5008,318275,12,9
5009,4811663,5,9
5010,5015443,11,9
5011,4595078,10,9
5012,6468165,12,9
5013,4934328,6,9
5014,2914575,9,9
5015,2455418,10,9
5016,3403677,8,9
5017,758615,9,9
5018,4838460,7,9
5019,5933997,9,9
5020,3888154,8,9
5021,1443901,5,9
5022,3734137,1,9
5023,641522,1,9
5024,135635,9,9
5025,4166868,3,9
5026,3866047,2,9
5027,5743215,8,9
5028,1844757,12,9
5029,3314672,12,9
5030,5480048,11,9
5031,3852820,12,9
5032,4998967,10,9
5033,3404639,9,9
5034,1219434,7,9
5035,5236858,12,9
5036,1816354,7,9
5037,842523,10,9
5038,4747135,4,9
5039,196427,1,9
5040,5729785,10,9
5041,3420974,6,9
5042,5888115,6,9
5043,4669998,1,9
5044,258372,5,9
5045,2521875,10,9
5046,1480267,12,9
5047,5144327,12,9
5048,2077786,12,9
5049,270622,6,9
5050,735366,3,9
5051,4602562,9,9
5052,205616,9,9
5053,5605789,11,9
5054,3447003,12,9
5055,1278388,12,9
5056,88290,12,9
5057,1475618,1,9
5058,1041658,11,9
5059,2711880,12,9
5060,3492311,11,9
5061,5257210,6,9
5062,5609054,11,9
5063,4756240,9,9
5064,6365584,5,9
5065,3563926,11,9
5066,3193240,10,9
5067,1328692,4,9
5068,6076264,1,9
5069,3379725,10,9
5070,5135762,9,9
5071,4037574,10,9
5072,3803659,4,9
5073,3152135,10,9
5074,3877388,10,9
5075,1758986,6,9
5076,5517818,12,9
5077,1730184,4,9
5078,4948900,10,9
5079,2999442,9,9
5080,4834158,12,9
5081,5464845,8,9
5082,215079,10,9
5083,4978183,11,9
5084,2840610,10,9
5085,6068514,7,9
5086,361137,10,9
5087,5520925,12,9
5088,5178863,8,9
5089,3423422,3,9
5090,1625319,6,9
5091,2269053,12,9
5092,4701051,9,9
5093,1166643,1,9
5094,2355641,10,9
5095,3610804,6,9
5096,6174497,10,9
5097,1161697,12,9
5098,628513,11,9
5099,467625,1,9
5100,5103547,10,9
5101,3809077,5,9
5102,2088911,10,9
5103,4718627,9,9
5104,4599139,9,9
5105,881824,12,9
5106,6004919,5,9
5107,6201831,10,9
5108,4680612,9,9
5109,16347,5,9
5110,465541,6,9
5111,284383,7,9
5112,618943,4,9
5113,5032618,10,9
5114,5121237,10,9
5115,1578082,11,9
5116,3097882,7,9
5117,1656539,12,9
5118,3668699,8,9
5119,3127584,12,9
5120,1945286,8,9
5121,4891823,11,9
5122,2014263,10,9
5123,721300,8,9
5124,5117113,1,9
5125,233960,9,9
5126,1498587,3,9
5127,1247932,8,9
5128,3118979,5,9
5129,479669,10,9
5130,3349451,1,9
5131,1185399,12,9
5132,1535805,9,9
5133,543404,8,9
5134,6363590,9,9
5135,4124260,10,9
5136,2609633,9,9
5137,3365753,3,9
5138,6431772,6,9
5139,3710206,12,9
5140,3531154,9,9
5141,3632442,8,9
5142,4080918,6,9
5143,5019213,12,9
5144,3079493,4,9
5145,1042901,8,9
5146,4193200,12,9
5147,905005,5,9
5148,3758791,5,9
5149,6003919,3,9
5150,6124522,10,9
5151,654526,12,9
5152,6293729,1,9
5153,2992096,9,9
5154,1915474,6,9
5155,5350989,12,9
5156,1176263,9,9
5157,5271527,12,9
5158,2019978,12,9
5159,5837908,11,9
5160,2481972,7,9
5161,5469266,11,9
5162,6439307,10,9
5163,1641223,10,9
5164,5719188,9,9
5165,3176384,3,9
5166,5064715,12,9
5167,3659885,2,9
5168,1981231,9,9
5169,525886,11,9
5170,6145460,12,9
5171,5888215,5,9
5172,4773640,12,9
5173,4152286,8,9
5174,3638097,9,9
5175,4126815,3,9
5176,4187083,7,9
5177,2336058,4,9
5178,6116532,6,9
5179,2834555,5,9
5180,4183406,12,9
5181,2121782,6,9
5182,1441176,10,9
5183,4967145,4,9
5184,1757589,11,9
5185,3057454,1,9
5186,1398788,11,9
5187,3880587,9,9
5188,2412427,1,9
5189,5818944,12,9
5190,3531670,11,9
5191,4710640,5,9
5192,754147,10,9
5193,4127779,12,9
5194,3423875,12,9
5195,2785750,5,9
5196,66291,12,9
5197,4485740,10,9
5198,5056667,12,9
5199,1317578,5,9
5200,5007829,3,9
5201,723806,7,9
5202,5005869,3,9
5203,2461531,1,9
5204,4721764,4,9
5205,3347411,12,9
5206,976764,11,9
5207,1379119,4,9
5208,862154,6,9
5209,2961189,10,9
5210,4256808,9,9
5211,6139191,1,9
5212,1481601,3,9
5213,3278097,11,9
5214,5073558,6,9
5215,5061084,11,9
5216,2291667,8,9
5217,1702854,9,9
5218,6161670,6,9
5219,3527514,5,9
5220,427566,10,9
5221,1553922,4,9
5222,2366892,10,9
5223,1620477,6,9
5224,3298181,9,9
5225,5760416,12,9
5226,4800399,10,9
5227,1562027,12,9
5228,3791212,12,9
5229,223511,9,9
5230,5762286,12,9
5231,2943045,12,9
5232,4010321,11,9
5233,489476,9,9
5234,2270016,3,9
5235,193339,10,9
5236,4371583,11,9
5237,111422,1,9
5238,4308495,12,9
5239,6415310,11,9
5240,4175830,1,9
5241,2153380,12,9
5242,2547609,12,9
5243,4955752,4,9
5244,1841705,4,9
5245,6133213,9,9
5246,2145393,3,9
5247,1013497,3,9
5248,1235751,1,9
5249,1780462,10,9
5250,4839836,9,9
5251,2823845,6,9
5252,6353435,12,9
5253,4355443,11,9
5254,4056733,12,9
5255,3616032,10,9
5256,3351762,6,9
5257,1143013,11,9
5258,4206122,12,9
5259,5788746,11,9
5260,5591436,3,9
5261,716640,10,9
5262,574205,4,9
5263,4587958,10,9
5264,191444,7,9
5265,3761473,12,9
5266,65701,1,9
5267,6357606,1,9
5268,3635202,9,9
5269,3815837,9,9
5270,3679302,10,9
5271,3258903,5,9
5272,846084,9,9
5273,646759,12,9
5274,1471249,10,9
5275,3422530,7,9
5276,1530791,1,9
5277,5859330,6,9
5278,4684875,9,9
5279,4479300,12,9
5280,5149816,12,9
5281,3181873,10,9
5282,1767835,11,9
5283,5021903,1,9
5284,3066281,3,9
5285,2698630,9,9
5286,1724302,10,9
5287,1477745,11,9
5288,2175759,8,9
5289,71580,11,9
5290,3386999,8,9
5291,5332722,2,9
5292,3999790,11,9
5293,2506188,4,9
5294,2054613,6,9
5295,4228535,10,9
5296,5645441,7,9
5297,4839843,1,9
5298,5154723,8,9
5299,2961118,12,9
5300,4474851,11,9
5301,2940613,11,9
5302,4650862,5,9
5303,33169,12,9
5304,5604753,4,9
5305,2971701,9,9
5306,5736629,1,9
5307,5815215,8,9
5308,5937178,7,9
5309,4242259,12,9
5310,4422413,10,9
5311,3728627,11,9
5312,4053938,9,9
5313,779006,12,9
5314,2434541,1,9
5315,1008573,1,9
5316,822361,9,9
5317,5813169,11,9
5318,74449,10,9
5319,1905381,9,9
5320,3869947,11,9
5321,3086550,12,9
5322,5793579,6,9
5323,1502851,9,9
5324,6442680,6,9
5325,4914416,5,9
5326,4436342,7,9
5327,5529636,1,9
5328,1458285,10,9
5329,3589936,12,9
5330,1151729,1,9
5331,5958707,9,9
5332,2519348,12,9
5333,3647053,11,9
5334,2299566,11,9
5335,3373646,11,9
5336,5694553,10,9
5337,5043958,11,9
5338,3238282,8,9
5339,735318,5,9
5340,353751,11,9
5341,33904,12,9
5342,6079324,1,9
5343,5200608,12,9
5344,1305949,10,9
5345,726283,6,9
5346,1233505,9,9
5347,6133051,4,9
5348,1492812,12,9
5349,2480002,1,9
5350,907290,8,9
5351,1742315,9,9
5352,3987754,11,9
5353,835819,9,9
5354,6380977,1,9
5355,2999611,9,9
5356,812233,6,9
5357,4861465,11,9
5358,6220548,1,9
5359,5257079,5,9
5360,2075896,10,9
5361,3369220,1,9
5362,1605648,8,9
5363,5852494,9,9
5364,5947808,12,9
5365,6300844,9,9
5366,3931683,4,9
5367,4613440,5,9
5368,888013,12,9
5369,2400836,11,9
5370,2578191,3,9
5371,1587138,10,9
5372,3734181,7,9
5373,799022,10,9
5374,701309,9,9
5375,624973,11,9
5376,628380,5,9
5377,4720515,9,9
5378,1843461,12,9
5379,6214309,12,9
5380,5037608,1,9
5381,5039060,10,9
5382,6245238,10,9
5383,1367335,4,9
5384,6318793,9,9
5385,5254957,12,9
5386,3157209,12,9
5387,2525217,5,9
5388,4869809,11,9
5389,1151416,11,9
5390,5695940,1,9
5391,5992339,10,9
5392,1696406,1,9
5393,691666,6,9
5394,4369611,9,9
5395,1525399,12,9
5396,4065354,9,9
5397,6302231,5,9
5398,4115987,10,9
5399,1204273,11,9
5400,3388742,5,9
5401,2432288,10,9
5402,700612,11,9
5403,3987157,4,9
5404,4246461,7,9
5405,444403,9,9
5406,6057906,8,9
5407,2153658,10,9
5408,4040489,7,9
5409,31246,6,9
5410,6024083,12,9
5411,671908,10,9
5412,5542285,8,9
5413,2205017,11,9
5414,2929591,9,9
5415,3851853,8,9
5416,4926789,12,9
5417,3668393,9,9
5418,6032106,5,9
5419,4774930,10,9
5420,2721811,9,9
5421,3634221,8,9
5422,5219482,8,9
5423,2987945,10,9
5424,3439149,3,9
5425,2600201,12,9
5426,3703447,12,9
5427,958701,7,9
5428,3547791,2,9
5429,1611812,5,9
5430,2837685,1,9
5431,340069,9,9
5432,1601067,9,9
5433,6283998,12,9
5434,2048750,11,9
5435,4692350,9,9
5436,1259576,10,9
5437,2440842,9,9
5438,1025839,1,9
5439,656054,12,9
5440,2974455,4,9
5441,6075416,5,9
5442,404479,10,9
5443,4042491,12,9
5444,3363885,10,9
5445,1782530,6,9
5446,3978768,10,9
5447,2520200,9,9
5448,147528,12,9
5449,5162546,10,9
5450,5812519,4,9
5451,2649843,4,9
5452,6336464,9,9
5453,5439573,12,9
5454,3769532,10,9
5455,476470,12,9
5456,4954550,4,9
5457,3651805,10,9
5458,4938157,1,9
5459,532245,9,9
5460,1272060,1,9
5461,6142168,3,9
5462,2668469,9,9
5463,5536803,10,9
5464,2023164,5,9
5465,4129015,4,9
5466,5494253,11,9
5467,5888215,10,10
5468,4834158,11,10
5469,3326305,9,10
5470,2077786,9,10
5471,5603595,12,10
5472,3457262,1,10
5473,1610686,3,10
5474,263452,12,10
5475,709060,11,10
5476,4419698,3,10
5477,5324978,4,10
5478,1163804,12,10
5479,1877759,11,10
5480,3610804,5,10
5481,776469,8,10
5482,45025,9,10
5483,2421925,12,10
5484,2042603,1,10
5485,932111,9,10
5486,5438361,9,10
5487,2798056,9,10
5488,1962334,11,10
5489,6471330,1,10
5490,3332429,5,10
5491,5553341,5,10
5492,1498587,8,10
5493,3664110,8,10
5494,2561405,12,10
5495,4728975,9,10
5496,401390,12,10
5497,3032076,10,10
5498,318275,10,10
5499,1008573,4,10
5500,6291326,7,10
5501,2887540,7,10
5502,1781712,9,10
5503,5750131,11,10
5504,4104629,6,10
5505,5156561,9,10
5506,210007,9,10
5507,5635947,11,10
5508,5614268,12,10
5509,2231374,11,10
5510,2526424,12,10
5511,4750003,10,10
5512,5270707,10,10
5513,4040489,11,10
5514,6053580,9,10
5515,4839843,2,10
5516,4938534,9,10
5517,3439036,10,10
5518,354297,3,10
5519,5057857,10,10
5520,3400675,8,10
5521,3589936,10,10
5522,1247932,4,10
5523,4595078,4,10
5524,4404637,10,10
5525,4065354,10,10
5526,750891,12,10
5527,139954,9,10
5528,2933437,6,10
5529,2525217,10,10
5530,3924478,1,10
5531,5630173,8,10
5532,539935,9,10
5533,495439,6,10
5534,2062416,10,10
5535,5640462,9,10
5536,6066457,9,10
5537,2355641,12,10
5538,6032106,8,10
5539,6469478,5,10
5540,83824,11,10
5541,2521875,3,10
5542,1360947,11,10
5543,3803659,9,10
5544,4487540,8,10
5545,1608708,6,10
5546,5095053,10,10
5547,192539,12,10
5548,353048,12,10
5549,3658130,10,10
5550,1843461,10,10
5551,4849432,9,10
5552,2570024,1,10
5553,4433623,5,10
5554,5180533,9,10
5555,2848668,10,10
5556,4318374,12,10
5557,5795026,4,10
5558,5042288,10,10
5559,689092,1,10
5560,128938,4,10
5561,5446413,5,10
5562,3420974,9,10
5563,2153380,9,10
5564,5387176,5,10
5565,806932,9,10
5566,4445026,9,10
5567,1441176,10,10
5568,2670013,4,10
5569,241033,8,10
5570,57274,11,10
5571,342011,4,10
5572,4712836,8,10
5573,4954550,4,10
5574,2545524,1,10
5575,4998967,4,10
5576,5273523,1,10
5577,4934328,8,10
5578,6409773,12,10
5579,6416226,8,10
5580,5078038,9,10
5581,1372354,6,10
5582,3275362,1,10
5583,5679773,10,10
5584,3422530,12,10
5585,515891,12,10
5586,2649843,11,10
5587,4016269,11,10
5588,1099697,12,10
5589,2019954,10,10
5590,270622,6,10
5591,4914416,9,10
5592,3455235,9,10
5593,4680612,8,10
5594,4904188,10,10
5595,3168425,10,10
5596,2726547,12,10
5597,172553,12,10
5598,1042901,9,10
5599,6278108,10,10
5600,2439039,9,10
5601,3242746,9,10
5602,4253187,10,10
5603,1285982,12,10
5604,408087,3,10
5605,1405679,2,10
5606,5536803,10,10
5607,6278662,9,10
5608,214642,9,10
5609,486424,12,10
5610,736100,8,10
5611,4294205,11,10
5612,528415,10,10
5613,1167963,8,10
5614,1434990,11,10
5615,5056667,11,10
5616,164576,10,10
5617,3118979,11,10
5618,1740806,8,10
5619,456798,3,10
5620,1204273,9,10
5621,210942,7,10
5622,1443076,10,10
5623,6074295,10,10
5624,3564499,3,10
5625,5753368,11,10
5626,3791212,9,10
5627,231659,12,10
5628,701309,8,10
5629,5623338,7,10
5630,455195,6,10
5631,135635,12,10
5632,5634124,7,10
5633,1002526,5,10
5634,2168548,5,10
5635,3111830,3,10
5636,5689584,1,10
5637,3851853,9,10
5638,4306293,11,10
5639,735318,9,10
5640,6456765,10,10
5641,652536,1,10
5642,1247057,12,10
5643,2132674,1,10
5644,3766629,10,10
5645,378928,1,10
5646,624973,11,10
5647,1176263,9,10
5648,5974410,9,10
5649,3131453,5,10
5650,2568915,6,10
5651,3761473,9,10
5652,5448672,10,10
5653,2633483,8,10
5654,3454553,12,10
5655,3847300,1,10
5656,2519348,9,10
5657,3080241,8,10
5658,3265642,3,10
5659,3899121,9,10
5660,3041580,10,10
5661,6161670,6,10
5662,5513336,9,10
5663,97987,10,10
5664,5517818,9,10
5665,4474851,11,10
5666,5605789,12,10
5667,3216525,11,10
5668,70103,8,10
5669,2881730,8,10
5670,6463676,9,10
5671,3888154,10,10
5672,1689467,10,10
5673,6044474,9,10
5674,3042450,9,10
5675,568358,5,10
5676,5344481,3,10
5677,1507526,11,10
5678,573527,1,10
5679,4791266,9,10
5680,4968406,2,10
5681,6293729,2,10
5682,332173,10,10
5683,1502504,11,10
5684,5704429,5,10
5685,1269426,1,10
5686,4028688,3,10
5687,5686912,7,10
5688,4516903,3,10
5689,556236,9,10
5690,3208964,11,10
5691,5110405,3,10
5692,1383074,1,10
5693,2994614,4,10
5694,949475,11,10
5695,5348277,4,10
5696,4227998,10,10
5697,3976278,8,10
5698,4558417,12,10
5699,3425934,9,10
5700,3066281,3,10
5701,627367,4,10
5702,783470,2,10
5703,3175139,9,10
5704,3991847,10,10
5705,2837458,10,10
5706,2583369,7,10
5707,4552528,10,10
5708,812601,6,10
5709,5307584,10,10
5710,2914575,12,10
5711,3057402,11,10
5712,1570606,10,10
5713,4319661,8,10
5714,5011227,9,10
5715,149949,7,10
5716,2611937,5,10
5717,1476650,12,10
5718,354426,4,10
5719,4966537,11,10
5720,6498783,1,10
5721,4154344,11,10
5722,3668699,5,10
5723,1334464,10,10
5724,691666,4,10
5725,4544513,8,10
5726,1851469,10,10
5727,2612557,12,10
5728,2444218,3,10
5729,5132104,8,10
5730,5517394,9,10
5731,4547514,9,10
5732,5019213,12,10
5733,4692350,9,10
5734,6345600,10,10
5735,1553922,4,10
5736,1874207,6,10
5737,5719188,3,10
5738,5529636,1,10
5739,1665863,9,10
5740,5762286,11,10
5741,1844757,11,10
5742,538095,10,10
5743,4351884,8,10
5744,6204758,3,10
5745,5231118,12,10
5746,2608984,8,10
5747,5680149,1,10
5748,1216821,4,10
5749,2882854,11,10
5750,3321676,5,10
5751,70021,12,10
5752,1729736,12,10
5753,1611812,12,10
5754,5864344,9,10
5755,4163355,4,10
5756,53810,7,10
5757,5117688,4,10
5758,3570636,11,10
5759,2023164,5,10
5760,4326040,10,10
5761,2510668,5,10
5762,958701,8,10
5763,3651805,9,10
5764,3261552,11,10
5765,2394356,7,10
5766,2521155,9,10
5767,6236783,4,10
5768,964643,4,10
5769,4800399,2,10
5770,2992096,11,10
5771,4246461,9,10
5772,106348,9,10
5773,5520467,10,10
5774,2520515,7,10
5775,6343751,7,10
5776,2961189,6,10
5777,4511502,5,10
5778,999565,12,10
5779,637067,9,10
5780,4595896,9,10
5781,5792640,10,10
5782,2549635,10,10
5783,500859,3,10
5784,5300729,4,10
5785,3057988,12,10
5786,4370736,5,10
5787,2990746,7,10
5788,4835378,9,10
5789,489476,8,10
5790,6182753,7,10
5791,4928873,11,10
5792,5253238,1,10
5793,4268871,6,10
5794,5064715,9,10
5795,5145320,5,10
5796,4800441,1,10
5797,3328385,7,10
5798,4955752,3,10
5799,5173938,12,10
5800,4863120,7,10
5801,4534006,10,10
5802,182669,4,10
5803,1406385,9,10
5804,5416928,10,10
5805,2520693,12,10
5806,5450314,9,10
5807,4315327,6,10
5808,1549718,10,10
5809,3022157,9,10
5810,3918853,7,10
5811,3209384,5,10
5812,3774824,11,10
5813,4341519,11,10
5814,4206122,12,10
5815,4741690,10,10
5816,2302045,12,10
5817,3547791,12,10
5818,1177663,11,10
5819,1002429,1,10
5820,4164611,10,10
5821,6322847,6,10
5822,1379352,10,10
5823,5473739,1,10
5824,1935756,10,10
5825,4745256,1,10
5826,480699,5,10
5827,5729785,9,10
5828,700612,9,10
5829,276955,6,10
5830,4522790,4,10
5831,178685,10,10
5832,3978768,10,10
5833,205616,3,10
5834,1248537,7,10
5835,364733,5,10
5836,112864,9,10
5837,5670597,1,10
5838,3276609,10,10
5839,1639659,7,10
5840,2779350,6,10
5841,4124260,10,10
5842,822090,12,10
5843,989099,7,10
5844,427566,9,10
5845,5826554,1,10
5846,457987,1,10
5847,4000125,1,10
5848,1125565,11,10
5849,4450693,8,10
5850,1848740,9,10
5851,4774971,12,10
5852,465449,5,10
5853,1743549,6,10
5854,6394574,5,10
5855,4198862,4,10
5856,2455418,11,10
5857,1613953,10,10
5858,2354590,3,10
5859,2517554,9,10
5860,191444,6,10
5861,3543957,10,10
5862,3581894,11,10
5863,3949925,12,10
5864,1835110,9,10
5865,2699177,4,10
5866,3741057,2,10
5867,2278479,9,10
5868,3857353,12,10
5869,3186913,1,10
5870,6442680,7,10
5871,5301682,12,10
5872,3752851,3,10
5873,3638097,10,10
5874,581101,12,10
5875,1454100,12,10
5876,4799330,2,10
5877,6109293,6,10
5878,1645200,5,10
5879,3055779,9,10
5880,258372,10,10
5881,4314065,8,10
5882,747814,9,10
5883,654526,9,10
5884,4599139,9,10
5885,3006963,10,10
5886,1083651,7,10
5887,6318793,10,10
5888,5036261,10,10
5889,4811663,5,10
5890,3127584,12,10
5891,1641223,9,10
5892,5135337,12,10
5893,4811806,10,10
5894,597622,12,10
5895,577938,6,10
5896,6257432,4,10
5897,5888115,8,10
5898,4206148,9,10
5899,1928850,6,10
5900,5947808,10,10
5901,1481601,3,10
5902,3887839,9,10
5903,4128753,5,10
5904,1133607,12,10
5905,3527514,8,10
5906,1108981,7,10
5907,2858127,11,10
5908,3208825,1,10
5909,5029170,10,10
5910,3395342,6,10
5911,591328,10,10
5912,7366,6,10
5913,995546,4,10
5914,4967145,3,10
5915,6274818,12,10
5916,1486470,12,10
5917,907290,11,10
5918,2412427,11,10
5919,615477,10,10
5920,3915043,9,10
5921,271521,9,10
5922,3091735,9,10
5923,2366922,6,10
5924,5699214,10,10
5925,6245238,2,10
5926,278889,4,10
5927,1169697,12,10
5928,1867936,10,10
5929,327873,8,10
5930,855368,12,10
5931,2121417,11,10
5932,24090,1,10
5933,1894044,11,10
5934,1551950,5,10
5935,5844033,10,10
5936,3732525,10,10
5937,6473329,12,10
5938,4159777,6,10
5939,797408,10,10
5940,3766745,11,10
5941,4485740,7,10
5942,2800695,10,10
5943,4299666,12,10
5944,4405311,12,10
5945,1907726,7,10
5946,1658533,7,10
5947,4784568,1,10
5948,3170645,5,10
5949,6218555,9,10
5950,4488254,11,10
5951,3274135,12,10
5952,3319179,9,10
5953,4773246,11,10
5954,176623,10,10
5955,3091854,7,10
5956,3773828,10,10
5957,2825544,11,10
5958,3306577,4,10
5959,3369220,5,10
5960,965276,6,10
5961,4805576,5,10
5962,328451,6,10
5963,3994019,9,10
5964,4756460,1,10
5965,5630222,3,10
5966,3877388,12,10
5967,5134676,11,10
5968,4999808,9,10
5969,4971335,7,10
5970,3388074,12,10
5971,5919541,11,10
5972,5019374,9,10
5973,4602562,7,10
5974,896326,12,10
5975,3934933,5,10
5976,5645441,2,10
5977,3403677,12,10
5978,1233505,10,10
5979,561619,11,10
5980,1619950,12,10
5981,4975631,12,10
5982,2545502,12,10
5983,1620477,6,10
5984,3977605,11,10
5985,2236870,10,10
5986,1283336,3,10
5987,1670891,10,10
5988,4479300,1,10
5989,2905298,10,10
5990,5736611,11,10
5991,2081509,9,10
5992,2463038,12,10
5993,3573928,12,10
5994,5671861,10,10
5995,3931683,7,10
5996,1475618,1,10
5997,4099040,4,10
5998,1458285,10,10
5999,1015199,12,10
6000,3341409,1,10
6001,5082762,9,10
6002,5731361,1,10
6003,893997,10,10
6004,3574092,4,10
6005,267470,11,10
6006,715804,12,10
6007,6343621,9,10
6008,250733,7,10
6009,1954053,12,10
6010,6389015,4,10
6011,4593336,5,10
6012,683988,12,10
6013,3386999,11,10
6014,1909348,12,10
6015,988019,3,10
6016,250780,11,10
6017,2414859,6,10
6018,2626939,5,10
6019,2243660,9,10
6020,369293,11,10
6021,3974526,3,10
6022,4037574,12,10
6023,6350727,3,10
6024,447693,3,10
6025,1083040,11,10
6026,5890238,4,10
6027,1356423,11,10
6028,3905760,10,10
6029,5557448,11,10
6030,5121473,1,10
6031,6116532,11,10
6032,1259576,10,10
6033,6148115,6,10
6034,4419866,6,10
6035,1369990,4,10
6036,122416,9,10
6037,63433,10,10
6038,1048618,3,10
6039,1023885,6,10
6040,4371583,6,10
6041,1594219,11,10
6042,4209152,8,10
6043,992606,10,10
6044,2504335,8,10
6045,1456382,10,10
6046,1379966,9,10
6047,3532903,4,11
6048,4329739,9,11
6049,526864,10,11
6050,3274135,12,11
6051,4249393,9,11
6052,5670597,4,11
6053,3416114,12,11
6054,735366,7,11
6055,5005869,10,11
6056,6050619,4,11
6057,5864344,9,11
6058,3531670,3,11
6059,1625319,7,11
6060,6365584,11,11
6061,4782163,9,11
6062,3022157,9,11
6063,1132010,6,11
6064,4158394,9,11
6065,4742049,9,11
6066,2497146,1,11
6067,5788746,11,11
6068,1603615,8,11
6069,1382944,5,11
6070,5056667,11,11
6071,5286269,11,11
6072,5313663,9,11
6073,5918165,4,11
6074,6492339,12,11
6075,917822,1,11
6076,4204065,2,11
6077,3341089,10,11
6078,2538894,12,11
6079,258372,10,11
6080,3836231,10,11
6081,5216829,2,11
6082,1698135,6,11
6083,2510668,10,11
6084,1821775,9,11
6085,2367790,11,11
6086,6219105,9,11
6087,2450075,7,11
6088,3338602,9,11
6089,2883348,9,11
6090,1658533,8,11
6091,3622526,3,11
6092,3176384,11,11
6093,3938245,11,11
6094,4799330,7,11
6095,1441176,5,11
6096,1492812,5,11
6097,12872,9,11
6098,1352099,11,11
6099,6215090,9,11
6100,3979988,7,11
6101,614514,5,11
6102,3390004,4,11
6103,1915474,6,11
6104,475539,3,11
6105,3791104,5,11
6106,3547791,9,11
6107,3732525,8,11
6108,6079324,1,11
6109,2514905,9,11
6110,3057454,7,11
6111,1822213,3,11
6112,6081830,6,11
6113,4759762,9,11
6114,5225090,12,11
6115,1062303,9,11
6116,3915043,5,11
6117,666101,4,11
6118,5672165,12,11
6119,4599139,10,11
6120,2611937,11,11
6121,6355643,6,11
6122,2350437,5,11
6123,2021269,11,11
6124,3876788,4,11
6125,112864,6,11
6126,3769532,9,11
6127,4507715,11,11
6128,3227039,5,11
6129,539935,9,11
6130,491601,3,11
6131,1367335,4,11
6132,4046960,11,11
6133,1276713,12,11
6134,2680675,9,11
6135,4080918,12,11
6136,1247932,5,11
6137,4967145,3,11
6138,551119,5,11
6139,492660,6,11
6140,1285982,3,11
6141,4436567,2,11
6142,2990746,1,11
6143,1665863,12,11
6144,1317578,11,11
6145,5657828,4,11
6146,3311384,1,11
6147,761403,5,11
6148,5748315,4,11
6149,689092,5,11
6150,3141073,12,11
6151,2159224,9,11
6152,6176047,10,11
6153,5482056,11,11
6154,65701,1,11
6155,322218,6,11
6156,461181,9,11
6157,5866639,6,11
6158,2782931,10,11
6159,3852820,9,11
6160,3685759,12,11
6161,5085690,6,11
6162,618667,9,11
6163,5731361,11,11
6164,4268871,4,11
6165,182669,4,11
6166,1610017,9,11
6167,627367,10,11
6168,735318,1,11
6169,4442713,9,11
6170,1629880,1,11
6171,905005,12,11
6172,2175759,6,11
6173,4140754,2,11
6174,5061084,3,11
6175,4115987,8,11
6176,2355641,9,11
6177,3918853,1,11
6178,4256230,12,11
6179,5149816,9,11
6180,214642,10,11
6181,3308822,10,11
6182,1099697,9,11
6183,2506188,3,11
6184,4721764,1,11
6185,2153380,11,11
6186,4154344,11,11
6187,2929591,5,11
6188,5290043,9,11
6189,4731466,10,11
6190,355929,11,11
6191,2014263,3,11
6192,90861,2,11
6193,887016,12,11
6194,4721476,8,11
6195,3877388,12,11
6196,4367991,10,11
6197,4419032,4,11
6198,656054,12,11
6199,4572884,5,11
6200,1280583,11,11
6201,1259576,10,11
6202,4389151,1,11
6203,5311134,11,11
6204,1185399,12,11
6205,721980,9,11
6206,271521,10,11
6207,3679148,9,11
6208,488776,10,11
6209,5569564,7,11
6210,6471330,1,11
6211,2479829,10,11
6212,3851853,6,11
6213,2539395,6,11
6214,4998967,10,11
6215,3386999,9,11
6216,2865183,9,11
6217,5135762,10,11
6218,3069943,12,11
6219,3880587,10,11
6220,2979332,6,11
6221,5771206,8,11
6222,250733,11,11
6223,2473447,5,11
6224,5464845,1,11
6225,545309,8,11
6226,2798056,11,11
6227,3581894,11,11
6228,5079397,1,11
6229,573527,1,11
6230,4786518,6,11
6231,5032618,11,11
6232,3766629,10,11
6233,3571583,3,11
6234,2215156,4,11
6235,2326213,9,11
6236,3809721,9,11
6237,3239456,9,11
6238,172553,7,11
6239,2910586,5,11
6240,4181349,6,11
6241,5852929,8,11
6242,1209619,8,11
6243,3349997,9,11
6244,4765681,4,11
6245,4242259,8,11
6246,1818304,5,11
6247,191444,8,11
6248,3168823,10,11
6249,1530791,4,11
6250,3032076,6,11
6251,261287,5,11
6252,5233125,10,11
6253,1255899,9,11
6254,1440856,3,11
6255,3957800,9,11
6256,4768773,3,11
6257,3209387,10,11
6258,3504899,1,11
6259,1218865,11,11
6260,842523,10,11
6261,6218555,8,11
6262,2127915,11,11
6263,4422413,12,11
6264,2299566,12,11
6265,2568682,3,11
6266,6234507,5,11
6267,1283336,12,11
6268,3261248,5,11
6269,3934933,5,11
6270,5494991,2,11
6271,3311168,12,11
6272,88290,9,11
6273,799022,9,11
6274,6379421,6,11
6275,5961733,10,11
6276,6306655,5,11
6277,3549197,10,11
6278,587114,10,11
6279,2626939,9,11
6280,3869947,3,11
6281,5750131,2,11
6282,2439039,12,11
6283,1233505,8,11
6284,5173938,10,11
6285,1632015,12,11
6286,4891823,12,11
6287,5140999,3,11
6288,3956558,4,11
6289,5132104,12,11
6290,6292251,1,11
6291,3725158,9,11
6292,3923675,7,11
6293,5464741,1,11
6294,5623338,9,11
6295,1498587,7,11
6296,2317223,11,11
6297,4187064,10,11
6298,4397186,1,11
6299,1669341,1,11
6300,1270083,11,11
6301,498845,9,11
6302,5231118,12,11
6303,671908,11,11
6304,628380,6,11
6305,4461899,7,11
6306,5136040,10,11
6307,4091655,5,11
6308,6041753,8,11
6309,6173579,10,11
6310,3260218,10,11
6311,3632230,4,11
6312,4959110,11,11
6313,327873,12,11
6314,6204758,11,11
6315,4124260,10,11
6316,4475738,12,11
6317,900847,10,11
6318,2253027,10,11
6319,5602941,4,11
6320,2633965,12,11
6321,3849448,11,11
6322,4484556,11,11
6323,1108981,4,11
6324,1641223,10,11
6325,6442224,11,11
6326,3930838,1,11
6327,300086,12,11
6328,4922879,4,11
6329,5685904,11,11
6330,1945286,11,11
6331,233700,11,11
6332,6301218,10,11
6333,2533760,3,11
6334,46167,8,11
6335,3543957,4,11
6336,1434722,10,11
6337,3435750,1,11
6338,3127584,12,11
6339,1166643,1,11
6340,57274,12,11
6341,1613900,11,11
6342,3424220,9,11
6343,848582,1,11
6344,2102413,10,11
6345,1923823,5,11
6346,1979904,4,11
6347,4595896,9,11
6348,931734,4,11
6349,97987,11,11
6350,2521875,10,11
6351,3200371,10,11
6352,5699214,6,11
6353,1020352,2,11
6354,1724302,1,11
6355,2583369,6,11
6356,2077786,8,11
6357,6403604,9,11
6358,5859109,4,11
6359,2887540,3,11
6360,3753879,3,11
6361,2886052,8,11
6362,881824,10,11
6363,4522790,4,11
6364,311502,1,11
6365,3677247,9,11
6366,4410798,7,11
6367,4084986,1,11
6368,1520579,10,11
6369,5743215,10,11
6370,407501,12,11
6371,3892986,8,11
6372,4742921,10,11
6373,6380977,1,11
6374,2728997,3,11
6375,2225686,11,11
6376,1108553,11,11
6377,2639434,10,11
6378,2940613,10,11
6379,6439307,10,11
6380,3372187,11,11
6381,3373646,11,11
6382,4303882,1,11
6383,4608537,11,11
6384,219473,11,11
6385,2455418,10,11
6386,3889463,8,11
6387,4786683,3,11
6388,4483839,10,11
6389,4152286,11,11
6390,6018291,5,11
6391,2883981,8,11
6392,1031696,7,11
6393,4577177,4,11
6394,2236870,12,11
6395,4029112,9,11
6396,4042491,11,11
6397,591328,9,11
6398,3120519,6,11
6399,2567361,5,11
6400,4298469,11,11
6401,2463543,12,11
6402,6302231,9,11
6403,6476499,10,11
6404,5202311,9,11
6405,2019954,12,11
6406,5529636,1,11
6407,2145393,5,11
6408,6278108,6,11
6409,4552528,10,11
6410,4692350,8,11
6411,2622760,11,11
6412,3978768,10,11
6413,2840610,3,11
6414,5494253,7,11
6415,223511,6,11
6416,1393345,4,11
6417,3558455,3,11
6418,6432378,10,11
6419,4880487,10,11
6420,2042603,1,11
6421,3423422,6,11
6422,4612202,10,11
6423,2265260,10,11
6424,4300060,12,11
6425,4623748,5,11
6426,86668,7,11
6427,2570024,2,11
6428,4163355,3,11
6429,2520200,9,11
6430,2263732,9,11
6431,6363590,11,11
6432,3441769,6,11
6433,3616232,11,11
6434,577938,9,11
6435,1549718,12,11
6436,6095670,7,11
6437,4874322,1,11
6438,4035797,3,11
6439,4218613,3,11
6440,4351884,6,11
6441,3448211,8,11
6442,1976587,12,11
6443,2772468,4,11
6444,3616032,9,11
6445,4192761,8,11
6446,1551950,11,11
6447,5213417,12,11
6448,654526,5,11
6449,2291667,12,11
6450,1518907,11,11
6451,6151658,8,11
6452,4914416,12,11
6453,5719188,9,11
6454,1950960,4,11
6455,3863135,12,11
6456,6436107,2,11
6457,3734137,1,11
6458,2658470,2,11
6459,3888154,8,11
6460,5480048,12,11
6461,5432400,1,11
6462,4522040,8,11
6463,331061,4,11
6464,5446413,10,11
6465,700612,10,11
6466,3698100,4,11
6467,1947283,9,11
6468,4849056,10,11
6469,3990768,12,11
6470,3168425,10,11
6471,4700467,3,11
6472,4060159,11,11
6473,2956344,9,11
6474,5374507,4,11
6475,6220548,1,11
6476,1216821,3,11
6477,4120263,6,11
6478,2961118,11,11
6479,524023,9,11
6480,4811663,9,11
6481,2414859,10,11
6482,404479,9,11
6483,5630173,10,11
6484,5037838,11,11
6485,1305949,6,11
6486,1434990,10,11
6487,2992096,5,11
6488,5169740,10,11
6489,2075896,5,11
6490,1874207,4,11
6491,3328385,11,11
6492,3455235,8,11
6493,4037574,10,11
6494,3395342,12,11
6495,4206122,9,11
6496,5019374,10,11
6497,250780,4,11
6498,4037285,9,11
6499,1938054,8,11
6500,5734879,10,11
6501,4948900,12,11
6502,2871734,5,11
6503,5603595,12,11
6504,4588724,11,11
6505,4375127,9,11
6506,442413,12,11
6507,1261236,11,11
6508,4910714,11,11
6509,1048618,11,11
6510,4756240,11,11
6511,5764435,12,11
6512,4432918,1,11
6513,2556918,6,11
6514,3492311,1,11
6515,2440842,12,11
6516,2994614,3,11
6517,3439036,11,11
6518,3927515,10,11
6519,6164510,10,11
6520,907290,11,11
6521,2166831,12,11
6522,5657446,5,11
6523,5311363,11,11
6524,4527954,4,11
6525,574205,4,11
6526,267470,9,11
6527,442047,2,11
6528,1835110,3,11
6529,6133051,5,11
6530,1586859,11,11
6531,2458642,10,11
6532,1964150,3,11
6533,4445498,11,11
6534,4987155,11,11
6535,319307,12,11
6536,6473281,5,11
6537,4982554,6,11
6538,6293977,10,11
6539,282435,8,11
6540,3359270,1,11
6541,3242746,9,11
6542,2546056,2,11
6543,5536803,9,11
6544,970403,2,11
6545,3802744,4,11
6546,205616,2,11
6547,3500325,2,11
6548,5021903,10,11
6549,4319355,1,11
6550,1272060,5,11
6551,5071319,7,11
6552,5813169,6,11
6553,3099346,9,11
6554,4058245,9,11
6555,2106775,11,11
6556,4954550,3,11
6557,282953,11,11
6558,3815837,12,11
6559,4512033,6,11
6560,6370050,12,11
6561,332173,9,11
6562,4825782,10,11
6563,210007,3,11
6564,467697,5,11
6565,3031764,9,11
6566,4486176,10,11
6567,2062416,8,11
6568,401390,1,11
6569,6419018,9,11
6570,4230691,9,11
6571,74449,9,11
6572,2421925,11,11
6573,4638791,1,11
6574,321864,5,11
6575,3131453,9,11
6576,4649438,9,11
6577,4942188,9,11
6578,1169697,11,11
6579,2121782,5,11
6580,5844033,3,11
6581,2232052,1,11
6582,4958469,5,11
6583,753158,8,11
6584,3564499,9,11
6585,2065409,6,11
6586,1620477,6,11
6587,1761379,9,11
6588,4682150,12,11
6589,2507895,9,11
6590,2221039,6,11
6591,835819,11,11
6592,1410672,11,11
6593,5271430,9,11
6594,1639659,11,11
6595,3067775,12,11
6596,1689467,10,11
6597,123610,6,11
6598,147528,9,11
6599,2649843,3,11
6600,5301167,4,11
6601,1007557,11,11
6602,1594219,11,11
6603,3659885,4,11
6604,4435947,11,11
6605,3408244,3,11
6606,5070680,4,11
6607,354297,7,11
6608,320864,5,11
6609,4436342,10,11
6610,3524399,11,11
6611,6446416,9,11
6612,3647053,11,11
6613,390110,9,11
6614,6044474,10,11
6615,2943156,6,11
6616,3721756,11,11
6617,4653978,10,11
6618,4996164,8,11
6619,4127779,12,11
6620,6320713,4,11
6621,292417,11,11
6622,1269887,10,11
6623,6024083,12,11
6624,3176384,2,12
6625,6301218,11,12
6626,4332933,11,12
6627,6320374,4,12
6628,4700467,5,12
6629,848582,10,12
6630,3660597,4,12
6631,2203625,9,12
6632,6215090,9,12
6633,2699177,3,12
6634,355835,9,12
6635,4564948,12,12
6636,1987705,11,12
6637,970264,4,12
6638,989099,3,12
6639,1780462,12,12
6640,5699490,1,12
6641,4447780,9,12
6642,2589079,1,12
6643,4511502,12,12
6644,3086550,11,12
6645,3978768,11,12
6646,545309,9,12
6647,4774971,12,12
6648,2649283,1,12
6649,4021086,4,12
6650,4198862,3,12
6651,6076264,4,12
6652,5432400,12,12
6653,2469046,1,12
6654,1801851,10,12
6655,4016259,12,12
6656,1572898,5,12
6657,2260617,11,12
6658,538667,9,12
6659,1099697,9,12
6660,2221039,12,12
6661,5200608,3,12
6662,3941730,5,12
6663,1150312,10,12
6664,1255899,11,12
6665,1520579,9,12
6666,5037838,6,12
6667,4105162,9,12
6668,5800939,12,12
6669,1476871,10,12
6670,6139191,1,12
6671,950723,3,12
6672,2626971,5,12
6673,5786514,10,12
6674,5117113,3,12
6675,6218771,3,12
6676,5290043,9,12
6677,1475618,5,12
6678,1915474,6,12
6679,1372354,10,12
6680,3571583,8,12
6681,3899121,9,12
6682,4550237,12,12
6683,3170715,9,12
6684,3388742,9,12
6685,4435947,11,12
6686,476470,11,12
6687,2702202,1,12
6688,4025997,3,12
6689,1221322,12,12
6690,1369990,7,12
6691,1002526,6,12
6692,373755,12,12
6693,1641223,8,12
6694,6293729,7,12
6695,4300060,11,12
6696,4755368,8,12
6697,123610,12,12
6698,1608708,6,12
6699,4552528,10,12
6700,3359270,4,12
6701,1928850,12,12
6702,2199453,12,12
6703,205513,9,12
6704,830424,9,12
6705,4248273,4,12
6706,4531987,11,12
6707,5593679,7,12
6708,5657828,5,12
6709,4278943,3,12
6710,1209619,10,12
6711,3578507,4,12
6712,3319179,12,12
6713,6334938,6,12
6714,4314065,11,12
6715,369293,10,12
6716,4414289,8,12
6717,3622526,11,12
6718,1736091,9,12
6719,2461367,12,12
6720,2321644,11,12
6721,6148115,9,12
6722,4999808,10,12
6723,111422,10,12
6724,2463543,12,12
6725,2153658,7,12
6726,974807,10,12
6727,4028688,10,12
6728,267470,11,12
6729,4682150,11,12
6730,869700,1,12
6731,3031764,10,12
6732,6109600,1,12
6733,4405311,1,12
6734,2881730,11,12
6735,4878946,12,12
6736,538095,12,12
6737,1816354,12,12
6738,4046960,9,12
6739,3664110,11,12
6740,5913745,10,12
6741,5813169,3,12
6742,3769909,10,12
6743,1690961,10,12
6744,3658130,9,12
6745,2568915,6,12
6746,694908,5,12
6747,11947,6,12
6748,6050619,7,12
6749,1357167,9,12
6750,3314672,11,12
6751,2549404,8,12
6752,342011,4,12
6753,2266969,5,12
6754,3347411,12,12
6755,591328,10,12
6756,5344481,10,12
6757,1119039,12,12
6758,5154723,11,12
6759,935843,9,12
6760,556236,12,12
6761,3042656,9,12
6762,2298549,4,12
6763,628513,5,12
6764,6164510,5,12
6765,3141073,9,12
6766,965276,5,12
6767,3055779,11,12
6768,656054,5,12
6769,63627,12,12
6770,3405541,11,12
6771,6495643,4,12
6772,2619388,11,12
6773,5852929,5,12
6774,3851853,11,12
6775,4318374,4,12
6776,390110,9,12
6777,5859330,6,12
6778,1272060,1,12
6779,3504899,11,12
6780,6052644,5,12
6781,4978183,8,12
6782,6414264,7,12
6783,5475890,11,12
6784,6468161,11,12
6785,435510,9,12
6786,4741690,10,12
6787,4800399,8,12
6788,3979988,12,12
6789,1259576,9,12
6790,4884154,9,12
6791,597464,4,12
6792,182669,4,12
6793,114813,8,12
6794,739886,6,12
6795,4419032,9,12
6796,3057988,10,12
6797,2077665,11,12
6798,5647320,10,12
6799,5501083,10,12
6800,1145372,6,12
6801,5171771,10,12
6802,2982262,10,12
6803,2355641,9,12
6804,656095,11,12
6805,2534267,11,12
6806,3349997,12,12
6807,6106014,5,12
6808,2758468,6,12
6809,615346,4,12
6810,2253027,8,12
6811,2533760,9,12
6812,6123684,3,12
6813,488776,3,12
6814,3306577,7,12
6815,4091305,4,12
6816,3425384,1,12
6817,3106834,9,12
6818,2962324,12,12
6819,6024083,9,12
6820,6357606,4,12
6821,4315327,6,12
6822,6415310,8,12
6823,2292303,5,12
6824,5996893,11,12
6825,1062303,9,12
6826,3849448,8,12
6827,2514905,9,12
6828,1379119,4,12
6829,5169851,12,12
6830,4378600,10,12
6831,2023292,1,12
6832,263452,7,12
6833,721980,12,12
6834,6032106,10,12
6835,3887839,10,12
6836,779092,12,12
6837,5141311,4,12
6838,5135762,12,12
6839,4728975,11,12
6840,6439307,10,12
6841,6384003,3,12
6842,2269053,9,12
6843,5311134,12,12
6844,4249393,10,12
6845,5694553,11,12
6846,3977605,8,12
6847,6185141,3,12
6848,3469095,12,12
6849,5771206,9,12
6850,5719188,12,12
6851,2999442,11,12
6852,6074295,11,12
6853,5630173,10,12
6854,3948960,4,12
6855,278889,6,12
6856,4588724,10,12
6857,3390004,1,12
6858,934979,10,12
6859,5675825,5,12
6860,6365584,9,12
6861,4803505,9,12
6862,495439,6,12
6863,5257210,11,12
6864,379340,12,12
6865,799022,9,12
6866,183584,9,12
6867,6473329,10,12
6868,1114477,12,12
6869,4849432,9,12
6870,5852494,1,12
6871,4379911,4,12
6872,4768773,11,12
6873,3534997,5,12
6874,689092,1,12
6875,1808600,11,12
6876,4181349,11,12
6877,5480049,6,12
6878,5826554,1,12
6879,3285455,8,12
6880,3752851,1,12
6881,4706795,5,12
6882,2497146,1,12
6883,4487540,10,12
6884,219473,10,12
6885,5719238,11,12
6886,1133660,1,12
6887,5611132,10,12
6888,5679773,5,12
6889,3811720,3,12
6890,2243117,1,12
6891,6141157,4,12
6892,4719714,1,12
6893,532245,12,12
6894,96036,5,12
6895,4684875,12,12
6896,4863120,6,12
6897,4721764,4,12
6898,33169,12,12
6899,5897708,12,12
6900,3071237,12,12
6901,1108981,12,12
6902,5480048,12,12
6903,3757651,11,12
6904,4839595,10,12
6905,3685759,9,12
6906,2679500,12,12
6907,5169740,4,12
6908,2278479,12,12
6909,2390937,8,12
6910,6278108,10,12
6911,3509860,11,12
6912,47504,10,12
6913,1450247,10,12
6914,1629880,9,12
6915,4424118,11,12
6916,1336204,11,12
6917,2451178,5,12
6918,5731361,1,12
6919,574205,3,12
6920,5332722,12,12
6921,1502037,4,12
6922,5333794,7,12
6923,2526615,11,12
6924,2801432,12,12
6925,6469478,10,12
6926,4367991,7,12
6927,2779350,3,12
6928,4381138,8,12
6929,3041580,8,12
6930,2668469,9,12
6931,46849,7,12
6932,1161697,12,12
6933,1607546,9,12
6934,3073838,6,12
6935,3956558,6,12
6936,1360947,9,12
6937,518247,12,12
6938,1631649,11,12
6939,214642,11,12
6940,4000125,10,12
6941,3976278,6,12
6942,2521875,9,12
6943,1866932,11,12
6944,4268871,1,12
6945,2843297,11,12
6946,1637765,12,12
6947,3386838,5,12
6948,1434990,3,12
6949,864858,6,12
6950,2199292,12,12
6951,2302045,5,12
6952,2914575,9,12
6953,4408609,12,12
6954,2979332,6,12
6955,715581,8,12
6956,5634124,8,12
6957,6307456,1,12
6958,2561405,11,12
6959,6296210,12,12
6960,172553,6,12
6961,2081509,10,12
6962,2578191,11,12
6963,408087,12,12
6964,851058,8,12
6965,2215156,7,12
6966,1986764,2,12
6967,3876788,3,12
6968,3258903,3,12
6969,5804243,11,12
6970,191145,10,12
6971,5670597,7,12
6972,2726922,6,12
6973,327221,11,12
6974,3931683,5,12
6975,2733043,2,12
6976,1518907,12,12
6977,4350241,9,12
6978,1427690,5,12
6979,3485712,11,12
6980,409212,9,12
6981,5859994,6,12
6982,1851469,8,12
6983,4029112,9,12
6984,2570344,4,12
6985,4286476,6,12
6986,5019374,12,12
6987,5311363,4,12
6988,5671861,1,12
6989,5953181,5,12
6990,2077125,12,12
6991,2649843,4,12
6992,3879927,11,12
6993,1498587,8,12
6994,5603595,12,12
6995,6003919,5,12
6996,1383074,1,12
6997,1612410,5,12
6998,3111830,10,12
6999,3365753,1,12
7000,4872811,5,12
7001,1052079,12,12
7002,2658470,4,12
7003,5810003,1,12
7004,1551950,5,12
7005,2770386,10,12
7006,2882854,11,12
7007,3455235,10,12
7008,2520200,8,12
7009,648293,10,12
7010,5444032,9,12
7011,1872517,10,12
7012,2510668,10,12
7013,3761473,6,12
7014,691992,11,12
7015,2624061,5,12
7016,3650185,10,12
7017,6473281,1,12
7018,3424220,9,12
7019,5417751,2,12
7020,5713979,5,12
7021,4784568,1,12
7022,2062416,12,12
7023,4020866,9,12
7024,4774930,10,12
7025,2168548,9,12
7026,4042491,10,12
7027,1496310,11,12
7028,6442224,8,12
7029,2853764,11,12
7030,2495289,6,12
7031,2317126,7,12
7032,1599728,5,12
7033,6149865,12,12
7034,3721756,5,12
7035,489476,11,12
7036,4954550,11,12
7037,3012532,12,12
7038,1048618,12,12
7039,4834638,10,12
7040,5699908,9,12
7041,1242243,6,12
7042,1724302,6,12
7043,191444,8,12
7044,1639659,4,12
7045,2877249,12,12
7046,319307,10,12
7047,3504983,12,12
7048,321864,8,12
7049,4053938,9,12
7050,5448672,9,12
7051,455995,12,12
7052,3638097,12,12
7053,2700200,10,12
7054,1456373,5,12
7055,12872,9,12
7056,3209387,12,12
7057,1839568,9,12
7058,5937178,11,12
7059,2829062,8,12
7060,223511,9,12
7061,4849056,9,12
7062,247995,1,12
7063,275398,8,12
7064,3632617,3,12
7065,1233505,6,12
7066,1008573,1,12
7067,4389151,12,12
7068,5477303,1,12
7069,2933437,6,12
7070,3703447,12,12
7071,2121782,5,12
7072,6109293,4,12
7073,3647053,10,12
7074,958701,8,12
7075,6233675,5,12
7076,407501,9,12
7077,2425020,7,12
7078,1185399,12,12
7079,5864621,3,12
7080,3874991,6,12
7081,2848668,9,12
7082,5482056,10,12
7083,4017723,6,12
7084,4808473,1,12
7085,2545502,12,12
7086,6293359,5,12
7087,1285982,6,12
7088,97987,10,12
7089,2876903,7,12
7090,4116193,12,12
7091,454302,7,12
7092,6041753,12,12
7093,2183844,11,12
7094,63433,8,12
7095,4076824,6,12
7096,577938,6,12
7097,3923276,8,12
7098,1781712,10,12
7099,3099346,11,12
7100,2624982,5,12
7101,776469,8,12
7102,1684245,8,12
7103,614514,4,12
7104,3168425,9,12
7105,3058798,8,12
7106,6396862,9,12
7107,269131,9,12
7108,1938054,11,12
7109,5126285,3,12
7110,1449900,9,12
7111,968860,7,12
7112,3788288,6,12
7113,3544498,9,12
7114,5071319,3,12
7115,5568223,9,12
7116,3357467,4,12
7117,3679148,9,12
7118,5993732,10,12
7119,2225061,12,12
7120,964643,6,12
7121,4938518,12,12
7122,948408,6,12
7123,6066457,11,12
7124,5693249,10,12
7125,4968406,11,12
7126,4592315,4,12
7127,3492983,8,12
7128,3918853,10,12
7129,5061084,10,12
7130,5057857,9,12
7131,561619,5,12
7132,749233,10,12
7133,4599139,10,12
7134,1441176,10,12
7135,2166831,12,12
7136,4904188,1,12
7137,7366,6,12
7138,5213417,8,12
7139,2925028,1,12
7140,5844033,5,12
7141,3558455,10,12
7142,5043958,10,12
7143,4998457,3,12
7144,2552034,11,12
7145,4488254,9,12
7146,666101,11,12
7147,46167,11,12
7148,900847,12,12
7149,5231308,6,12
7150,3057402,9,12
7151,6132405,11,12
7152,3589936,5,12
7153,4187064,12,12
7154,806932,9,12
7155,5318655,12,12
7156,3308822,9,12
7157,2263732,9,12
7158,2236870,12,12
7159,3466183,8,12
7160,2757947,10,12
7161,2175759,9,12
7162,1166643,10,12
7163,433376,3,12
7164,4804530,11,12
7165,4122217,12,12
7166,4002671,10,12
7167,995546,4,12
7168,2506188,4,12
7169,2014709,9,12
7170,1507526,12,12
7171,1160544,2,12
7172,2153380,10,12
7173,3880587,11,12
7174,2468867,12,12
7175,1454100,11,12
7176,5423941,2,12
7177,4240552,12,12
7178,1405276,12,12
7179,1456382,9,12
7180,1697688,8,12
7181,1198748,9,12
7182,2823845,6,12
7183,5520925,10,12
7184,5947808,8,12
7185,4574955,6,12
7186,2961189,5,12
7187,6326937,10,12
7188,2474754,10,12
7189,2610133,1,12
7190,457987,12,12
7191,3694755,5,12
7192,3914978,12,12
7193,6343751,8,12
7194,4751692,6,12
7195,250780,12,12
7196,4166868,6,12
7197,4124260,11,12
7198,4430287,10,12
7199,5575237,10,12
7200,4773640,7,12
7201,2271310,1,12
7202,6237488,12,12
7203,2839188,12,12
7204,2517554,5,12
7205,2236156,7,12
7206,3306386,6,12
7207,4604988,4,12
7208,1002429,4,12
7209,4080918,4,12
7210,3222097,9,12
7211,5888115,6,12
7212,6193664,2,12
7213,1498384,9,12
7214,637067,11,12
7215,2746361,1,12
7216,3148259,6,12
7217,5557448,9,12
7218,682114,10,12
7219,2559374,8,12
7220,4327875,8,12
7221,2376994,9,12
7222,2952816,10,12
7223,1549718,9,12
7224,71580,6,12
7225,5272161,10,12
7226,1886370,12,12
7227,4682119,5,12
7228,3698100,3,12
7229,2778518,8,12
7230,4329739,8,12
7231,5748315,7,12
7232,4718627,9,12
7233,5307584,11,12
7234,3439036,11,12
7235,1929492,1,12
7236,6167846,10,12
7237,1247057,11,13
7238,2992096,10,13
7239,2774218,8,13
7240,504294,4,13
7241,1328692,9,13
7242,3238282,4,13
7243,4175830,1,13
7244,735318,5,13
7245,755414,9,13
7246,3176384,1,13
7247,641522,1,13
7248,715804,9,13
7249,5864344,9,13
7250,848582,10,13
7251,5117961,4,13
7252,2679500,1,13
7253,3873958,1,13
7254,5745385,9,13
7255,3207930,9,13
7256,5012107,11,13
7257,932111,11,13
7258,3766629,12,13
7259,2711880,10,13
7260,2519348,1,13
7261,3425934,10,13
7262,1656539,11,13
7263,2353229,9,13
7264,3711314,9,13
7265,649444,11,13
7266,5736331,5,13
7267,1218865,8,13
7268,4729899,9,13
7269,6219913,1,13
7270,2504523,5,13
7271,2506188,4,13
7272,5095052,12,13
7273,396899,4,13
7274,6444191,12,13
7275,5011227,9,13
7276,1002429,1,13
7277,4948900,2,13
7278,1736091,10,13
7279,1502037,4,13
7280,6352119,9,13
7281,278889,6,13
7282,5135337,9,13
7283,1742315,12,13
7284,1548644,4,13
7285,3674278,1,13
7286,318275,10,13
7287,1893959,12,13
7288,2726922,11,13
7289,5569564,11,13
7290,6301218,11,13
7291,1610686,3,13
7292,2012640,1,13
7293,319307,12,13
7294,5740378,12,13
7295,1867936,7,13
7296,1114477,9,13
7297,1498587,3,13
7298,4379911,4,13
7299,5969755,4,13
7300,1133660,1,13
7301,4719714,1,13
7302,3148259,5,13
7303,3650185,12,13
7304,6141967,10,13
7305,5064715,9,13
7306,1601067,9,13
7307,4638798,9,13
7308,964643,2,13
7309,5844033,8,13
7310,4371583,10,13
7311,2556918,10,13
7312,1586859,9,13
7313,149949,6,13
7314,2317126,3,13
7315,6363590,11,13
7316,1317578,10,13
7317,2996936,10,13
7318,250984,8,13
7319,5273523,1,13
7320,1665491,12,13
7321,112864,9,13
7322,2586547,11,13
7323,1788410,5,13
7324,722112,1,13
7325,6278662,5,13
7326,2127915,12,13
7327,6133051,8,13
7328,801637,12,13
7329,5154723,11,13
7330,1383074,8,13
7331,2943156,2,13
7332,5813169,11,13
7333,1283336,3,13
7334,1209619,9,13
7335,4544513,12,13
7336,843427,10,13
7337,298389,5,13
7338,1887150,8,13
7339,5278046,3,13
7340,4419698,3,13
7341,11947,12,13
7342,1632015,12,13
7343,1553922,3,13
7344,5553341,3,13
7345,581101,3,13
7346,4676908,10,13
7347,3457262,1,13
7348,3420974,8,13
7349,1434990,6,13
7350,5019374,10,13
7351,6086802,12,13
7352,2929591,4,13
7353,2140317,8,13
7354,487753,12,13
7355,1352099,3,13
7356,4475738,12,13
7357,6089514,8,13
7358,4191161,11,13
7359,4966537,11,13
7360,4945064,5,13
7361,3261552,6,13
7362,3974526,10,13
7363,1475618,2,13
7364,2789651,11,13
7365,5859330,10,13
7366,4765681,4,13
7367,3921567,10,13
7368,3869947,3,13
7369,5670597,1,13
7370,6215090,4,13
7371,5527427,5,13
7372,3934933,1,13
7373,968860,10,13
7374,5084127,12,13
7375,5888215,10,13
7376,2077125,3,13
7377,3425384,1,13
7378,2982262,1,13
7379,4800399,1,13
7380,2481972,4,13
7381,342011,3,13
7382,2721811,12,13
7383,5213417,9,13
7384,5623338,9,13
7385,1610017,12,13
7386,1013497,9,13
7387,33904,10,13
7388,821158,4,13
7389,6040429,9,13
7390,63627,9,13
7391,4129015,4,13
7392,597464,5,13
7393,3337421,9,13
7394,3979630,6,13
7395,1684245,12,13
7396,5864621,10,13
7397,3866047,10,13
7398,3616032,2,13
7399,5340613,8,13
7400,6066457,11,13
7401,5958707,2,13
7402,2699177,12,13
7403,1520579,9,13
7404,6095670,10,13
7405,2615320,10,13
7406,4166868,5,13
7407,4710640,10,13
7408,1200423,10,13
7409,4438543,3,13
7410,864024,8,13
7411,4031419,11,13
7412,986245,10,13
7413,1928850,10,13
7414,3947294,10,13
7415,66291,11,13
7416,1125899,11,13
7417,4872811,1,13
7418,6218771,4,13
7419,4162257,7,13
7420,1166795,11,13
7421,4638791,2,13
7422,241033,1,13
7423,2772468,4,13
7424,1201660,3,13
7425,1571369,7,13
7426,3485712,9,13
7427,5169553,7,13
7428,3208825,1,13
7429,5748315,8,13
7430,6332088,6,13
7431,5084177,8,13
7432,454302,6,13
7433,5190723,12,13
7434,2728997,1,13
7435,5169214,9,13
7436,1724302,6,13
7437,3601549,10,13
7438,4682119,11,13
7439,2521875,9,13
7440,5919541,10,13
7441,2497146,1,13
7442,2444218,10,13
7443,3976278,9,13
7444,3948960,4,13
7445,4534006,9,13
7446,6057906,5,13
7447,6278108,9,13
7448,5603595,11,13
7449,6469478,12,13
7450,5318655,4,13
7451,4242259,8,13
7452,2526424,5,13
7453,1356423,7,13
7454,6186675,9,13
7455,4400489,4,13
7456,3097882,9,13
7457,3306577,7,13
7458,4294205,12,13
7459,6476499,10,13
7460,4756460,1,13
7461,3638097,9,13
7462,73654,5,13
7463,4972577,9,13
7464,2077786,5,13
7465,4076824,6,13
7466,5786514,5,13
7467,3372187,11,13
7468,2153380,11,13
7469,5409947,11,13
7470,4391535,9,13
7471,4181349,5,13
7472,955831,12,13
7473,2721822,1,13
7474,3309551,1,13
7475,6411555,4,13
7476,4046960,9,13
7477,2317223,11,13
7478,623608,10,13
7479,2265260,1,13
7480,3964138,9,13
7481,5753368,11,13
7482,5992276,10,13
7483,233960,9,13
7484,3519251,3,13
7485,4116193,3,13
7486,1176263,6,13
7487,2961118,9,13
7488,4967759,11,13
7489,4424118,10,13
7490,5134676,12,13
7491,1235751,1,13
7492,3086550,12,13
7493,3466183,12,13
7494,1936645,11,13
7495,3441769,6,13
7496,404614,1,13
7497,2985708,10,13
7498,3616232,9,13
7499,491601,5,13
7500,3494053,9,13
7501,513299,10,13
7502,97987,10,13
7503,4955752,4,13
7504,1816354,9,13
7505,2961189,5,13
7506,5513336,12,13
7507,4010321,3,13
7508,4906790,12,13
7509,2658470,2,13
7510,2075896,10,13
7511,3987157,3,13
7512,1637765,9,13
7513,3663811,9,13
7514,3163587,8,13
7515,3012532,9,13
7516,6336464,12,13
7517,682114,2,13
7518,3306386,4,13
7519,1690961,10,13
7520,6074552,7,13
7521,6446416,9,13
7522,442413,8,13
7523,275398,5,13
7524,1427690,9,13
7525,4861465,11,13
7526,3354934,12,13
7527,4999808,12,13
7528,1822213,3,13
7529,4187064,11,13
7530,3758791,10,13
7531,550281,8,13
7532,6074295,9,13
7533,861924,3,13
7534,1582805,10,13
7535,5866639,6,13
7536,4968406,9,13
7537,2145393,1,13
7538,3798593,9,13
7539,5689584,3,13
7540,2473447,6,13
7541,862154,10,13
7542,6292251,4,13
7543,1872517,7,13
7544,6377872,1,13
7545,4623748,3,13
7546,1935756,9,13
7547,3767759,4,13
7548,1581813,6,13
7549,2315229,7,13
7550,1204273,11,13
7551,3153380,3,13
7552,5704429,12,13
7553,4805576,1,13
7554,3698100,3,13
7555,4838460,10,13
7556,3431018,9,13
7557,2834555,11,13
7558,5729297,9,13
7559,5810003,1,13
7560,6148115,11,13
7561,3978768,10,13
7562,3773828,6,13
7563,3725158,11,13
7564,2175759,6,13
7565,4300060,11,13
7566,3788288,6,13
7567,5800939,11,13
7568,2504522,12,13
7569,804492,2,13
7570,3227039,9,13
7571,656095,4,13
7572,4042491,10,13
7573,2633965,11,13
7574,1336204,11,13
7575,4835378,9,13
7576,4389151,9,13
7577,4298469,9,13
7578,1151729,1,13
7579,4784568,1,13
7580,5355476,4,13
7581,4422413,9,13
7582,355929,9,13
7583,949475,7,13
7584,5233125,12,13
7585,3720110,11,13
7586,2611937,11,13
7587,1476871,7,13
7588,4202683,10,13
7589,1713513,3,13
7590,3679148,9,13
7591,6237488,3,13
7592,3981732,9,13
7593,4202811,10,13
7594,1630886,6,13
7595,1166643,1,13
7596,1150312,7,13
7597,18274,12,13
7598,2174545,12,13
7599,5167613,6,13
7600,3656317,10,13
7601,467697,7,13
7602,380178,10,13
7603,5158533,1,13
7604,614514,5,13
7605,4649438,1,13
7606,2610133,1,13
7607,2434541,1,13
7608,128938,4,13
7609,2152092,1,13
7610,5061084,12,13
7611,1088728,10,13
7612,3300574,7,13
7613,1761379,12,13
7614,6334938,4,13
7615,6492339,7,13
7616,1594219,9,13
7617,3153364,10,13
7618,1905773,4,13
7619,5719238,10,13
7620,1933059,11,13
7621,33169,11,13
7622,5079397,10,13
7623,53810,12,13
7624,5884692,1,13
7625,4025929,12,13
7626,3319476,12,13
7627,4701291,9,13
7628,5082762,4,13
7629,4756240,10,13
7630,2053229,8,13
7631,4600578,9,13
7632,5418915,10,13
7633,6471330,3,13
7634,5021903,1,13
7635,3647053,12,13
7636,735366,3,13
7637,226783,11,13
7638,2236156,5,13
7639,931734,12,13
7640,369293,9,13
7641,1048618,11,13
7642,2461531,1,13
7643,577938,9,13
7644,4698568,6,13
7645,164576,10,13
7646,2054613,6,13
7647,1498384,11,13
7648,5719188,10,13
7649,4078620,9,13
7650,5073558,10,13
7651,4773246,3,13
7652,4198862,1,13
7653,4414462,10,13
7654,365836,10,13
7655,4629280,10,13
7656,6244951,12,13
7657,3321676,11,13
7658,3181873,10,13
7659,3041580,9,13
7660,1964150,1,13
7661,5933997,12,13
7662,4613440,10,13
7663,5017067,10,13
7664,3328385,10,13
7665,4345928,9,13
7666,3544498,1,13
7667,806932,8,13
7668,6050619,5,13
7669,4338155,8,13
7670,276917,10,13
7671,122416,5,13
7672,4998457,12,13
7673,5145320,1,13
7674,6109600,1,13
7675,4128753,12,13
7676,5672165,4,13
7677,2520515,2,13
7678,545309,9,13
7679,1934883,11,13
7680,2014709,10,13
7681,574205,4,13
7682,65701,1,13
7683,1348308,10,13
7684,3405541,10,13
7685,861461,12,13
7686,3977605,7,13
7687,4419032,4,13
7688,5085690,12,13
7689,830424,12,13
7690,5480048,12,13
7691,45025,8,13
7692,5091774,4,13
7693,4741690,10,13
7694,4029112,12,13
7695,5564655,12,13
7696,1532405,9,13
7697,4869809,10,13
7698,1492217,1,13
7699,2430360,3,13
7700,3196145,9,13
7701,1649967,7,13
7702,2877249,12,13
7703,3564499,6,13
7704,5302715,6,13
7705,2933437,7,13
7706,687726,12,13
7707,3057988,8,13
7708,3099346,10,13
7709,6018291,2,13
7710,689092,1,13
7711,1776555,4,13
7712,4192761,9,13
7713,3208964,9,13
7714,4115762,5,13
7715,5007829,3,13
7716,3857353,11,13
7717,247995,11,13
7718,3732525,6,13
7719,3042656,6,13
7720,2168548,11,13
7721,3547791,9,13
7722,5742254,1,13
7723,4577177,4,13
7724,6109293,3,13
7725,5037383,1,13
7726,4410798,8,13
7727,3668393,11,13
7728,3431521,10,13
7729,998703,11,13
7730,5074679,10,13
7731,2735309,1,13
7732,3155541,10,13
7733,2887540,11,13
7734,3379725,12,13
7735,6079324,1,13
7736,3412776,6,13
7737,2823351,5,13
7738,2166831,9,13
7739,6032106,9,13
7740,3111830,5,13
7741,3927515,9,13
7742,3941730,12,13
7743,2469046,11,13
7744,6193664,3,13
7745,881824,10,13
7746,4531449,11,13
7747,2520051,12,13
7748,3874991,10,13
7749,2598486,11,13
7750,1151416,11,13
7751,5106035,12,13
7752,5095053,10,13
7753,5253238,1,13
7754,2298549,6,13
7755,6307456,1,13
7756,6394574,10,13
7757,1619950,10,13
7758,5910926,10,13
7759,2243117,1,13
7760,864858,5,13
7761,3574092,4,13
7762,5764435,9,13
7763,4023211,1,13
7764,1843461,12,13
7765,5672800,5,13
7766,5141311,4,13
7767,3308605,1,13
7768,4595078,10,13
7769,5543517,12,13
7770,5958481,4,13
7771,4136058,9,13
7772,842523,11,13
7773,4351884,5,13
7774,3386999,2,13
7775,3651805,10,13
7776,4684875,12,13
7777,2612557,12,13
7778,46849,7,13
7779,4436567,1,13
7780,3647072,7,13
7781,207279,11,13
7782,2153658,7,13
7783,1443901,9,13
7784,4414289,8,13
7785,6219105,10,13
7786,1170681,3,13
7787,5611132,9,13
7788,3578507,4,13
7789,6116532,12,13
7790,4910714,11,13
7791,5173938,10,13
7792,254215,11,13
7793,5614268,9,13
7794,3918853,1,13
7795,47525,6,13
7796,4552528,12,13
7797,3449472,10,13
7798,1357167,9,13
7799,3127584,12,13
7800,6396862,12,13
7801,6387969,11,13
7802,4750003,11,13
7803,804235,8,13
7804,779092,11,13
7805,3658130,10,13
7806,4987155,12,13
7807,4701051,10,13
7808,2340935,11,13
7809,4588724,8,13
7810,6025171,11,13
7811,5242669,12,13
7812,1008573,1,13
7813,701309,4,13
7814,4474851,12,13
7815,1463753,12,13
7816,6442680,2,13
7817,1696406,9,13
7818,2375423,10,13
7819,1641223,11,13
7820,1613953,4,13
7821,6139191,1,13
7822,2520693,5,13
7823,2914575,10,13
7824,4248273,1,13
7825,1915474,6,13
7826,1248537,7,14
7827,5169214,5,14
7828,1656539,9,14
7829,2526615,9,14
7830,1738208,10,14
7831,2903444,10,14
7832,5804243,8,14
7833,4046960,10,14
7834,1247057,3,14
7835,4948900,5,14
7836,5555762,11,14
7837,5745385,5,14
7838,4355443,5,14
7839,5383161,4,14
7840,4712836,5,14
7841,2839188,10,14
7842,1361983,9,14
7843,3668393,10,14
7844,5888215,4,14
7845,3118979,5,14
7846,319307,3,14
7847,1767835,10,14
7848,4638791,1,14
7849,1872517,11,14
7850,1132010,4,14
7851,5178863,12,14
7852,728683,12,14
7853,1645200,5,14
7854,1884873,10,14
7855,4834638,5,14
7856,4206122,12,14
7857,4987155,10,14
7858,73654,7,14
7859,5918165,8,14
7860,5019374,10,14
7861,5007829,3,14
7862,1874207,3,14
7863,2317223,11,14
7864,461181,9,14
7865,561619,1,14
7866,3547791,9,14
7867,2232052,1,14
7868,1911560,11,14
7869,5432400,5,14
7870,5800939,9,14
7871,4474501,8,14
7872,1269426,9,14
7873,2153380,9,14
7874,3741057,1,14
7875,4599139,10,14
7876,4373251,10,14
7877,591328,7,14
7878,5824379,4,14
7879,5996893,9,14
7880,1696406,12,14
7881,3148259,1,14
7882,1586859,10,14
7883,2721822,1,14
7884,5630173,11,14
7885,3291591,2,14
7886,1520066,11,14
7887,6436107,11,14
7888,905005,12,14
7889,6384003,3,14
7890,3057988,10,14
7891,409212,10,14
7892,2779350,8,14
7893,2951889,5,14
7894,723299,1,14
7895,6444191,3,14
7896,2458642,9,14
7897,4080918,4,14
7898,5231308,6,14
7899,2944542,6,14
7900,4419698,4,14
7901,2521875,9,14
7902,3741774,10,14
7903,568703,1,14
7904,3373702,6,14
7905,2695516,10,14
7906,3767759,9,14
7907,5316775,11,14
7908,1689467,11,14
7909,656054,9,14
7910,3543957,1,14
7911,4719714,6,14
7912,6446416,11,14
7913,3973115,6,14
7914,1169697,10,14
7915,6141967,9,14
7916,1613953,3,14
7917,1572898,1,14
7918,929009,5,14
7919,6123684,10,14
7920,1481601,2,14
7921,4005896,11,14
7922,1272060,2,14
7923,1938054,8,14
7924,6176047,9,14
7925,3311000,11,14
7926,5423941,11,14
7927,3987754,6,14
7928,3632230,9,14
7929,2023164,2,14
7930,1553922,3,14
7931,2321644,12,14
7932,96036,3,14
7933,1282976,3,14
7934,3574092,5,14
7935,4750003,10,14
7936,1730184,3,14
7937,2260612,10,14
7938,5169553,10,14
7939,577938,5,14
7940,4389151,11,14
7941,5134676,9,14
7942,4552528,11,14
7943,4128753,8,14
7944,4528911,9,14
7945,2536562,10,14
7946,311502,4,14
7947,4863120,11,14
7948,5121473,2,14
7949,6343333,12,14
7950,4774901,7,14
7951,3974526,11,14
7952,2558765,8,14
7953,1235751,1,14
7954,2075896,10,14
7955,625994,9,14
7956,3524399,4,14
7957,5890211,9,14
7958,2721811,10,14
7959,4677592,3,14
7960,881824,12,14
7961,4192689,11,14
7962,3874991,11,14
7963,6237488,12,14
7964,543404,11,14
7965,1247517,12,14
7966,5350989,6,14
7967,5311363,4,14
7968,6032045,8,14
7969,495439,6,14
7970,812601,12,14
7971,3658130,9,14
7972,1456382,11,14
7973,1443901,11,14
7974,2455418,10,14
7975,3390004,1,14
7976,4028688,6,14
7977,641842,9,14
7978,1259576,7,14
7979,1551950,12,14
7980,5494991,1,14
7981,4721764,1,14
7982,1818304,1,14
7983,332173,5,14
7984,2159224,9,14
7985,4998967,10,14
7986,806932,6,14
7987,1560393,1,14
7988,934881,9,14
7989,4531449,11,14
7990,5117113,8,14
7991,5529636,1,14
7992,1758986,6,14
7993,682114,10,14
7994,3492311,8,14
7995,276917,10,14
7996,3728627,3,14
7997,1133607,11,14
7998,3847910,11,14
7999,6244951,3,14
8000,2473447,5,14
8001,4076824,11,14
8002,4522790,1,14
8003,4029112,10,14
8004,3058798,7,14
8005,4649438,12,14
8006,1518897,1,14
8007,5418915,9,14
8008,949506,5,14
8009,3679148,9,14
8010,3319179,10,14
8011,998703,11,14
8012,1601067,5,14
8013,779092,11,14
8014,4968406,4,14
8015,4800399,1,14
8016,3131453,5,14
8017,883136,3,14
8018,689092,1,14
8019,5340613,9,14
8020,4942522,4,14
8021,6469478,10,14
8022,3621921,11,14
8023,3888154,10,14
8024,4371583,5,14
8025,4035797,12,14
8026,4158394,9,14
8027,999565,3,14
8028,1454100,10,14
8029,805209,10,14
8030,3443884,8,14
8031,327221,10,14
8032,2493923,7,14
8033,2698630,12,14
8034,1276713,10,14
8035,5154723,6,14
8036,2174545,10,14
8037,3652043,12,14
8038,3584280,12,14
8039,3260218,5,14
8040,1518907,12,14
8041,2510668,12,14
8042,1002526,1,14
8043,1532405,11,14
8044,4720515,9,14
8045,4577177,10,14
8046,6266325,3,14
8047,2266969,2,14
8048,2095212,10,14
8049,2060698,1,14
8050,4040489,10,14
8051,2846147,8,14
8052,3957000,1,14
8053,955831,12,14
8054,1476871,10,14
8055,2699177,11,14
8056,5958707,6,14
8057,995030,12,14
8058,2430360,3,14
8059,2225061,12,14
8060,3720110,10,14
8061,3265642,3,14
8062,31246,9,14
8063,5253238,1,14
8064,855368,12,14
8065,269131,10,14
8066,2169998,12,14
8067,6462992,7,14
8068,722112,1,14
8069,5543517,10,14
8070,1589302,9,14
8071,1471249,9,14
8072,3168425,10,14
8073,2982262,6,14
8074,3196145,10,14
8075,1379352,10,14
8076,994158,10,14
8077,3991847,4,14
8078,3509860,11,14
8079,1882424,5,14
8080,4954550,3,14
8081,5057857,12,14
8082,1269887,9,14
8083,6167846,3,14
8084,97987,8,14
8085,4159777,3,14
8086,1093907,3,14
8087,6173579,10,14
8088,7366,12,14
8089,494341,9,14
8090,1219153,2,14
8091,3086550,9,14
8092,705422,10,14
8093,5444032,3,14
8094,3024785,9,14
8095,1923823,9,14
8096,3134456,6,14
8097,3425384,1,14
8098,4474851,8,14
8099,14392,11,14
8100,5527427,6,14
8101,5794156,2,14
8102,2992096,10,14
8103,2840610,11,14
8104,1255899,9,14
8105,3878224,11,14
8106,2746361,1,14
8107,2469046,9,14
8108,3300574,11,14
8109,3162293,10,14
8110,2065409,12,14
8111,624973,9,14
8112,4835378,11,14
8113,2270016,3,14
8114,646759,12,14
8115,5270707,9,14
8116,33904,9,14
8117,842523,9,14
8118,4546275,5,14
8119,601769,12,14
8120,1578082,9,14
8121,4769999,11,14
8122,964643,12,14
8123,5358538,11,14
8124,207279,11,14
8125,5699214,9,14
8126,4682150,9,14
8127,6326937,1,14
8128,3725158,9,14
8129,747814,5,14
8130,2680675,6,14
8131,5571951,9,14
8132,6243813,1,14
8133,5740302,6,14
8134,4206148,10,14
8135,3326305,11,14
8136,6116532,9,14
8137,3191799,12,14
8138,2461531,1,14
8139,2700200,8,14
8140,1987705,11,14
8141,2145393,5,14
8142,1631649,9,14
8143,4278874,12,14
8144,3885354,1,14
8145,5084127,12,14
8146,856142,10,14
8147,2718335,10,14
8148,2340935,8,14
8149,261287,7,14
8150,112864,12,14
8151,4653978,11,14
8152,1050344,5,14
8153,4422413,9,14
8154,2497146,4,14
8155,3249107,6,14
8156,1216821,4,14
8157,2478827,10,14
8158,3155541,9,14
8159,4483839,9,14
8160,5257210,12,14
8161,1387270,3,14
8162,3873958,9,14
8163,2961118,8,14
8164,1080550,9,14
8165,2823845,5,14
8166,4500783,8,14
8167,4042491,10,14
8168,1557360,1,14
8169,69885,10,14
8170,5569564,8,14
8171,3239456,12,14
8172,715804,9,14
8173,730883,9,14
8174,1063698,10,14
8175,3712065,11,14
8176,5517394,11,14
8177,4742921,10,14
8178,5200608,3,14
8179,4676908,7,14
8180,1695507,10,14
8181,3651805,9,14
8182,4562275,7,14
8183,4755368,8,14
8184,2858127,11,14
8185,838834,1,14
8186,4547514,10,14
8187,884365,11,14
8188,1507526,12,14
8189,5070680,4,14
8190,4591539,8,14
8191,2925028,1,14
8192,1928850,10,14
8193,5620025,9,14
8194,4404637,10,14
8195,614514,12,14
8196,5135259,5,14
8197,6345600,12,14
8198,6300073,11,14
8199,4307618,4,14
8200,489476,9,14
8201,2772468,4,14
8202,1456373,11,14
8203,182669,4,14
8204,442413,12,14
8205,5015443,5,14
8206,3994019,8,14
8207,5050748,12,14
8208,3176384,1,14
8209,2102413,11,14
8210,3573928,12,14
8211,3357467,9,14
8212,4793432,6,14
8213,749233,10,14
8214,4710640,11,14
8215,4585969,9,14
8216,1964150,2,14
8217,694908,1,14
8218,6381229,7,14
8219,5815215,12,14
8220,4955752,4,14
8221,4037285,8,14
8222,5067402,3,14
8223,1750704,3,14
8224,4595078,9,14
8225,2702202,1,14
8226,4115987,4,14
8227,5289015,9,14
8228,1013497,3,14
8229,3819405,6,14
8230,5285502,6,14
8231,3632712,9,14
8232,343310,6,14
8233,6318793,9,14
8234,355929,9,14
8235,5121237,9,14
8236,1441176,11,14
8237,6363590,11,14
8238,2013154,12,14
8239,2533760,9,14
8240,5734879,10,14
8241,3227039,5,14
8242,721980,11,14
8243,1383074,1,14
8244,250984,8,14
8245,5473739,1,14
8246,1892325,9,14
8247,5604753,3,14
8248,196427,1,14
8249,656095,10,14
8250,4742049,5,14
8251,4544513,9,14
8252,538667,9,14
8253,498845,8,14
8254,3099346,11,14
8255,3647053,8,14
8256,2914575,9,14
8257,267470,5,14
8258,6066457,11,14
8259,4140754,1,14
8260,4078620,7,14
8261,4905652,10,14
8262,5061084,12,14
8263,3578507,9,14
8264,2582939,12,14
8265,53810,9,14
8266,3097882,11,14
8267,538095,10,14
8268,3769532,11,14
8269,1843461,12,14
8270,5762286,12,14
8271,3757651,9,14
8272,3422530,7,14
8273,1360947,10,14
8274,1150312,8,14
8275,6155217,7,14
8276,3457262,5,14
8277,2848668,10,14
8278,1894044,10,14
8279,3848208,10,14
8280,4533233,2,14
8281,4432918,7,14
8282,990948,3,14
8283,1619950,12,14
8284,4308495,12,14
8285,3805576,5,14
8286,4804530,12,14
8287,3757706,9,14
8288,545309,11,14
8289,318275,10,14
8290,3395342,6,14
8291,2461367,9,14
8292,5536803,10,14
8293,4060159,12,14
8294,5680149,1,14
8295,645580,1,14
8296,4762886,10,14
8297,5771206,11,14
8298,4405311,1,14
8299,4600578,12,14
8300,2298423,9,14
8301,4472976,2,14
8302,988019,10,14
8303,570421,12,14
8304,4341143,4,14
8305,3115492,9,14
8306,4152286,11,14
8307,524023,11,14
8308,1535805,5,14
8309,2034452,1,14
8310,3857194,3,14
8311,3466934,10,14
8312,4516903,11,14
8313,804492,12,14
8314,2586547,6,14
8315,2877249,9,14
8316,5039060,10,14
8317,2545524,1,14
8318,6109293,1,14
8319,5736629,1,14
8320,1844757,11,14
8321,4902604,9,14
8322,4244448,10,14
8323,1463753,12,14
8324,4424118,3,14
8325,6192304,11,14
8326,1498384,9,14
8327,2231374,11,14
8328,1893959,10,14
8329,1607546,10,14
8330,407501,9,14
8331,5753368,6,14
8332,716640,10,14
8333,4479300,5,14
8334,2012640,1,14
8335,3516359,1,14
8336,3876788,12,14
8337,6161670,6,14
8338,2174215,10,14
8339,1620477,6,14
8340,6347052,4,14
8341,4874322,6,14
8342,173636,1,14
8343,6409192,1,14
8344,3659885,8,14
8345,3012532,9,14
8346,6025171,11,14
8347,1008573,1,14
8348,5884692,1,14
8349,361137,10,14
8350,5792640,5,14
8351,3455235,12,14
8352,5171771,11,14
8353,4593336,7,14
8354,1356361,8,14
8355,2463038,12,14
8356,4904188,8,14
8357,5866639,6,14
8358,5300729,4,14
8359,2359287,12,14
8360,63627,12,14
8361,2504522,11,14
8362,1151729,1,14
8363,6382915,9,14
8364,5302715,6,14
8365,2507895,9,14
8366,3558455,10,14
8367,2649843,3,14
8368,2019954,12,14
8369,6233675,11,14
8370,3766629,5,14
8371,780759,9,14
8372,1114477,12,14
8373,4091655,8,14
8374,435510,11,14
8375,1283336,4,14
8376,2023292,1,14
8377,628513,10,14
8378,5679773,5,14
8379,6079324,1,14
8380,6456765,11,14
8381,2106775,4,14
8382,5282444,12,14
8383,441865,12,14
8384,5699490,12,14
8385,1839568,3,14
8386,4056857,11,14
8387,2054613,6,14
8388,3208738,12,14
8389,401390,11,14
8390,2731315,4,14
8391,3957800,7,14
8392,4154344,5,14
8393,900847,9,14
8394,5333794,12,14
8395,3315749,10,14
8396,3424220,10,14
8397,5128646,9,14
8398,5304568,10,14
8399,4627144,2,14
8400,6352119,10,14
8401,1999392,10,14
8402,2364737,2,14
8403,5224668,11,14
8404,1571369,6,14
8405,2291667,12,14
8406,4380439,2,14
8407,4623748,5,14
8408,986245,10,14
8409,3447003,10,14
8410,6160342,12,14
8411,5464845,12,14
8412,1042901,9,14
8413,2726922,6,14
8414,725727,1,14
8415,1976587,6,14
8416,4286476,3,15
8417,6264046,10,15
8418,1356423,6,15
8419,5657446,1,15
8420,4380439,9,15
8421,2785750,12,15
8422,3386999,10,15
8423,355929,11,15
8424,4938704,6,15
8425,518247,10,15
8426,6141157,3,15
8427,2840610,5,15
8428,3347411,3,15
8429,5792640,3,15
8430,6307718,9,15
8431,5657828,8,15
8432,4675474,10,15
8433,62338,12,15
8434,4096952,7,15
8435,196427,2,15
8436,3365753,10,15
8437,6406438,6,15
8438,881824,12,15
8439,4000125,3,15
8440,327221,4,15
8441,5919160,10,15
8442,2270016,4,15
8443,6294183,4,15
8444,4649438,10,15
8445,5918165,4,15
8446,934979,7,15
8447,3449472,8,15
8448,4442713,8,15
8449,4924190,8,15
8450,5734273,1,15
8451,1935756,10,15
8452,5859994,9,15
8453,4484556,11,15
8454,5169553,10,15
8455,4475738,11,15
8456,4902604,12,15
8457,3616489,6,15
8458,2823351,10,15
8459,86668,7,15
8460,1894044,3,15
8461,5564655,10,15
8462,6293729,8,15
8463,3766629,10,15
8464,6073671,7,15
8465,12872,11,15
8466,2388471,9,15
8467,3957000,1,15
8468,2680675,7,15
8469,3751564,10,15
8470,1645200,5,15
8471,5374507,10,15
8472,2624061,11,15
8473,3431018,3,15
8474,3876788,4,15
8475,3188476,9,15
8476,1923823,11,15
8477,4421443,3,15
8478,3685484,5,15
8479,3425384,1,15
8480,753158,8,15
8481,5074679,9,15
8482,4762886,4,15
8483,5804243,8,15
8484,2327733,6,15
8485,715581,9,15
8486,1619950,10,15
8487,6462992,12,15
8488,1132010,6,15
8489,4768478,1,15
8490,11947,11,15
8491,1553922,10,15
8492,2503175,1,15
8493,3710206,11,15
8494,4405311,1,15
8495,219473,8,15
8496,2996936,9,15
8497,1697688,9,15
8498,2536562,10,15
8499,4849056,8,15
8500,3326305,8,15
8501,2431580,3,15
8502,5340613,9,15
8503,3257077,6,15
8504,6469478,3,15
8505,5224668,6,15
8506,5760416,11,15
8507,730883,10,15
8508,4625869,12,15
8509,3466934,5,15
8510,2314151,9,15
8511,3373702,12,15
8512,6258800,4,15
8513,5609054,9,15
8514,1578082,12,15
8515,543404,3,15
8516,5052475,12,15
8517,549724,9,15
8518,3914978,11,15
8519,3921567,12,15
8520,3866047,6,15
8521,2521875,11,15
8522,5154723,10,15
8523,4256230,12,15
8524,3616232,10,15
8525,3086041,12,15
8526,5740378,7,15
8527,5225090,12,15
8528,1334464,9,15
8529,2121417,10,15
8530,4800399,1,15
8531,3949925,9,15
8532,929009,12,15
8533,1269426,12,15
8534,3170645,5,15
8535,3674968,9,15
8536,1637765,8,15
8537,5671861,7,15
8538,2670013,5,15
8539,862071,1,15
8540,905005,11,15
8541,1492652,8,15
8542,2609633,9,15
8543,1689467,6,15
8544,6237840,12,15
8545,5318655,10,15
8546,2174545,12,15
8547,3960740,1,15
8548,3405541,10,15
8549,6059218,1,15
8550,4786683,4,15
8551,3758791,5,15
8552,1841705,9,15
8553,2449587,7,15
8554,5169851,4,15
8555,6300073,4,15
8556,122416,12,15
8557,2539395,4,15
8558,4192689,9,15
8559,1269887,9,15
8560,2066791,3,15
8561,3492311,5,15
8562,2168548,9,15
8563,407501,1,15
8564,964643,1,15
8565,3720110,9,15
8566,1713513,6,15
8567,541336,1,15
8568,3390004,1,15
8569,5742254,7,15
8570,472659,9,15
8571,3931683,6,15
8572,3311000,9,15
8573,1412895,5,15
8574,5376171,6,15
8575,4740500,3,15
8576,4319355,2,15
8577,4522790,4,15
8578,3115492,9,15
8579,1843461,9,15
8580,275398,1,15
8581,4389151,11,15
8582,1283336,3,15
8583,5271430,10,15
8584,5910926,10,15
8585,3306386,2,15
8586,456508,11,15
8587,3359270,1,15
8588,461181,9,15
8589,4706795,10,15
8590,3435750,1,15
8591,1285982,11,15
8592,1481601,4,15
8593,3685759,6,15
8594,428886,10,15
8595,5017067,4,15
8596,2280643,11,15
8597,373755,10,15
8598,2053229,7,15
8599,3308605,5,15
8600,970403,1,15
8601,3698100,3,15
8602,5157501,9,15
8603,6025171,10,15
8604,3527514,11,15
8605,700612,4,15
8606,1613953,1,15
8607,6066457,10,15
8608,3258791,2,15
8609,1518907,9,15
8610,4228535,10,15
8611,4308495,10,15
8612,4546275,4,15
8613,5348277,10,15
8614,5854822,5,15
8615,1918711,6,15
8616,721300,10,15
8617,3291808,11,15
8618,3671215,3,15
8619,4385640,7,15
8620,1200423,7,15
8621,273351,9,15
8622,6149865,12,15
8623,5888115,8,15
8624,3022157,12,15
8625,6414264,9,15
8626,2127915,8,15
8627,4268871,5,15
8628,1178870,12,15
8629,1766448,9,15
8630,2545524,1,15
8631,1535805,9,15
8632,70117,11,15
8633,1108981,1,15
8634,1480267,7,15
8635,4599139,10,15
8636,4122217,9,15
8637,5304568,10,15
8638,1427690,5,15
8639,4680612,11,15
8640,683988,5,15
8641,4115987,9,15
8642,207279,10,15
8643,331061,10,15
8644,4282015,8,15
8645,5311363,9,15
8646,2054613,6,15
8647,5037838,6,15
8648,3725158,6,15
8649,4341299,3,15
8650,498845,6,15
8651,5227250,11,15
8652,65701,1,15
8653,6409773,12,15
8654,3111026,10,15
8655,2513542,4,15
8656,6044474,4,15
8657,6432190,1,15
8658,1816354,1,15
8659,427566,4,15
8660,5095053,11,15
8661,1724302,10,15
8662,6459996,10,15
8663,5694553,7,15
8664,5647320,6,15
8665,73654,5,15
8666,5729785,10,15
8667,4834638,11,15
8668,4716016,9,15
8669,4768773,4,15
8670,3457262,10,15
8671,869700,1,15
8672,4638791,1,15
8673,6219913,11,15
8674,6132405,12,15
8675,3564499,4,15
8676,487753,11,15
8677,4256808,1,15
8678,1893959,9,15
8679,2746361,6,15
8680,3544608,9,15
8681,4318647,10,15
8682,6252061,12,15
8683,4998967,11,15
8684,1396298,8,15
8685,5432400,4,15
8686,500859,4,15
8687,435510,9,15
8688,2837458,9,15
8689,5078038,3,15
8690,3341409,3,15
8691,935843,12,15
8692,1166643,5,15
8693,2615320,11,15
8694,371874,1,15
8695,3803659,4,15
8696,1780462,3,15
8697,2700200,4,15
8698,848582,8,15
8699,4688077,11,15
8700,4200998,3,15
8701,2961189,11,15
8702,5604753,5,15
8703,5689584,4,15
8704,2081509,9,15
8705,4839836,12,15
8706,332173,12,15
8707,3453373,1,15
8708,292417,12,15
8709,974390,7,15
8710,1507526,2,15
8711,139954,12,15
8712,6234002,6,15
8713,420555,12,15
8714,4271220,6,15
8715,1383074,1,15
8716,4128753,9,15
8717,5012107,12,15
8718,2355641,9,15
8719,620488,1,15
8720,949506,4,15
8721,2578191,12,15
8722,4925209,10,15
8723,2857640,12,15
8724,2154687,9,15
8725,758615,12,15
8726,1872517,8,15
8727,355835,1,15
8728,5266868,8,15
8729,4005757,4,15
8730,4341143,12,15
8731,3887839,11,15
8732,6139191,1,15
8733,1624071,5,15
8734,1936645,8,15
8735,3632230,10,15
8736,1218865,10,15
8737,1360947,9,15
8738,6322847,3,15
8739,1270083,8,15
8740,5685904,10,15
8741,2801432,9,15
8742,5750131,2,15
8743,6336464,10,15
8744,5140999,8,15
8745,2533760,12,15
8746,2510668,9,15
8747,1289518,12,15
8748,736100,8,15
8749,1551950,12,15
8750,1169697,12,15
8751,5019374,9,15
8752,3956558,3,15
8753,2525217,9,15
8754,4206122,12,15
8755,3032076,6,15
8756,2952816,10,15
8757,486424,10,15
8758,749233,8,15
8759,1441176,1,15
8760,1434990,10,15
8761,990948,4,15
8762,1690106,9,15
8763,3041516,9,15
8764,5382808,3,15
8765,2992096,10,15
8766,2196027,12,15
8767,369293,12,15
8768,3581894,11,15
8769,6046495,9,15
8770,5343135,12,15
8771,907290,9,15
8772,1560393,5,15
8773,3416114,11,15
8774,5660189,6,15
8775,4834158,10,15
8776,3216525,5,15
8777,2586547,9,15
8778,5741400,4,15
8779,6384003,5,15
8780,723019,4,15
8781,3066281,12,15
8782,3155541,12,15
8783,6335790,10,15
8784,5162546,12,15
8785,5236858,12,15
8786,2721822,1,15
8787,4689303,10,15
8788,4759762,3,15
8789,4742049,2,15
8790,5522388,4,15
8791,820380,8,15
8792,6473329,7,15
8793,2245903,9,15
8794,995546,4,15
8795,5121473,1,15
8796,5729297,10,15
8797,3994019,6,15
8798,538095,11,15
8799,2951889,1,15
8800,3737297,6,15
8801,4564758,8,15
8802,2798056,9,15
8803,948408,10,15
8804,618943,6,15
8805,5529636,1,15
8806,2012640,1,15
8807,1449900,10,15
8808,2506188,8,15
8809,5630222,2,15
8810,2777068,12,15
8811,2175759,10,15
8812,233818,11,15
8813,2582939,8,15
8814,3386838,8,15
8815,495439,6,15
8816,515891,10,15
8817,2887540,5,15
8818,3439036,1,15
8819,1498384,9,15
8820,1761379,12,15
8821,1235751,1,15
8822,5173938,10,15
8823,3809721,12,15
8824,2455418,3,15
8825,2774218,8,15
8826,1199572,1,15
8827,4511528,1,15
8828,4202811,10,15
8829,5670597,1,15
8830,955629,3,15
8831,2547609,3,15
8832,4487540,9,15
8833,1987705,11,15
8834,5291883,10,15
8835,267470,12,15
8836,2936534,9,15
8837,2189373,11,15
8838,3264921,6,15
8839,513299,11,15
8840,5132104,8,15
8841,2219282,11,15
8842,1896272,9,15
8843,968860,12,15
8844,4489912,12,15
8845,24090,3,15
8846,2289018,9,15
8847,4369611,12,15
8848,3041580,9,15
8849,3601549,5,15
8850,2971701,5,15
8851,5158533,1,15
8852,6050619,9,15
8853,3642729,9,15
8854,3200371,9,15
8855,4721476,8,15
8856,550281,9,15
8857,3406041,12,15
8858,3425934,9,15
8859,2726922,1,15
8860,1492217,2,15
8861,3410495,12,15
8862,4710640,11,15
8863,1336204,11,15
8864,5900711,8,15
8865,4595078,12,15
8866,3153364,3,15
8867,5800939,9,15
8868,1598724,3,15
8869,2846147,10,15
8870,5884692,10,15
8871,641842,10,15
8872,3679148,12,15
8873,5052674,5,15
8874,1684245,9,15
8875,3208964,11,15
8876,5996893,10,15
8877,2541039,9,15
8878,556350,5,15
8879,3915179,6,15
8880,2789651,6,15
8881,5810003,1,15
8882,2282900,10,15
8883,3086550,12,15
8884,227044,12,15
8885,3616032,11,15
8886,3622526,8,15
8887,591328,10,15
8888,4209152,8,15
8889,2479829,11,15
8890,5134676,12,15
8891,1060522,12,15
8892,4540588,5,15
8893,3006963,6,15
8894,4298469,10,15
8895,2610133,1,15
8896,5933997,1,15
8897,4550237,9,15
8898,3832444,10,15
8899,5166644,8,15
8900,1140465,4,15
8901,6186675,11,15
8902,5135337,9,15
8903,1867005,8,15
8904,1002526,12,15
8905,1707519,10,15
8906,1979955,12,15
8907,3485712,1,15
8908,3208825,7,15
8909,3071237,5,15
8910,2153380,12,15
8911,5888215,9,15
8912,4419866,11,15
8913,4380010,6,15
8914,4623748,9,15
8915,3848705,9,15
8916,5171771,10,15
8917,5913745,10,15
8918,6278108,8,15
8919,5788021,11,15
8920,5494991,2,15
8921,4701051,9,15
8922,3099346,5,15
8923,6402765,10,15
8924,2910586,5,15
8925,2974455,4,15
8926,1475618,6,15
8927,1639659,11,15
8928,6088522,10,15
8929,5285502,12,15
8930,2480002,1,15
8931,4677592,5,15
8932,5282444,5,15
8933,1572898,10,15
8934,3767759,9,15
8935,3578507,1,15
8936,2265260,1,15
8937,545309,10,15
8938,167634,7,15
8939,5846304,9,15
8940,5844033,11,15
8941,861461,9,15
8942,6187285,10,15
8943,2526615,12,15
8944,4926789,7,15
8945,5258601,3,15
8946,628513,9,15
8947,2905298,10,15
8948,488776,12,15
8949,2507117,9,15
8950,6419018,12,15
8951,1282976,10,15
8952,3369220,3,15
8953,3291591,5,15
8954,4791266,5,15
8955,6468165,8,15
8956,797408,2,15
8957,6237488,9,15
8958,2169998,1,15
8959,705422,10,15
8960,2999611,7,15
8961,3584334,9,15
8962,4588724,8,15
8963,568703,1,15
8964,1811206,8,15
8965,2080833,5,15
8966,2825544,10,15
8967,689092,1,15
8968,181809,9,15
8969,5958481,11,15
8970,4419568,11,15
8971,830424,4,15
8972,6032106,9,15
8973,4742921,12,15
8974,5073558,6,15
8975,4154344,9,16
8976,513299,8,16
8977,3478549,9,16
8978,806759,10,16
8979,2982262,12,16
8980,1276713,10,16
8981,4925209,3,16
8982,2529025,9,16
8983,2520693,6,16
8984,455995,9,16
8985,4745256,1,16
8986,6088522,9,16
8987,5689584,4,16
8988,948408,10,16
8989,1169198,6,16
8990,4938534,9,16
8991,5355476,4,16
8992,5699908,8,16
8993,1458285,10,16
8994,2375423,12,16
8995,4926789,8,16
8996,3616932,12,16
8997,1934883,9,16
8998,3571583,10,16
8999,862154,10,16
9000,5564655,5,16
9001,6274818,12,16
9002,373755,3,16
9003,825222,3,16
9004,6429799,9,16
9005,6041753,12,16
9006,5036261,10,16
9007,1624071,10,16
9008,164576,11,16
9009,3422530,7,16
9010,1235751,1,16
9011,6116532,10,16
9012,1099697,12,16
9013,4638798,5,16
9014,2265260,1,16
9015,2785750,9,16
9016,6345600,9,16
9017,654526,12,16
9018,3674278,1,16
9019,2088391,11,16
9020,3369220,1,16
9021,715056,12,16
9022,917822,11,16
9023,6318793,12,16
9024,1656539,9,16
9025,861924,11,16
9026,320864,10,16
9027,2431580,10,16
9028,6075416,9,16
9029,1724302,10,16
9030,5635947,1,16
9031,4811868,5,16
9032,1918711,11,16
9033,5251619,9,16
9034,439787,9,16
9035,4769364,6,16
9036,2974455,4,16
9037,3053610,3,16
9038,5734273,5,16
9039,4438543,8,16
9040,62338,12,16
9041,6382915,3,16
9042,2611937,7,16
9043,3494787,9,16
9044,2315229,7,16
9045,5301088,5,16
9046,4793432,11,16
9047,4092455,12,16
9048,5569564,10,16
9049,284383,6,16
9050,4716016,12,16
9051,3069943,10,16
9052,4729899,9,16
9053,6459996,11,16
9054,3588298,2,16
9055,96036,4,16
9056,226783,12,16
9057,6347052,3,16
9058,4577177,4,16
9059,2801432,9,16
9060,2057971,11,16
9061,1169697,9,16
9062,3388742,5,16
9063,4747268,6,16
9064,3274135,6,16
9065,5007829,10,16
9066,864024,8,16
9067,2583369,6,16
9068,4998457,9,16
9069,6149865,4,16
9070,122416,5,16
9071,6139191,7,16
9072,4249393,10,16
9073,5704429,5,16
9074,6463676,10,16
9075,2800695,10,16
9076,5517394,9,16
9077,1498587,8,16
9078,3621921,10,16
9079,5729785,10,16
9080,4712836,8,16
9081,5110405,3,16
9082,532245,10,16
9083,4430287,10,16
9084,2994614,3,16
9085,4861465,11,16
9086,2658470,2,16
9087,90861,2,16
9088,3769909,11,16
9089,2609633,11,16
9090,1352099,4,16
9091,5017067,2,16
9092,5553341,12,16
9093,5074679,12,16
9094,1923823,11,16
9095,3578507,3,16
9096,5884692,1,16
9097,190629,8,16
9098,5398855,3,16
9099,5937178,10,16
9100,4096952,3,16
9101,3918853,1,16
9102,4649438,10,16
9103,2801429,5,16
9104,6387969,11,16
9105,4922879,6,16
9106,3097882,9,16
9107,2531570,7,16
9108,4721764,2,16
9109,4834638,9,16
9110,1164972,1,16
9111,3483942,11,16
9112,2510668,10,16
9113,6258800,3,16
9114,4206122,12,16
9115,5699490,11,16
9116,487753,9,16
9117,3848208,10,16
9118,5333794,8,16
9119,1987705,10,16
9120,5771206,10,16
9121,4870049,12,16
9122,6245238,2,16
9123,2962324,1,16
9124,1002429,1,16
9125,4037574,10,16
9126,5536803,9,16
9127,2206774,4,16
9128,1893959,12,16
9129,5860622,8,16
9130,318275,5,16
9131,6301218,11,16
9132,3999976,4,16
9133,2478827,9,16
9134,1208299,9,16
9135,5266868,9,16
9136,704502,1,16
9137,2495289,8,16
9138,1631649,9,16
9139,5992937,2,16
9140,6237488,5,16
9141,6462992,10,16
9142,4016259,11,16
9143,5557448,9,16
9144,3216525,10,16
9145,2366892,9,16
9146,4005757,4,16
9147,615477,10,16
9148,2733043,1,16
9149,1933059,5,16
9150,5719238,9,16
9151,4419568,10,16
9152,3249107,11,16
9153,4123087,10,16
9154,3404639,12,16
9155,6266325,3,16
9156,5958707,5,16
9157,6165827,4,16
9158,2914343,9,16
9159,5675825,10,16
9160,2280643,9,16
9161,4084986,1,16
9162,3311168,11,16
9163,201823,8,16
9164,6218771,3,16
9165,4369611,9,16
9166,2169998,2,16
9167,5012107,4,16
9168,354426,5,16
9169,4453642,7,16
9170,5180533,5,16
9171,6335790,9,16
9172,4286476,6,16
9173,1008573,1,16
9174,2848668,9,16
9175,3416114,1,16
9176,3086550,10,16
9177,253860,12,16
9178,4522790,4,16
9179,3238282,1,16
9180,1028957,12,16
9181,2355641,9,16
9182,3402470,3,16
9183,2081509,9,16
9184,3623681,9,16
9185,467625,4,16
9186,4341299,12,16
9187,2455418,8,16
9188,2568915,6,16
9189,2825544,5,16
9190,2987851,7,16
9191,4905376,9,16
9192,2360662,11,16
9193,319307,10,16
9194,735318,3,16
9195,1429675,7,16
9196,2702202,1,16
9197,2999611,11,16
9198,1707847,9,16
9199,5017635,5,16
9200,6471330,1,16
9201,6320713,10,16
9202,6431772,6,16
9203,5680149,1,16
9204,4486176,9,16
9205,353048,10,16
9206,1042901,9,16
9207,1518907,10,16
9208,723299,2,16
9209,6109600,4,16
9210,3902193,10,16
9211,2615046,10,16
9212,1594219,4,16
9213,1586859,11,16
9214,4300060,12,16
9215,4599139,9,16
9216,5990869,4,16
9217,2961118,9,16
9218,4904188,4,16
9219,715804,9,16
9220,4550237,12,16
9221,420555,11,16
9222,3518984,11,16
9223,3449472,10,16
9224,1405276,11,16
9225,4531449,8,16
9226,2525429,6,16
9227,5734879,8,16
9228,2914933,1,16
9229,2388471,12,16
9230,114813,5,16
9231,5864344,10,16
9232,6057906,11,16
9233,4012484,9,16
9234,4938704,6,16
9235,700612,11,16
9236,207279,9,16
9237,3141073,9,16
9238,1145372,6,16
9239,5178863,9,16
9240,5699214,9,16
9241,1117104,8,16
9242,63627,12,16
9243,1480267,12,16
9244,4122217,8,16
9245,5213417,11,16
9246,5167613,9,16
9247,4445498,12,16
9248,6059563,9,16
9249,3431364,6,16
9250,2354590,5,16
9251,2971701,10,16
9252,3395004,11,16
9253,1264585,6,16
9254,3291591,7,16
9255,1280583,9,16
9256,2236156,5,16
9257,1469285,10,16
9258,6322847,2,16
9259,1063000,4,16
9260,1665863,12,16
9261,998703,8,16
9262,3721756,9,16
9263,6473329,3,16
9264,1599728,5,16
9265,6187285,5,16
9266,3031764,6,16
9267,278889,12,16
9268,2784760,9,16
9269,4066044,10,16
9270,3181873,12,16
9271,2602668,10,16
9272,4266518,5,16
9273,3979562,6,16
9274,6074295,12,16
9275,3921567,9,16
9276,1031696,11,16
9277,2535103,7,16
9278,3877388,12,16
9279,5286269,9,16
9280,5318655,11,16
9281,19889,12,16
9282,4181349,12,16
9283,4906790,9,16
9284,2116824,5,16
9285,5043232,5,16
9286,3945655,2,16
9287,887016,9,16
9288,3581894,3,16
9289,518247,10,16
9290,6143606,6,16
9291,3091854,8,16
9292,4623748,1,16
9293,3753879,8,16
9294,251665,9,16
9295,1507526,12,16
9296,233818,8,16
9297,1843461,10,16
9298,467063,11,16
9299,968860,10,16
9300,4029112,10,16
9301,5890211,10,16
9302,3803659,4,16
9303,2520200,10,16
9304,5764435,12,16
9305,4023211,10,16
9306,2317126,12,16
9307,5494253,12,16
9308,3610804,6,16
9309,2461531,12,16
9310,6343621,6,16
9311,2019954,9,16
9312,628513,7,16
9313,5291883,7,16
9314,67801,7,16
9315,6252061,10,16
9316,1835110,8,16
9317,292417,10,16
9318,2504523,10,16
9319,6320374,2,16
9320,1204273,11,16
9321,2314151,4,16
9322,2458642,10,16
9323,3309551,1,16
9324,5672800,1,16
9325,3915179,6,16
9326,1766448,12,16
9327,2106775,10,16
9328,3685484,3,16
9329,5740378,11,16
9330,5464845,6,16
9331,3769532,6,16
9332,3423422,2,16
9333,2952816,1,16
9334,6052644,9,16
9335,3386838,9,16
9336,3405541,10,16
9337,2823351,10,16
9338,97987,11,16
9339,2023164,5,16
9340,276917,12,16
9341,4186082,12,16
9342,205616,10,16
9343,4620411,10,16
9344,682114,10,16
9345,1761379,9,16
9346,721300,12,16
9347,1272060,1,16
9348,4872811,3,16
9349,4200998,10,16
9350,861461,9,16
9351,5844033,9,16
9352,1911645,9,16
9353,2233869,8,16
9354,2174545,11,16
9355,2726547,10,16
9356,1994055,4,16
9357,2746361,2,16
9358,2450561,7,16
9359,890618,11,16
9360,5933997,12,16
9361,1641223,11,16
9362,251236,3,16
9363,1248537,7,16
9364,4242838,6,16
9365,6186675,8,16
9366,466125,11,16
9367,4629280,7,16
9368,3264921,10,16
9369,5233125,11,16
9370,6243813,1,16
9371,5611132,10,16
9372,2772139,2,16
9373,528415,9,16
9374,327221,10,16
9375,4242259,11,16
9376,427566,12,16
9377,2299566,12,16
9378,4303882,1,16
9379,1441176,9,16
9380,6415310,8,16
9381,5095052,9,16
9382,4413193,4,16
9383,3111026,12,16
9384,355929,9,16
9385,5918165,5,16
9386,321864,7,16
9387,2914575,6,16
9388,1292434,12,16
9389,2533760,9,16
9390,6066457,10,16
9391,755414,12,16
9392,4971335,7,16
9393,801637,11,16
9394,6046495,9,16
9395,3354934,12,16
9396,2060698,1,16
9397,5671861,9,16
9398,5302715,3,16
9399,2596330,9,16
9400,6081830,11,16
9401,6208625,9,16
9402,3265642,6,16
9403,1496310,10,16
9404,2410673,6,16
9405,2549404,10,16
9406,2337536,10,16
9407,1434990,8,16
9408,5067402,4,16
9409,628380,6,16
9410,1449900,11,16
9411,5231308,6,16
9412,4511502,9,16
9413,5149816,10,16
9414,5032618,12,16
9415,4531987,11,16
9416,4268871,3,16
9417,6164510,3,16
9418,6419018,9,16
9419,5225090,12,16
9420,715581,10,16
9421,4308495,10,16
9422,4638791,1,16
9423,1246794,7,16
9424,3306386,4,16
9425,3584280,10,16
9426,730883,8,16
9427,5972691,12,16
9428,1736091,10,16
9429,2568682,6,16
9430,1379119,4,16
9431,2439039,12,16
9432,2726922,2,16
9433,4433623,10,16
9434,5344481,9,16
9435,1088728,5,16
9436,6089514,12,16
9437,86668,8,16
9438,78237,12,16
9439,4380439,1,16
9440,2507895,10,16
9441,3024785,3,16
9442,835819,4,16
9443,2080833,8,16
9444,2837458,9,16
9445,2610133,1,16
9446,5061084,12,16
9447,1357167,12,16
9448,4104629,6,16
9449,1645200,3,16
9450,1867936,9,16
9451,3857194,8,16
9452,4742921,12,16
9453,4902409,5,16
9454,4880487,9,16
9455,6215090,9,16
9456,4488254,12,16
9457,763690,11,16
9458,6414264,1,16
9459,749233,8,16
9460,750891,9,16
9461,1093907,10,16
9462,1535805,5,16
9463,3315749,9,16
9464,2607591,9,16
9465,284576,12,16
9466,3078432,12,16
9467,2053229,10,16
9468,5432400,4,16
9469,2545524,1,16
9470,556350,1,16
9471,1002526,11,16
9472,1702854,9,16
9473,2517554,4,16
9474,2106093,6,16
9475,6494381,7,16
9476,1896272,12,16
9477,2436592,1,16
9478,4256230,12,16
9479,5158533,1,16
9480,3650185,12,16
9481,1750704,6,16
9482,1551950,9,16
9483,1676516,4,16
9484,2559374,5,16
9485,3057988,12,16
9486,3359270,5,16
9487,4042491,9,16
9488,4588724,12,16
9489,2467092,10,16
9490,3420974,11,16
9491,4799330,4,16
9492,178685,4,16
9493,3128366,3,16
9494,3848705,9,16
9495,747814,9,16
9496,970403,10,16
9497,270622,6,16
9498,1412895,3,16
9499,442413,10,16
9500,2582939,10,16
9501,1360947,9,16
9502,6214309,12,16
9503,5603595,9,16
9504,2521875,12,16
9505,3671215,5,16
9506,4192761,8,16
9507,5117086,6,16
9508,1909348,12,16
9509,1176263,8,16
9510,1581813,11,16
9511,3520364,12,16
9512,2567361,6,16
9513,3601549,7,16
9514,4610102,1,16
9515,5439573,10,16
9516,5593679,8,16
9517,3347411,7,16
9518,587114,5,16
9519,3802744,11,16
9520,1532405,12,16
9521,3785417,11,16
9522,3664110,3,16
9523,5450314,6,16
9524,2450075,3,16
9525,4159777,12,16
9526,3420729,1,16
9527,2910586,10,16
9528,1649967,10,16
9529,3734137,1,16
9530,435510,8,16
9531,149949,6,16
9532,1352953,9,16
9533,6025171,4,16
9534,4379256,3,16
9535,2463038,12,16
9536,2298803,5,16
9537,1767835,12,16
9538,1983541,3,16
9539,3251181,11,16
9540,4445026,1,16
9541,6123684,7,16
9542,5826554,3,16
9543,3685759,10,16
9544,5011227,10,16
9545,2570024,1,16
9546,779092,12,16
9547,476470,12,16
9548,4720515,10,16
9549,241033,1,16
9550,5253238,3,16
9551,3183833,9,16
9552,2077665,10,16
9553,4419698,4,16
9554,2196027,9,16
9555,4592036,10,16
9556,4424118,8,16
9557,4126815,4,16
9558,500859,4,16
9559,2575423,12,16
9560,4127779,12,16
9561,3564499,9,16
9562,4954550,5,16
9563,5800939,12,16
9564,460774,10,16
9565,3300574,7,16
9566,3170645,10,16
9567,5919160,11,16
9568,556236,2,16
9569,1923823,10,17
9570,990948,4,17
9571,2778518,11,17
9572,6363590,5,17
9573,1676516,7,17
9574,4256808,9,17
9575,4046960,10,17
9576,1699767,5,17
9577,1114477,12,17
9578,2887540,3,17
9579,5666877,9,17
9580,2292303,9,17
9581,1893959,9,17
9582,3276609,12,17
9583,1783169,3,17
9584,5542285,10,17
9585,995546,4,17
9586,2299566,9,17
9587,1117104,10,17
9588,5919160,1,17
9589,6468161,10,17
9590,5630173,8,17
9591,4623748,3,17
9592,1976587,6,17
9593,1235751,1,17
9594,5760416,8,17
9595,2979332,8,17
9596,4595896,3,17
9597,2183844,10,17
9598,3840616,5,17
9599,2168548,9,17
9600,2952816,10,17
9601,1356423,10,17
9602,1816354,4,17
9603,4315327,6,17
9604,5358538,5,17
9605,4319355,1,17
9606,5910926,12,17
9607,4975631,9,17
9608,2929591,4,17
9609,898943,9,17
9610,160841,2,17
9611,3650185,12,17
9612,1007797,3,17
9613,862154,12,17
9614,5517818,12,17
9615,5555762,1,17
9616,2800695,11,17
9617,5181912,8,17
9618,4653978,6,17
9619,4187064,10,17
9620,240378,4,17
9621,5037383,3,17
9622,4498450,12,17
9623,5788497,9,17
9624,65701,1,17
9625,1219153,1,17
9626,2526424,4,17
9627,2943156,10,17
9628,6307456,1,17
9629,3308605,9,17
9630,435510,9,17
9631,1150312,7,17
9632,3847300,1,17
9633,524023,11,17
9634,5070680,3,17
9635,2547609,9,17
9636,3873958,1,17
9637,3799877,9,17
9638,3978768,9,17
9639,1709974,3,17
9640,5117086,9,17
9641,2791621,8,17
9642,5742254,1,17
9643,3344933,8,17
9644,5374507,4,17
9645,5167613,4,17
9646,2798056,9,17
9647,1492652,8,17
9648,5713979,2,17
9649,2903444,9,17
9650,2583369,12,17
9651,2350437,4,17
9652,180504,10,17
9653,3162293,3,17
9654,5161997,9,17
9655,2802233,10,17
9656,1560393,1,17
9657,4300060,9,17
9658,3359270,1,17
9659,3938245,12,17
9660,5700786,9,17
9661,2999611,12,17
9662,5021903,1,17
9663,4620411,10,17
9664,780759,3,17
9665,4351884,10,17
9666,500859,3,17
9667,491601,4,17
9668,4756460,1,17
9669,592638,2,17
9670,1572898,4,17
9671,5313663,9,17
9672,2782931,5,17
9673,2520051,9,17
9674,467063,9,17
9675,835819,11,17
9676,2520200,11,17
9677,3892986,5,17
9678,461181,9,17
9679,2189373,11,17
9680,3091735,7,17
9681,284576,9,17
9682,1330225,7,17
9683,4181349,10,17
9684,5522433,9,17
9685,4422413,10,17
9686,1239096,9,17
9687,2434541,1,17
9688,1935756,9,17
9689,2092543,9,17
9690,2982262,9,17
9691,793889,12,17
9692,2366892,9,17
9693,2690306,12,17
9694,1489505,12,17
9695,5304568,10,17
9696,4601117,9,17
9697,5786514,10,17
9698,3902393,8,17
9699,2266969,9,17
9700,2037116,11,17
9701,3752851,4,17
9702,385617,4,17
9703,408087,4,17
9704,190629,9,17
9705,3504983,10,17
9706,3671215,11,17
9707,6468165,8,17
9708,3275362,1,17
9709,4329739,5,17
9710,6377872,6,17
9711,5884692,1,17
9712,5423941,1,17
9713,646759,9,17
9714,3112565,9,17
9715,2779350,6,17
9716,2412427,7,17
9717,46167,9,17
9718,4933263,10,17
9719,2081509,9,17
9720,1578082,10,17
9721,968860,5,17
9722,2808377,11,17
9723,3914978,7,17
9724,656095,11,17
9725,495439,6,17
9726,6252061,9,17
9727,53810,10,17
9728,3457262,1,17
9729,949475,8,17
9730,2298803,1,17
9731,1535805,10,17
9732,2602360,12,17
9733,1818304,1,17
9734,2608984,4,17
9735,3308822,11,17
9736,1690106,9,17
9737,6106014,10,17
9738,5278086,7,17
9739,5494253,11,17
9740,3321676,9,17
9741,4430287,7,17
9742,3478549,8,17
9743,2602668,10,17
9744,69105,12,17
9745,3509856,10,17
9746,6164510,9,17
9747,2184816,10,17
9748,786765,9,17
9749,4025997,4,17
9750,1201660,9,17
9751,4162257,1,17
9752,4729899,11,17
9753,2914575,9,17
9754,4345928,5,17
9755,4531987,10,17
9756,4400489,10,17
9757,3674968,12,17
9758,3616232,8,17
9759,3647053,10,17
9760,6307718,9,17
9761,2839188,8,17
9762,6347052,4,17
9763,2116824,9,17
9764,3578507,7,17
9765,3677247,9,17
9766,4979436,1,17
9767,3519251,6,17
9768,135635,9,17
9769,1641223,5,17
9770,5473739,1,17
9771,396899,1,17
9772,3888154,3,17
9773,6305326,8,17
9774,5990869,9,17
9775,842523,9,17
9776,1750655,8,17
9777,4175830,12,17
9778,492660,8,17
9779,5671861,10,17
9780,735318,5,17
9781,5171771,11,17
9782,2991105,9,17
9783,1598724,6,17
9784,4577177,6,17
9785,1167963,7,17
9786,4022830,6,17
9787,5180533,1,17
9788,114813,10,17
9789,1360947,2,17
9790,744576,3,17
9791,5969755,4,17
9792,3291591,6,17
9793,3261248,6,17
9794,4762886,9,17
9795,4938518,9,17
9796,3420974,10,17
9797,2236156,4,17
9798,4527954,7,17
9799,5859109,4,17
9800,5723060,7,17
9801,1336204,5,17
9802,1929492,6,17
9803,2525429,10,17
9804,3155541,12,17
9805,6320374,10,17
9806,6149865,3,17
9807,4967145,4,17
9808,545309,10,17
9809,6068514,7,17
9810,2023164,8,17
9811,964643,4,17
9812,1866932,8,17
9813,198332,11,17
9814,1270083,8,17
9815,4433623,5,17
9816,5602941,10,17
9817,1379966,12,17
9818,532245,9,17
9819,3207930,10,17
9820,1553922,1,17
9821,5166644,3,17
9822,1587138,11,17
9823,5324978,9,17
9824,3169231,11,17
9825,1164972,9,17
9826,1221322,6,17
9827,3390004,1,17
9828,618943,11,17
9829,970403,4,17
9830,3738359,9,17
9831,6193664,2,17
9832,4600578,9,17
9833,3191799,8,17
9834,641522,1,17
9835,5156561,12,17
9836,2909417,4,17
9837,2789651,4,17
9838,2388471,9,17
9839,5748315,8,17
9840,2626939,11,17
9841,457987,9,17
9842,5052475,10,17
9843,2961118,9,17
9844,4419568,11,17
9845,1272060,1,17
9846,1492217,1,17
9847,4902604,9,17
9848,2206774,4,17
9849,2570024,4,17
9850,6336464,12,17
9851,1437266,7,17
9852,5993732,10,17
9853,2999442,9,17
9854,5734879,12,17
9855,1031696,6,17
9856,321864,12,17
9857,2106775,5,17
9858,5444032,11,17
9859,300086,2,17
9860,1905773,3,17
9861,4747268,6,17
9862,2460265,3,17
9863,6186675,7,17
9864,2774218,7,17
9865,4861276,9,17
9866,6291326,11,17
9867,818798,1,17
9868,4096952,8,17
9869,3423875,12,17
9870,4996164,12,17
9871,2871734,8,17
9872,5903151,6,17
9873,4341332,9,17
9874,5482056,11,17
9875,5425354,12,17
9876,591328,10,17
9877,5859994,11,17
9878,2491609,12,17
9879,243327,3,17
9880,5348277,12,17
9881,19889,8,17
9882,601943,10,17
9883,723019,9,17
9884,4998457,12,17
9885,4905652,10,17
9886,3616932,9,17
9887,1176519,4,17
9888,4718627,10,17
9889,2480002,1,17
9890,4602562,4,17
9891,2504523,12,17
9892,86668,1,17
9893,5289015,12,17
9894,5145320,12,17
9895,3889463,12,17
9896,486424,6,17
9897,3176384,1,17
9898,4769364,10,17
9899,6335790,11,17
9900,546733,10,17
9901,726075,11,17
9902,5729785,10,17
9903,5355476,3,17
9904,3031764,12,17
9905,2306937,6,17
9906,4870049,10,17
9907,6111761,12,17
9908,2467092,10,17
9909,6436107,4,17
9910,1572709,12,17
9911,1707847,9,17
9912,5213417,11,17
9913,6293977,11,17
9914,267470,10,17
9915,2440842,5,17
9916,1405276,11,17
9917,1909348,10,17
9918,2624982,1,17
9919,3869947,12,17
9920,3152135,10,17
9921,3734181,11,17
9922,3388742,11,17
9923,1013497,11,17
9924,4192689,8,17
9925,4507715,10,17
9926,720199,11,17
9927,6379421,3,17
9928,5136040,11,17
9929,5110405,3,17
9930,2473447,9,17
9931,2586547,6,17
9932,1469266,5,17
9933,2757947,12,17
9934,3216525,3,17
9935,3466934,9,17
9936,4710640,9,17
9937,1280583,3,17
9938,4564758,5,17
9939,331061,9,17
9940,5084177,5,17
9941,779006,9,17
9942,2280643,9,17
9943,755414,9,17
9944,355929,11,17
9945,3623681,11,17
9946,5604753,4,17
9947,641842,11,17
9948,3741774,11,17
9949,112864,9,17
9950,1843461,10,17
9951,3483942,4,17
9952,3880587,10,17
9953,6445003,5,17
9954,2914933,1,17
9955,2699177,9,17
9956,4424118,9,17
9957,2829062,5,17
9958,721980,10,17
9959,3410495,9,17
9960,2221039,10,17
9961,900820,9,17
9962,4547514,11,17
9963,4849056,12,17
9964,6220548,1,17
9965,4136058,11,17
9966,2510668,7,17
9967,6473281,12,17
9968,4834158,9,17
9969,2063941,11,17
9970,2414859,11,17
9971,2159224,5,17
9972,4023762,3,17
9973,3573928,12,17
9974,4140754,3,17
9975,5200608,3,17
9976,3163587,7,17
9977,5121237,10,17
9978,1412878,3,17
9979,3349451,9,17
9980,749233,3,17
9981,806932,8,17
9982,5084127,12,17
9983,4000125,1,17
9984,232866,11,17
9985,4948900,9,17
9986,5132104,8,17
9987,1758986,6,17
9988,5573928,1,17
9989,1498384,11,17
9990,6032106,5,17
9991,5067402,4,17
9992,1811206,6,17
9993,3315749,9,17
9994,3123507,9,17
9995,4484556,11,17
9996,1801851,8,17
9997,1586859,6,17
9998,3306386,9,17
9999,1840497,5,17
10000,1276713,9,17
10001,1456382,5,17
10002,6139191,1,17
10003,2746361,2,17
10004,4413193,8,17
10005,6227391,9,17
10006,6141967,11,17
10007,6123684,10,17
10008,998703,9,17
10009,5052674,4,17
10010,2883943,12,17
10011,592406,9,17
10012,2610133,1,17
10013,3609162,9,17
10014,2568915,6,17
10015,5361527,9,17
10016,4447780,9,17
10017,879308,4,17
10018,1918711,10,17
10019,1387270,12,17
10020,805209,2,17
10021,856142,5,17
10022,747814,6,17
10023,1317300,9,17
10024,6332088,11,17
10025,4811806,12,17
10026,6307843,3,17
10027,5270707,10,17
10028,4158394,9,17
10029,233818,1,17
10030,1305949,10,17
10031,4926789,9,17
10032,1954053,8,17
10033,6382915,6,17
10034,1876786,6,17
10035,1754074,7,17
10036,1099697,9,17
10037,219473,8,17
10038,2846147,6,17
10039,695620,11,17
10040,3664482,5,17
10041,6404195,11,17
10042,4629280,8,17
10043,4404637,3,17
10044,682114,9,17
10045,4152286,3,17
10046,276917,9,17
10047,4544513,11,17
10048,2171709,12,17
10049,861924,11,17
10050,6394574,10,17
10051,4815607,9,17
10052,246478,1,17
10053,5992356,4,17
10054,3685759,10,17
10055,2225061,3,17
10056,2961189,11,17
10057,4768773,6,17
10058,4091655,6,17
10059,5318655,10,17
10060,4202919,12,17
10061,4056857,9,17
10062,3710206,4,17
10063,3425934,11,17
10064,820380,9,17
10065,1412895,3,17
10066,5173938,11,17
10067,1613900,12,17
10068,5604503,1,17
10069,67801,8,17
10070,747525,8,17
10071,2575423,9,17
10072,5469266,7,17
10073,6165827,12,17
10074,6141157,3,17
10075,5719238,9,17
10076,5012107,4,17
10077,6278108,12,17
10078,401390,9,17
10079,353048,5,17
10080,3364479,3,17
10081,881824,8,17
10082,5073558,9,17
10083,31246,6,17
10084,3099346,11,17
10085,5520467,3,17
10086,2695516,12,17
10087,5450314,6,17
10088,3331877,5,17
10089,3211472,9,17
10090,5844033,6,17
10091,2987851,9,17
10092,2726547,4,17
10093,5397313,5,17
10094,3570530,12,17
10095,3395004,9,17
10096,5211818,12,17
10097,6173579,10,17
10098,3788288,6,17
10099,2424966,10,17
10100,3140295,10,17
10101,6381229,8,17
10102,4256230,9,17
10103,5448865,7,17
10104,6063653,9,17
10105,1093907,3,17
10106,1738208,11,17
10107,3543957,5,17
10108,4945064,5,17
10109,1867936,11,17
10110,481784,10,17
10111,2463038,10,17
10112,4442713,7,17
10113,2702202,1,17
10114,2537373,1,17
10115,178685,10,17
10116,5810003,1,17
10117,561619,9,17
10118,4438543,3,17
10119,2385899,1,17
10120,3455235,12,17
10121,628380,1,17
10122,365836,12,17
10123,487753,12,17
10124,372660,1,17
10125,5771206,12,17
10126,5156960,1,17
10127,2721822,5,17
10128,3278942,1,17
10129,439787,7,17
10130,3784555,10,17
10131,2514905,9,17
10132,789183,1,17
10133,6446416,10,17
10134,2478827,5,17
10135,3932316,11,17
10136,1463753,3,17
10137,3148259,6,17
10138,1198748,11,17
10139,2390937,12,17
10140,6088522,9,17
10141,5859330,6,17
10142,409403,12,17
10143,461291,12,17
10144,1088728,12,17
10145,2579954,1,17
10146,4874322,1,17
10147,4308495,10,17
10148,1896272,5,17
10149,3679148,12,17
10150,1352953,12,17
10151,2624061,11,17
10152,6018776,9,17
10153,2430360,3,17
10154,4154344,10,17
10155,4740500,3,17
10156,3761473,10,17
10157,2497146,10,17
10158,3300574,7,17
10159,6384003,11,17
10160,3647318,4,17
10161,4369611,10,17
10162,4546275,4,17
10163,3634221,11,17
10164,5152889,5,17
10165,2513542,3,17
10166,3058798,8,17
10167,3381547,11,17
10168,2315229,12,17
10169,2243117,1,17
10170,1918276,11,17
10171,5290043,9,17
10172,5398855,11,17
10173,2801432,12,17
10174,1166643,1,17
10175,3196145,9,17
10176,5657446,1,17
10177,1352099,4,17
10178,5282444,3,17
10179,648293,9,17
10180,5095053,11,17
10181,4800441,1,17
10182,4065354,10,17
10183,5011227,9,17
10184,3685484,12,17
10185,1140465,11,18
10186,1151416,12,18
10187,257630,6,18
10188,5740378,12,18
10189,1398788,5,18
10190,1713513,10,18
10191,180504,8,18
10192,2065409,11,18
10193,4863120,6,18
10194,269131,11,18
10195,4461899,9,18
10196,2306937,10,18
10197,6073671,12,18
10198,2375423,10,18
10199,2782931,6,18
10200,3016643,11,18
10201,5654275,5,18
10202,2533760,12,18
10203,427566,12,18
10204,735318,11,18
10205,1840497,1,18
10206,1571369,9,18
10207,33904,6,18
10208,3128366,3,18
10209,2961189,10,18
10210,4712836,12,18
10211,3012532,9,18
10212,1802547,2,18
10213,1492652,6,18
10214,4511502,5,18
10215,3157209,9,18
10216,6052644,5,18
10217,2504522,12,18
10218,970403,1,18
10219,2174545,6,18
10220,3772244,6,18
10221,2350437,5,18
10222,1743549,12,18
10223,1690961,10,18
10224,3176384,1,18
10225,5015443,10,18
10226,2940613,12,18
10227,2883943,9,18
10228,6195154,12,18
10229,6055389,10,18
10230,1587138,11,18
10231,2624982,1,18
10232,1244671,3,18
10233,2189795,6,18
10234,2298378,1,18
10235,4723435,10,18
10236,5719238,11,18
10237,31246,6,18
10238,2832693,10,18
10239,2183844,4,18
10240,45025,10,18
10241,3242746,9,18
10242,628380,10,18
10243,3994019,10,18
10244,4016707,10,18
10245,1270083,4,18
10246,2789651,7,18
10247,428886,10,18
10248,1520066,8,18
10249,656095,7,18
10250,2529025,5,18
10251,1578082,12,18
10252,6066457,5,18
10253,4495752,7,18
10254,1028957,4,18
10255,1117104,10,18
10256,3213014,6,18
10257,2482340,6,18
10258,2298803,1,18
10259,3420729,1,18
10260,2602668,7,18
10261,1280583,4,18
10262,4710640,11,18
10263,1936645,4,18
10264,298389,3,18
10265,4227552,2,18
10266,2702202,1,18
10267,4020866,9,18
10268,6403604,11,18
10269,1235751,1,18
10270,2520693,9,18
10271,2430360,3,18
10272,2622760,9,18
10273,5316775,9,18
10274,5605789,12,18
10275,5324978,9,18
10276,5233125,10,18
10277,6274818,12,18
10278,2184816,3,18
10279,687726,7,18
10280,3373702,11,18
10281,3208825,5,18
10282,4872811,1,18
10283,122416,9,18
10284,821158,3,18
10285,623608,9,18
10286,615477,4,18
10287,3373646,10,18
10288,4905652,10,18
10289,2394356,9,18
10290,2796050,9,18
10291,3518984,9,18
10292,1668151,6,18
10293,4595078,10,18
10294,3581894,12,18
10295,86668,9,18
10296,5167613,7,18
10297,2473447,8,18
10298,278889,6,18
10299,1412112,10,18
10300,300086,9,18
10301,2971701,3,18
10302,5666877,12,18
10303,1437266,8,18
10304,5937178,9,18
10305,4341143,10,18
10306,5517818,9,18
10307,6218555,7,18
10308,4808473,9,18
10309,6208625,10,18
10310,1456382,9,18
10311,1219434,4,18
10312,3650185,6,18
10313,3752851,6,18
10314,2917593,10,18
10315,1843461,11,18
10316,1114477,12,18
10317,5318655,5,18
10318,541336,10,18
10319,1945286,12,18
10320,2081509,11,18
10321,5254957,9,18
10322,5450314,6,18
10323,5569564,11,18
10324,4472976,4,18
10325,6293977,9,18
10326,2538894,10,18
10327,4115762,9,18
10328,3999976,7,18
10329,4069092,7,18
10330,1780462,5,18
10331,4474851,12,18
10332,5242669,8,18
10333,3211472,9,18
10334,4552528,10,18
10335,6219105,10,18
10336,968860,9,18
10337,1247517,9,18
10338,152911,1,18
10339,5520467,9,18
10340,2367790,9,18
10341,3364479,10,18
10342,5584904,10,18
10343,207279,10,18
10344,409212,11,18
10345,2479829,8,18
10346,3308605,9,18
10347,190629,5,18
10348,4256230,12,18
10349,433376,5,18
10350,4436154,3,18
10351,5788497,12,18
10352,3671215,12,18
10353,3153364,3,18
10354,4926789,3,18
10355,5992356,7,18
10356,4741690,12,18
10357,3468467,8,18
10358,3155541,12,18
10359,4122217,12,18
10360,5071319,6,18
10361,3531154,9,18
10362,4389151,9,18
10363,6324910,12,18
10364,369293,11,18
10365,5628353,7,18
10366,3519251,5,18
10367,4762886,9,18
10368,4805576,1,18
10369,1272060,1,18
10370,2263732,9,18
10371,2385325,11,18
10372,4880487,12,18
10373,5037383,8,18
10374,4175830,3,18
10375,2159224,9,18
10376,780759,11,18
10377,2547609,3,18
10378,456508,12,18
10379,481784,9,18
10380,6074552,8,18
10381,4128753,5,18
10382,5152889,4,18
10383,2962324,1,18
10384,1246794,12,18
10385,5257210,12,18
10386,3148259,9,18
10387,4299666,8,18
10388,3423875,12,18
10389,2772468,9,18
10390,2075459,12,18
10391,214642,8,18
10392,6075416,5,18
10393,1269426,8,18
10394,5043232,3,18
10395,3857194,8,18
10396,1176263,10,18
10397,1632015,9,18
10398,2468867,2,18
10399,6214309,11,18
10400,141088,3,18
10401,4010321,10,18
10402,888013,7,18
10403,2651726,11,18
10404,5609054,9,18
10405,2361002,7,18
10406,1498384,10,18
10407,2467604,3,18
10408,4037574,9,18
10409,1429675,5,18
10410,4178954,4,18
10411,2063941,10,18
10412,5804243,12,18
10413,4601117,12,18
10414,218612,9,18
10415,5527427,12,18
10416,1964150,3,18
10417,4602562,6,18
10418,793889,10,18
10419,1980430,7,18
10420,1994055,10,18
10421,3918853,1,18
10422,1887150,6,18
10423,5052674,4,18
10424,1217412,10,18
10425,6355376,12,18
10426,2066791,5,18
10427,2735309,1,18
10428,4240552,12,18
10429,1876786,3,18
10430,2695754,8,18
10431,700612,11,18
10432,2624061,11,18
10433,3979562,1,18
10434,271521,10,18
10435,2829062,2,18
10436,579091,12,18
10437,5742254,1,18
10438,4629280,12,18
10439,2237249,11,18
10440,1811815,11,18
10441,3412776,7,18
10442,4803505,9,18
10443,3367310,4,18
10444,3188476,8,18
10445,6293729,1,18
10446,5432400,6,18
10447,5884692,1,18
10448,5079397,1,18
10449,4076824,6,18
10450,749233,12,18
10451,2057971,11,18
10452,12872,3,18
10453,4277469,10,18
10454,2148461,12,18
10455,2478827,11,18
10456,5520925,4,18
10457,3347411,10,18
10458,401390,6,18
10459,641522,1,18
10460,5620635,1,18
10461,120895,8,18
10462,4074976,7,18
10463,1477745,10,18
10464,4193200,4,18
10465,1054311,10,18
10466,1586859,12,18
10467,3991800,5,18
10468,6081830,10,18
10469,6429799,10,18
10470,4351884,9,18
10471,2292303,7,18
10472,4183406,11,18
10473,2808377,9,18
10474,4023762,1,18
10475,1328692,9,18
10476,3319476,9,18
10477,465541,9,18
10478,1114578,9,18
10479,1872517,12,18
10480,2846147,12,18
10481,5670597,3,18
10482,4414289,8,18
10483,1548438,3,18
10484,5571951,10,18
10485,999565,11,18
10486,709060,10,18
10487,5990869,10,18
10488,6167846,10,18
10489,5084177,5,18
10490,842523,12,18
10491,442413,8,18
10492,3386838,9,18
10493,1928850,5,18
10494,4839595,7,18
10495,2680675,6,18
10496,1696406,12,18
10497,1305949,12,18
10498,69885,10,18
10499,4650862,9,18
10500,5553341,5,18
10501,2388471,6,18
10502,3349451,2,18
10503,6476499,9,18
10504,6394574,9,18
10505,6032045,9,18
10506,5663542,8,18
10507,4438543,4,18
10508,5202311,10,18
10509,5268829,1,18
10510,563447,3,18
10511,1492217,1,18
10512,342011,3,18
10513,3207930,3,18
10514,6434508,8,18
10515,986245,3,18
10516,2315229,12,18
10517,3766629,11,18
10518,2779350,6,18
10519,881824,10,18
10520,2961118,11,18
10521,5178863,8,18
10522,5224668,5,18
10523,4228535,10,18
10524,2154687,9,18
10525,2365089,11,18
10526,4192689,3,18
10527,864024,8,18
10528,3721756,3,18
10529,1560393,7,18
10530,456798,6,18
10531,1441176,10,18
10532,2145393,4,18
10533,487753,8,18
10534,1405276,12,18
10535,2982262,9,18
10536,1002429,1,18
10537,2903444,11,18
10538,3899121,10,18
10539,1062303,12,18
10540,5760416,2,18
10541,2801432,9,18
10542,4954550,4,18
10543,3574092,5,18
10544,3741057,1,18
10545,3949925,9,18
10546,2658470,3,18
10547,2434541,1,18
10548,3720110,9,18
10549,355929,12,18
10550,1269887,10,18
10551,5073558,10,18
10552,5660036,2,18
10553,1818304,1,18
10554,11947,8,18
10555,319307,11,18
10556,3524820,10,18
10557,4046960,9,18
10558,2608378,5,18
10559,3547791,8,18
10560,5158533,1,18
10561,4325514,11,18
10562,1612410,9,18
10563,2535103,2,18
10564,4391535,9,18
10565,6243813,4,18
10566,988019,11,18
10567,3616489,2,18
10568,3306386,8,18
10569,5021903,1,18
10570,2698630,9,18
10571,4638791,12,18
10572,4435947,8,18
10573,6040429,12,18
10574,2546056,2,18
10575,5786514,11,18
10576,3107499,5,18
10577,223511,8,18
10578,801637,12,18
10579,1427690,5,18
10580,3191799,9,18
10581,2057857,3,18
10582,1738208,4,18
10583,4769364,5,18
10584,1463753,12,18
10585,2299566,11,18
10586,4620411,9,18
10587,5771206,11,18
10588,4706795,6,18
10589,4742921,12,18
10590,2952816,10,18
10591,818798,1,18
10592,5980975,11,18
10593,6409192,2,18
10594,779006,10,18
10595,6063653,12,18
10596,6419018,11,18
10597,4419698,3,18
10598,3766745,12,18
10599,1553922,4,18
10600,2245654,10,18
10601,1160544,4,18
10602,2206774,4,18
10603,1783169,4,18
10604,5070680,8,18
10605,3888154,5,18
10606,5887730,10,18
10607,1169697,6,18
10608,2797797,9,18
10609,2481972,3,18
10610,2167218,11,18
10611,577938,6,18
10612,2791203,5,18
10613,3570530,10,18
10614,5693249,9,18
10615,932111,4,18
10616,3298181,10,18
10617,4600578,11,18
10618,2023292,1,18
10619,4676908,3,18
10620,3276609,8,18
10621,1088728,10,18
10622,5257079,10,18
10623,6032106,9,18
10624,2415791,9,18
10625,4938518,12,18
10626,4248273,4,18
10627,5851561,1,18
10628,4023211,10,18
10629,1520579,11,18
10630,4279139,1,18
10631,5419861,3,18
10632,2520051,9,18
10633,5675825,9,18
10634,1938054,8,18
10635,4029112,11,18
10636,5248442,1,18
10637,2175759,4,18
10638,5992276,10,18
10639,6141967,9,18
10640,5061084,12,18
10641,2718335,12,18
10642,149949,6,18
10643,5764435,11,18
10644,3071237,5,18
10645,4870049,11,18
10646,6347052,5,18
10647,3930838,12,18
10648,2728997,3,18
10649,566210,5,18
10650,4479350,12,18
10651,2080833,9,18
10652,4849056,10,18
10653,5620025,6,18
10654,4958469,10,18
10655,3140295,6,18
10656,6139191,1,18
10657,806932,7,18
10658,1025839,1,18
10659,2014263,5,18
10660,3258903,12,18
10661,5005869,3,18
10662,5093888,9,18
10663,70791,10,18
10664,4982554,3,18
10665,6089514,10,18
10666,5464845,11,18
10667,4332933,9,18
10668,3408244,10,18
10669,4445498,1,18
10670,2182912,9,18
10671,4544513,9,18
10672,439787,12,18
10673,3416114,4,18
10674,3979988,9,18
10675,4820880,7,18
10676,5800939,9,18
10677,5270707,11,18
10678,1443901,6,18
10679,855368,7,18
10680,3137178,1,18
10681,1886370,8,18
10682,2633965,10,18
10683,3301439,11,18
10684,2510668,8,18
10685,2639434,10,18
10686,457987,1,18
10687,1767835,2,18
10688,5145320,5,18
10689,4838460,12,18
10690,1911560,10,18
10691,2853764,8,18
10692,420555,9,18
10693,4623748,5,18
10694,4848798,10,18
10695,273351,11,18
10696,2935945,9,18
10697,2929591,12,18
10698,243327,9,18
10699,5144327,10,18
10700,2474754,9,18
10701,5860622,9,18
10702,380178,10,18
10703,887016,12,18
10704,1353588,4,18
10705,4380439,1,18
10706,1518907,9,18
10707,3183833,11,18
10708,1896272,9,18
10709,1379119,1,18
10710,2099794,10,18
10711,75212,5,18
10712,6436107,12,18
10713,1276713,11,18
10714,4321276,11,18
10715,4432918,8,18
10716,2753239,9,18
10717,637067,3,18
10718,6377872,1,18
10719,1611688,2,18
10720,1923823,12,18
10721,5171771,11,18
10722,1963019,10,18
10723,4140754,10,18
10724,3879927,10,18
10725,327221,4,18
10726,2314151,4,18
10727,5311363,4,18
10728,6059218,1,18
10729,750891,9,18
10730,267470,10,18
10731,1360947,9,18
10732,4025929,8,18
10733,4341332,12,18
10734,4564758,4,18
10735,6234002,1,18
10736,4209152,6,18
10737,385617,4,18
10738,461181,5,18
10739,1050344,9,18
10740,3841223,4,18
10741,2245903,11,18
10742,66291,12,18
10743,2106775,3,18
10744,3068688,10,18
10745,4902604,9,18
10746,173636,3,18
10747,6495643,9,18
10748,856142,5,18
10749,5110405,10,18
10750,3638097,7,18
10751,1535805,7,18
10752,5745385,9,18
10753,1781712,11,18
10754,1412895,4,18
10755,5748315,5,18
10756,3091854,6,18
10757,1911133,2,19
10758,2520693,11,19
10759,6173579,2,19
10760,3079970,11,19
10761,1083651,11,19
10762,2510668,10,19
10763,214642,9,19
10764,1783169,3,19
10765,6046495,11,19
10766,4741690,9,19
10767,4283914,6,19
10768,4319355,6,19
10769,5233125,9,19
10770,5685904,5,19
10771,728683,11,19
10772,911098,8,19
10773,5333794,8,19
10774,5689584,4,19
10775,120895,8,19
10776,1412895,4,19
10777,546733,8,19
10778,5141311,5,19
10779,3516359,5,19
10780,3685484,4,19
10781,1908332,12,19
10782,6236783,4,19
10783,881824,9,19
10784,4179514,12,19
10785,2999442,10,19
10786,261287,9,19
10787,3504983,9,19
10788,3358839,6,19
10789,401390,11,19
10790,3892986,8,19
10791,6318793,1,19
10792,842523,12,19
10793,6148115,9,19
10794,2219282,8,19
10795,5565454,10,19
10796,591328,9,19
10797,5910926,10,19
10798,615477,10,19
10799,3609162,11,19
10800,3652043,12,19
10801,3914978,9,19
10802,5743215,6,19
10803,1356361,5,19
10804,6052644,4,19
10805,5990869,12,19
10806,4577177,3,19
10807,6293977,10,19
10808,5996893,12,19
10809,4242838,8,19
10810,4759762,5,19
10811,5061084,12,19
10812,2823351,9,19
10813,481784,11,19
10814,917822,9,19
10815,5957978,10,19
10816,4638798,10,19
10817,1133607,2,19
10818,6233675,9,19
10819,2808377,11,19
10820,1738208,6,19
10821,5358538,3,19
10822,3616232,9,19
10823,1443901,12,19
10824,4319661,3,19
10825,6165827,7,19
10826,5302715,5,19
10827,2726922,5,19
10828,4221359,1,19
10829,321864,5,19
10830,5729785,5,19
10831,5657446,1,19
10832,435510,11,19
10833,4902604,9,19
10834,1169198,6,19
10835,2785750,10,19
10836,4680612,11,19
10837,460677,11,19
10838,5084177,5,19
10839,1578598,12,19
10840,3239012,4,19
10841,4756460,11,19
10842,647253,12,19
10843,5922965,9,19
10844,6140348,9,19
10845,1632015,11,19
10846,1217412,11,19
10847,6036135,10,19
10848,5136040,11,19
10849,4511502,5,19
10850,2914343,3,19
10851,439787,12,19
10852,3766745,1,19
10853,747814,12,19
10854,1269426,12,19
10855,518247,9,19
10856,3647053,11,19
10857,3388074,10,19
10858,269131,12,19
10859,62338,12,19
10860,3347411,11,19
10861,1002429,1,19
10862,5213417,3,19
10863,2474754,9,19
10864,4495752,4,19
10865,4005757,3,19
10866,3892112,8,19
10867,5919541,11,19
10868,3725158,10,19
10869,4742049,9,19
10870,763690,3,19
10871,2961189,4,19
10872,4126815,4,19
10873,1736470,3,19
10874,1272060,1,19
10875,5688637,11,19
10876,2578191,11,19
10877,2582939,9,19
10878,3153364,3,19
10879,6416226,5,19
10880,22430,9,19
10881,2903444,10,19
10882,97987,11,19
10883,2075896,6,19
10884,805209,12,19
10885,3207930,7,19
10886,5103547,8,19
10887,2772468,3,19
10888,4800441,1,19
10889,2121782,9,19
10890,4811806,10,19
10891,2619388,10,19
10892,3757651,9,19
10893,4750003,12,19
10894,528415,4,19
10895,5117961,11,19
10896,3514907,10,19
10897,4380439,11,19
10898,3674278,1,19
10899,565606,5,19
10900,4294205,9,19
10901,3668393,11,19
10902,1489505,12,19
10903,3439149,9,19
10904,2800695,12,19
10905,3710206,10,19
10906,227044,3,19
10907,4066044,10,19
10908,2929591,5,19
10909,1285982,3,19
10910,5675825,11,19
10911,4552528,11,19
10912,3041580,4,19
10913,3841223,3,19
10914,5304568,9,19
10915,5350989,1,19
10916,4181349,7,19
10917,4128753,8,19
10918,4191161,11,19
10919,3803659,4,19
10920,4060159,7,19
10921,4768773,6,19
10922,4870049,11,19
10923,4162257,2,19
10924,1383074,1,19
10925,5859330,5,19
10926,3406041,11,19
10927,428886,9,19
10928,149826,10,19
10929,1557360,7,19
10930,4898172,9,19
10931,3453373,1,19
10932,561619,12,19
10933,1492217,2,19
10934,2184816,6,19
10935,318275,8,19
10936,2721811,7,19
10937,4608537,9,19
10938,1246794,10,19
10939,3466934,10,19
10940,3840616,5,19
10941,1668151,5,19
10942,1405276,11,19
10943,3012532,9,19
10944,1198748,9,19
10945,905005,9,19
10946,689092,3,19
10947,2148461,10,19
10948,3266829,4,19
10949,1945286,6,19
10950,1676516,7,19
10951,284383,6,19
10952,300086,10,19
10953,4000125,1,19
10954,1907590,12,19
10955,6143606,10,19
10956,1317300,7,19
10957,2910089,12,19
10958,779006,9,19
10959,3344933,11,19
10960,3551213,8,19
10961,5378292,9,19
10962,1518907,12,19
10963,5318655,8,19
10964,2525217,9,19
10965,2355641,9,19
10966,2723719,5,19
10967,6462992,5,19
10968,1269887,10,19
10969,53810,8,19
10970,4591539,8,19
10971,2048296,1,19
10972,994564,1,19
10973,3772244,11,19
10974,6476499,10,19
10975,4773640,8,19
10976,4430287,11,19
10977,3902193,11,19
10978,4484556,12,19
10979,6473329,9,19
10980,683988,10,19
10981,3632712,12,19
10982,2080833,2,19
10983,2469046,9,19
10984,5740378,12,19
10985,5271430,9,19
10986,1132010,6,19
10987,4914416,1,19
10988,1492812,8,19
10989,4206148,12,19
10990,4433623,9,19
10991,4629280,12,19
10992,5864621,9,19
10993,6301218,10,19
10994,4249393,10,19
10995,1498384,9,19
10996,4186082,10,19
10997,2385899,6,19
10998,779092,10,19
10999,2839188,9,19
11000,3183833,9,19
11001,3157209,12,19
11002,3057988,7,19
11003,6095145,11,19
11004,4595078,11,19
11005,5313663,12,19
11006,5918165,8,19
11007,4046960,8,19
11008,5813169,11,19
11009,5450314,5,19
11010,846084,12,19
11011,6431772,6,19
11012,1570606,11,19
11013,4880487,10,19
11014,3889463,12,19
11015,1758986,6,19
11016,2337536,11,19
11017,4834638,10,19
11018,6335790,10,19
11019,270622,5,19
11020,862154,9,19
11021,5374507,4,19
11022,1219153,1,19
11023,4945064,5,19
11024,4240552,5,19
11025,4321276,12,19
11026,3242746,9,19
11027,1553922,11,19
11028,2602668,10,19
11029,276917,9,19
11030,1782530,5,19
11031,5645441,4,19
11032,340069,12,19
11033,601769,12,19
11034,888013,10,19
11035,2102413,7,19
11036,1986065,11,19
11037,3485712,10,19
11038,2336058,4,19
11039,2789651,6,19
11040,6032106,10,19
11041,3291591,8,19
11042,461291,11,19
11043,4729899,12,19
11044,3369220,5,19
11045,1843461,7,19
11046,628513,5,19
11047,5128646,10,19
11048,5480048,11,19
11049,4825782,5,19
11050,2537373,1,19
11051,2615046,4,19
11052,4253710,3,19
11053,6274818,9,19
11054,90861,1,19
11055,226783,12,19
11056,3457262,4,19
11057,2388471,9,19
11058,856142,2,19
11059,5121237,9,19
11060,5419861,10,19
11061,2607591,10,19
11062,96036,10,19
11063,476470,11,19
11064,4253187,9,19
11065,5012107,4,19
11066,5224668,9,19
11067,4793432,10,19
11068,420555,11,19
11069,1700281,6,19
11070,1639659,6,19
11071,2292303,5,19
11072,1270083,11,19
11073,3381547,9,19
11074,4769364,4,19
11075,3457443,5,19
11076,2132504,11,19
11077,3890388,6,19
11078,4489912,9,19
11079,1255899,12,19
11080,3140295,10,19
11081,3622526,10,19
11082,5116337,11,19
11083,5704429,8,19
11084,5043958,12,19
11085,3404639,5,19
11086,1008573,1,19
11087,5604503,7,19
11088,2317126,11,19
11089,3527514,9,19
11090,4266518,11,19
11091,4373251,12,19
11092,1733752,6,19
11093,5804243,10,19
11094,1994055,3,19
11095,2266969,10,19
11096,201823,9,19
11097,4566378,3,19
11098,524023,10,19
11099,2791203,8,19
11100,864024,8,19
11101,4242259,8,19
11102,5158533,4,19
11103,2106775,11,19
11104,3519251,12,19
11105,4588724,11,19
11106,545309,12,19
11107,152911,1,19
11108,3752851,3,19
11109,1560393,1,19
11110,5418915,10,19
11111,5251619,12,19
11112,2263732,9,19
11113,3211472,12,19
11114,3423875,10,19
11115,5231118,12,19
11116,2829062,9,19
11117,250984,3,19
11118,4152286,10,19
11119,2327733,6,19
11120,3874991,10,19
11121,4706795,3,19
11122,4550237,11,19
11123,4580752,12,19
11124,1150312,8,19
11125,2269053,10,19
11126,1999392,6,19
11127,2952816,12,19
11128,122416,3,19
11129,3734181,12,19
11130,3632617,7,19
11131,3500325,5,19
11132,4436567,1,19
11133,2733043,1,19
11134,2914933,1,19
11135,943197,11,19
11136,1974135,6,19
11137,461181,12,19
11138,6468161,12,19
11139,694908,1,19
11140,2982262,11,19
11141,1750704,11,19
11142,1709974,10,19
11143,4158394,9,19
11144,6218555,6,19
11145,2823845,7,19
11146,273351,10,19
11147,6124522,10,19
11148,2846147,12,19
11149,3647318,5,19
11150,4512033,8,19
11151,755414,6,19
11152,4638791,1,19
11153,1367335,4,19
11154,1469266,3,19
11155,5242669,8,19
11156,3557777,1,19
11157,6244951,4,19
11158,5729297,9,19
11159,1360947,8,19
11160,5432400,10,19
11161,3638097,12,19
11162,2166831,12,19
11163,6444191,1,19
11164,6320374,9,19
11165,4649292,6,19
11166,2236870,9,19
11167,361137,10,19
11168,1167963,6,19
11169,135635,12,19
11170,2801432,12,19
11171,2840610,10,19
11172,5555762,11,19
11173,5602941,6,19
11174,4712842,11,19
11175,5663542,9,19
11176,369293,10,19
11177,5177635,9,19
11178,31246,6,19
11179,2547609,1,19
11180,2366843,9,19
11181,67801,9,19
11182,3300574,6,19
11183,955831,12,19
11184,5903151,3,19
11185,864858,12,19
11186,758615,10,19
11187,3314672,9,19
11188,5248442,12,19
11189,3947294,5,19
11190,251665,6,19
11191,5299460,1,19
11192,4123087,10,19
11193,5699214,8,19
11194,379340,4,19
11195,3133864,6,19
11196,1933059,9,19
11197,3923276,10,19
11198,4350241,11,19
11199,373755,3,19
11200,7366,6,19
11201,319307,10,19
11202,6419018,5,19
11203,6214309,4,19
11204,3656317,9,19
11205,5568223,10,19
11206,2914575,8,19
11207,6252061,12,19
11208,2633965,10,19
11209,4278874,11,19
11210,2407049,10,19
11211,2430360,2,19
11212,5630173,12,19
11213,5070680,5,19
11214,5543517,11,19
11215,1471249,10,19
11216,6088522,10,19
11217,986245,12,19
11218,4410798,4,19
11219,5152889,5,19
11220,1936645,2,19
11221,243327,11,19
11222,1582805,3,19
11223,3115492,10,19
11224,2545524,1,19
11225,6291326,9,19
11226,3852820,11,19
11227,2718335,2,19
11228,3328385,6,19
11229,1160544,1,19
11230,4982554,2,19
11231,4091655,5,19
11232,4574955,7,19
11233,3737297,5,19
11234,250733,3,19
11235,5929866,8,19
11236,1048618,11,19
11237,3869947,11,19
11238,4461899,6,19
11239,4872811,1,19
11240,5019213,7,19
11241,207279,11,19
11242,4547514,6,19
11243,2365089,9,19
11244,5381676,4,19
11245,5236858,10,19
11246,69885,9,19
11247,6111761,10,19
11248,4863120,6,19
11249,1191990,10,19
11250,2642336,1,19
11251,1625791,5,19
11252,2961118,9,19
11253,3883037,1,19
11254,5117688,1,19
11255,5844033,9,19
11256,4495773,10,19
11257,949475,10,19
11258,5812519,1,19
11259,3905760,9,19
11260,1670891,5,19
11261,1625319,6,19
11262,2774218,8,19
11263,457987,1,19
11264,5992356,12,19
11265,5300729,12,19
11266,744576,12,19
11267,3308822,12,19
11268,2568682,11,19
11269,6311140,7,19
11270,5671861,6,19
11271,2999611,10,19
11272,822090,5,19
11273,1456373,11,19
11274,3346433,5,19
11275,2770386,8,19
11276,5227250,8,19
11277,2525403,10,19
11278,726075,9,19
11279,4155591,8,19
11280,488776,3,19
11281,3337421,9,19
11282,5266868,10,19
11283,4296773,3,19
11284,4768478,1,19
11285,2558765,11,19
11286,5647320,10,19
11287,3999976,12,19
11288,6347052,5,19
11289,4135807,10,19
11290,4005896,10,19
11291,5324978,9,19
11292,4010321,12,19
11293,4035891,10,19
11294,2314151,3,19
11295,3403677,5,19
11296,2612557,9,19
11297,2930815,5,19
11298,6032045,8,19
11299,3308605,9,19
11300,4341299,4,19
11301,767384,12,19
11302,3091735,12,19
11303,4398403,12,19
11304,3390004,1,19
11305,5355476,11,19
11306,5057857,10,19
11307,5958707,3,19
11308,726283,12,19
11309,1963019,9,19
11310,948408,6,19
11311,1813236,2,19
11312,3388742,9,19
11313,5731361,8,19
11314,2796050,12,19
11315,3616032,10,19
11316,2077665,2,19
11317,5285502,5,19
11318,861461,11,19
11319,4370736,9,19
11320,4256230,12,19
11321,1305949,11,19
11322,1209619,10,19
11323,3913573,11,19
11324,4613440,9,19
11325,1276713,4,19
11326,1605648,12,19
11327,616317,11,19
11328,994158,9,19
11329,6155217,5,19
11330,3441143,2,19
11331,1270187,8,19
11332,3543957,10,19
11333,637067,3,19
11334,6018776,9,19
11335,3058798,11,19
11336,4486176,9,19
11337,6497565,5,19
11338,6411555,8,19
11339,2991105,11,19
11340,5620025,11,19
11341,3573928,12,19
11342,2340935,4,19
11343,4136058,4,19
11344,5169851,11,19
11345,1007557,9,19
11346,2058754,7,19
11347,6195154,6,19
11348,793889,9,19
11349,641842,11,19
11350,3367310,4,19
11351,240378,4,19
11352,3698100,5,19
11353,1707847,12,19
11354,3170645,8,19
11355,71852,10,19
11356,3086041,1,19
11357,5282444,6,19
11358,3412776,11,19
11359,2971701,12,19
11360,63627,8,19
11361,3455235,12,19
11362,1007797,9,19
11363,4023762,1,19
11364,2375423,9,19
11365,2531570,1,19
11366,487753,12,19
11367,5011227,9,19
11368,6219105,5,19
11369,4332119,7,19
11370,4998457,5,19
11371,6149865,10,19
11372,2019954,9,19
11373,1280583,4,19
11374,3683554,3,19
11375,5719238,11,19
11376,6192304,11,19
11377,5670597,5,19
11378,1894044,8,19
11379,2063941,4,19
11380,6003919,5,19
11381,442413,3,19
11382,355929,11,19
11383,6326937,2,19
11384,4080918,4,19
11385,1002526,12,19
11386,267470,9,19
11387,4127779,9,19
11388,4768478,1,20
11389,6296210,10,20
11390,648293,10,20
11391,3494787,9,20
11392,3041580,10,20
11393,439787,9,20
11394,2468867,5,20
11395,5233125,10,20
11396,6381229,10,20
11397,3308822,11,20
11398,2444218,4,20
11399,152911,1,20
11400,3863985,12,20
11401,5992276,10,20
11402,4740320,10,20
11403,5663542,9,20
11404,5299460,1,20
11405,5121473,1,20
11406,888013,2,20
11407,5012107,9,20
11408,3479505,12,20
11409,3588298,3,20
11410,3721756,6,20
11411,6244951,1,20
11412,5555762,1,20
11413,2057971,7,20
11414,2189795,3,20
11415,321864,12,20
11416,364733,5,20
11417,5750131,11,20
11418,1204273,12,20
11419,2514905,12,20
11420,5958707,10,20
11421,2425020,10,20
11422,3176771,5,20
11423,5313174,6,20
11424,1788410,11,20
11425,1305949,6,20
11426,4716016,10,20
11427,749233,11,20
11428,4958469,5,20
11429,2881730,8,20
11430,4397362,9,20
11431,855368,12,20
11432,6006958,5,20
11433,1896272,8,20
11434,4706795,3,20
11435,3111026,8,20
11436,5628353,6,20
11437,5794156,8,20
11438,4688077,8,20
11439,1835110,12,20
11440,1535805,10,20
11441,2887540,5,20
11442,6195611,5,20
11443,793889,9,20
11444,5679909,9,20
11445,2263732,9,20
11446,6165827,4,20
11447,6075416,5,20
11448,5079397,1,20
11449,970403,4,20
11450,683988,10,20
11451,5565454,9,20
11452,6497565,4,20
11453,5815215,6,20
11454,3200371,10,20
11455,3386838,6,20
11456,6284810,12,20
11457,2260617,3,20
11458,5791180,10,20
11459,5084177,5,20
11460,3889415,1,20
11461,2057857,3,20
11462,2883981,8,20
11463,5285502,9,20
11464,5887730,4,20
11465,22430,9,20
11466,1877759,11,20
11467,4712836,9,20
11468,3381547,10,20
11469,1074560,12,20
11470,2639434,10,20
11471,5061084,9,20
11472,518247,9,20
11473,6173579,10,20
11474,5884692,1,20
11475,5947353,12,20
11476,5374507,4,20
11477,1963019,9,20
11478,2474754,3,20
11479,6079324,1,20
11480,2510668,6,20
11481,6266325,12,20
11482,570421,12,20
11483,2517554,6,20
11484,6265486,10,20
11485,461181,9,20
11486,365836,11,20
11487,1843461,9,20
11488,3067775,3,20
11489,2159224,9,20
11490,4379256,4,20
11491,1909348,7,20
11492,5745385,12,20
11493,5438361,1,20
11494,5769152,10,20
11495,4977833,5,20
11496,2182912,12,20
11497,1125899,12,20
11498,2568682,5,20
11499,3042656,12,20
11500,842523,12,20
11501,3960699,3,20
11502,178685,12,20
11503,6311140,7,20
11504,4398403,3,20
11505,4978183,12,20
11506,4795482,5,20
11507,4676908,4,20
11508,4800441,1,20
11509,6394574,5,20
11510,4910714,10,20
11511,320864,7,20
11512,1928850,9,20
11513,5378292,7,20
11514,3022157,12,20
11515,4308495,9,20
11516,1404299,9,20
11517,4747268,9,20
11518,240378,2,20
11519,4982554,12,20
11520,5901170,6,20
11521,565234,9,20
11522,1114477,12,20
11523,1625319,10,20
11524,3012532,9,20
11525,3514907,12,20
11526,4604988,10,20
11527,1450247,9,20
11528,3857353,9,20
11529,932111,5,20
11530,435510,10,20
11531,5128646,10,20
11532,862071,1,20
11533,504294,11,20
11534,4035891,9,20
11535,3260218,3,20
11536,2507895,10,20
11537,5903151,10,20
11538,1507526,9,20
11539,2801432,12,20
11540,5418915,9,20
11541,2846147,10,20
11542,2495289,12,20
11543,2520693,12,20
11544,2990746,8,20
11545,1492217,1,20
11546,4279338,1,20
11547,565606,6,20
11548,4849056,10,20
11549,465449,10,20
11550,728683,12,20
11551,3071237,3,20
11552,3710206,3,20
11553,1472087,10,20
11554,958701,7,20
11555,2314151,4,20
11556,16953,5,20
11557,4600578,8,20
11558,3809721,10,20
11559,2777068,7,20
11560,2578191,11,20
11561,207279,11,20
11562,5199680,11,20
11563,3188476,12,20
11564,3847479,9,20
11565,3544498,1,20
11566,4370584,4,20
11567,721980,12,20
11568,2264762,5,20
11569,3887839,12,20
11570,3328385,3,20
11571,3162293,8,20
11572,6038241,4,20
11573,754147,10,20
11574,3441143,12,20
11575,6405765,4,20
11576,2610133,1,20
11577,2903444,5,20
11578,369293,10,20
11579,838834,2,20
11580,696299,1,20
11581,114813,4,20
11582,3616489,11,20
11583,1163804,10,20
11584,1469285,9,20
11585,6440036,10,20
11586,2808377,12,20
11587,5300729,6,20
11588,747814,12,20
11589,1716912,4,20
11590,6274818,10,20
11591,2236870,11,20
11592,3609162,10,20
11593,3878224,6,20
11594,3221470,10,20
11595,481784,12,20
11596,5481551,12,20
11597,4967145,4,20
11598,4179514,12,20
11599,1918711,10,20
11600,3930838,12,20
11601,5272161,10,20
11602,3669565,9,20
11603,2457094,10,20
11604,2073937,7,20
11605,2080833,9,20
11606,2857640,9,20
11607,2077125,2,20
11608,1166643,11,20
11609,223511,9,20
11610,147183,1,20
11611,4104629,8,20
11612,409258,11,20
11613,5812519,3,20
11614,4902604,10,20
11615,1255899,9,20
11616,2077665,7,20
11617,6139191,1,20
11618,4489912,12,20
11619,591328,11,20
11620,5361527,9,20
11621,5520925,9,20
11622,4329440,11,20
11623,218612,10,20
11624,4266518,8,20
11625,4227552,2,20
11626,3140295,10,20
11627,5635947,10,20
11628,2987851,9,20
11629,409403,2,20
11630,5432400,10,20
11631,3457262,5,20
11632,2225061,4,20
11633,2270016,4,20
11634,5620635,4,20
11635,1782530,12,20
11636,5823210,12,20
11637,6245238,2,20
11638,322218,3,20
11639,3769532,5,20
11640,2549635,9,20
11641,5564655,10,20
11642,5729785,10,20
11643,4769364,5,20
11644,491601,3,20
11645,2721811,11,20
11646,3306386,4,20
11647,5419861,5,20
11648,6186675,11,20
11649,86668,7,20
11650,2373712,8,20
11651,243327,4,20
11652,2340935,11,20
11653,806759,11,20
11654,5062855,6,20
11655,3914978,10,20
11656,3849448,10,20
11657,2985708,8,20
11658,6192304,10,20
11659,373755,4,20
11660,2837458,9,20
11661,5134676,12,20
11662,1160544,1,20
11663,5136040,8,20
11664,3078432,10,20
11665,3216525,11,20
11666,3647318,10,20
11667,5647320,11,20
11668,1330225,12,20
11669,2491263,6,20
11670,3880587,10,20
11671,1690106,12,20
11672,998703,1,20
11673,5289015,8,20
11674,1355182,7,20
11675,2779350,7,20
11676,587114,5,20
11677,615346,9,20
11678,1292434,5,20
11679,4595896,9,20
11680,4402526,8,20
11681,5671861,11,20
11682,2567361,5,20
11683,1928350,4,20
11684,2520515,11,20
11685,5520467,10,20
11686,5227250,10,20
11687,4025997,3,20
11688,4925209,8,20
11689,4341299,4,20
11690,3876788,3,20
11691,3227039,10,20
11692,6319880,3,20
11693,1050344,9,20
11694,5110405,12,20
11695,2698630,9,20
11696,3949925,7,20
11697,6040429,11,20
11698,1907590,12,20
11699,1999392,9,20
11700,5604503,1,20
11701,4442713,4,20
11702,3524399,11,20
11703,6044474,10,20
11704,786765,7,20
11705,654526,12,20
11706,2858127,4,20
11707,4405311,1,20
11708,1336204,9,20
11709,4938518,8,20
11710,2526424,3,20
11711,31246,6,20
11712,5699490,4,20
11713,4924190,10,20
11714,4116193,4,20
11715,1367335,1,20
11716,2772139,3,20
11717,2166831,9,20
11718,3622526,8,20
11719,6141967,10,20
11720,4049449,10,20
11721,4552528,4,20
11722,907290,9,20
11723,3544608,11,20
11724,6347052,5,20
11725,623608,9,20
11726,861924,9,20
11727,4321276,11,20
11728,689092,6,20
11729,3170715,10,20
11730,465541,9,20
11731,3766745,6,20
11732,4682150,6,20
11733,682114,10,20
11734,4710640,11,20
11735,6278108,11,20
11736,2774218,8,20
11737,1119039,8,20
11738,896326,11,20
11739,227323,12,20
11740,1219153,1,20
11741,4653978,9,20
11742,4341143,8,20
11743,3058798,8,20
11744,3369220,7,20
11745,618943,10,20
11746,601943,3,20
11747,1707847,10,20
11748,4414289,1,20
11749,318275,12,20
11750,1219434,3,20
11751,2521875,12,20
11752,4564758,4,20
11753,4325514,10,20
11754,4023762,2,20
11755,5469266,8,20
11756,691992,1,20
11757,2455418,7,20
11758,5493355,9,20
11759,4371583,8,20
11760,1498384,10,20
11761,1042901,11,20
11762,4419866,3,20
11763,1191990,9,20
11764,5919160,10,20
11765,5318655,8,20
11766,1361983,11,20
11767,2624061,5,20
11768,5854822,11,20
11769,4080918,4,20
11770,2726922,12,20
11771,715581,12,20
11772,4747135,1,20
11773,2800695,10,20
11774,4438543,4,20
11775,3836231,6,20
11776,3052981,3,20
11777,624062,10,20
11778,2023164,6,20
11779,3994019,5,20
11780,3264921,1,20
11781,5813169,9,20
11782,1736470,1,20
11783,4698568,6,20
11784,645580,1,20
11785,2366892,12,20
11786,3405541,10,20
11787,3249107,4,20
11788,6462992,5,20
11789,5723060,2,20
11790,1269887,9,20
11791,5693249,9,20
11792,1443901,9,20
11793,5285045,8,20
11794,5800939,12,20
11795,2561405,10,20
11796,3420729,1,20
11797,5273523,1,20
11798,3115492,12,20
11799,3477731,8,20
11800,4408609,5,20
11801,1140465,9,20
11802,1572709,7,20
11803,2075459,12,20
11804,4422413,6,20
11805,2952816,12,20
11806,2823845,10,20
11807,3725158,8,20
11808,2298803,11,20
11809,4906790,11,20
11810,4544513,11,20
11811,3957000,2,20
11812,4192689,9,20
11813,2169998,4,20
11814,949475,8,20
11815,949506,3,20
11816,545309,6,20
11817,2929591,10,20
11818,284576,12,20
11819,890618,5,20
11820,4135807,11,20
11821,1383074,4,20
11822,2971701,12,20
11823,5355476,5,20
11824,3032076,7,20
11825,6307843,12,20
11826,3564499,6,20
11827,5990869,6,20
11828,1826366,9,20
11829,65701,1,20
11830,5517394,12,20
11831,4069092,11,20
11832,495439,6,20
11833,69885,9,20
11834,6010262,9,20
11835,1911133,7,20
11836,4511502,5,20
11837,4913678,9,20
11838,3315749,10,20
11839,6226853,5,20
11840,3410495,9,20
11841,856142,9,20
11842,1032639,1,20
11843,6357606,4,20
11844,1278388,11,20
11845,3902393,8,20
11846,420555,11,20
11847,19889,10,20
11848,3455235,9,20
11849,4629280,8,20
11850,1352953,9,20
11851,6111761,5,20
11852,300489,8,20
11853,4350241,11,20
11854,6089514,8,20
11855,5605789,11,20
11856,5298849,6,20
11857,6419018,9,20
11858,4955752,4,20
11859,825222,4,20
11860,5736629,6,20
11861,5416928,5,20
11862,1518278,10,20
11863,45025,10,20
11864,715056,11,20
11865,994158,9,20
11866,3883037,1,20
11867,3960740,1,20
11868,2935945,9,20
11869,3712065,8,20
11870,3021471,6,20
11871,3720110,10,20
11872,578015,10,20
11873,656054,10,20
11874,5660036,5,20
11875,3888154,5,20
11876,3912753,9,20
11877,1099697,12,20
11878,273351,10,20
11879,6345600,5,20
11880,2798056,9,20
11881,4774930,7,20
11882,5117961,4,20
11883,2063941,10,20
11884,5859109,11,20
11885,4029112,5,20
11886,489476,11,20
11887,5073558,12,20
11888,6406438,9,20
11889,5051814,5,20
11890,3631885,11,20
11891,3685759,10,20
11892,723019,7,20
11893,4022830,12,20
11894,4240552,9,20
11895,1840497,2,20
11896,2785750,11,20
11897,278889,8,20
11898,5133434,12,20
11899,5656384,9,20
11900,2245654,11,20
11901,1551950,8,20
11902,5947090,9,20
11903,3208825,8,20
11904,779006,11,20
11905,6164510,4,20
11906,3447003,12,20
11907,5180533,2,20
11908,428886,12,20
11909,4904188,3,20
11910,2723719,8,20
11911,704502,1,20
11912,4762886,12,20
11913,467625,3,20
11914,5900711,6,20
11915,267470,10,20
11916,995546,5,20
11917,5852494,12,20
11918,2278479,12,20
11919,2917593,3,20
11920,6334938,1,20
11921,3987754,10,20
11922,90861,1,20
11923,5078038,4,20
11924,191444,8,20
11925,5818944,2,20
11926,3489743,10,20
11927,1116728,10,20
11928,4023211,10,20
11929,3280598,12,20
11930,6384003,7,20
11931,2570024,1,20
11932,1216821,3,20
11933,2299566,10,20
11934,3647072,8,20
11935,2132674,1,20
11936,1357167,10,20
11937,4500783,6,20
11938,5257079,12,20
11939,2168548,9,20
11940,3325179,12,20
11941,6095670,10,20
11942,4495773,12,20
11943,2088391,5,20
11944,205616,6,20
11945,641522,1,20
11946,1582805,4,20
11947,1548438,4,20
11948,2385899,2,20
11949,2013154,10,20
11950,4972577,11,20
11951,3157209,10,20
11952,4461899,3,20
11953,5890238,3,20
11954,4329739,12,20
11955,3265642,4,20
11956,1668151,9,20
11957,2079266,8,20
11958,1328692,10,20
11959,457987,1,20
11960,1456382,10,20
11961,5918165,4,20
11962,3857194,9,20
11963,2473447,12,20
11964,3183833,8,20
11965,4998457,12,20
11966,390110,12,20
11967,3151070,5,20
11968,4475738,9,20
11969,1738208,10,20
11970,355929,11,20
11971,1947283,10,20
11972,615477,9,20
11973,5324978,11,20
11974,5657446,3,20
11975,5611132,9,20
11976,3616932,12,20
11977,2909417,3,20
11978,3852820,12,20
11979,2223394,6,20
11980,2066791,9,20
11981,1019515,6,20
11982,3905760,11,20
11983,755414,6,20
11984,4891823,11,20
11985,4370736,8,20
11986,96036,8,20
11987,1372354,10,20
11988,2206774,4,21
11989,4398403,5,21
11990,2746361,1,21
11991,3772244,6,21
11992,6237840,1,21
11993,3785417,11,21
11994,5011227,9,21
11995,227044,4,21
11996,1132010,5,21
11997,2171709,12,21
11998,2996334,6,21
11999,6307843,6,21
12000,801637,9,21
12001,5760416,6,21
12002,4065354,6,21
12003,6057906,12,21
12004,4966537,8,21
12005,1164972,1,21
12006,6444191,4,21
12007,3325179,12,21
12008,641842,7,21
12009,3188476,10,21
12010,4419568,10,21
12011,2999611,10,21
12012,3498572,10,21
12013,2317126,5,21
12014,4817994,6,21
12015,4682119,11,21
12016,3242746,5,21
12017,3849448,11,21
12018,6142168,3,21
12019,4078620,12,21
12020,227323,10,21
12021,3710206,3,21
12022,3291591,11,21
12023,2298549,3,21
12024,6219105,10,21
12025,1520066,7,21
12026,149949,6,21
12027,5665690,8,21
12028,2877249,12,21
12029,2525217,9,21
12030,1498384,11,21
12031,4933263,4,21
12032,6052644,5,21
12033,1119039,11,21
12034,4338389,4,21
12035,1469266,4,21
12036,6109600,4,21
12037,618943,11,21
12038,763690,5,21
12039,1581813,6,21
12040,4091305,3,21
12041,5520925,9,21
12042,5671861,3,21
12043,6068514,10,21
12044,5573928,8,21
12045,5854822,9,21
12046,3133864,9,21
12047,5122627,9,21
12048,2145393,6,21
12049,6293977,9,21
12050,3866047,10,21
12051,1353588,3,21
12052,5517818,9,21
12053,528415,9,21
12054,4228535,3,21
12055,3584280,12,21
12056,838834,1,21
12057,3155541,3,21
12058,4803505,9,21
12059,4380439,2,21
12060,4577177,3,21
12061,5933997,9,21
12062,24090,11,21
12063,5620025,12,21
12064,3538066,6,21
12065,2360662,6,21
12066,4422413,12,21
12067,4155591,10,21
12068,2535103,6,21
12069,5887730,5,21
12070,2507117,12,21
12071,2801432,12,21
12072,2690306,12,21
12073,6204758,10,21
12074,218612,10,21
12075,2971701,9,21
12076,3435750,4,21
12077,754147,10,21
12078,2570344,5,21
12079,3711314,6,21
12080,2952816,10,21
12081,3905760,10,21
12082,3170715,3,21
12083,191444,11,21
12084,4351884,10,21
12085,4600578,10,21
12086,4244448,11,21
12087,2450075,11,21
12088,4998457,9,21
12089,4971335,7,21
12090,4123087,12,21
12091,6079324,1,21
12092,3424220,9,21
12093,2062416,6,21
12094,5301088,8,21
12095,6133531,6,21
12096,4400775,10,21
12097,2203625,10,21
12098,3466934,10,21
12099,5126285,12,21
12100,2095212,9,21
12101,6032106,10,21
12102,4178173,6,21
12103,3016643,8,21
12104,4414025,5,21
12105,843427,11,21
12106,2610133,2,21
12107,2846147,5,21
12108,5846304,11,21
12109,1270083,11,21
12110,4967145,3,21
12111,5061084,9,21
12112,5860622,11,21
12113,949506,5,21
12114,4795482,12,21
12115,5299460,1,21
12116,4839836,9,21
12117,1896272,4,21
12118,3863985,8,21
12119,5110405,3,21
12120,467625,3,21
12121,4774930,6,21
12122,223511,11,21
12123,4495752,8,21
12124,5434223,6,21
12125,461291,10,21
12126,2264762,12,21
12127,886242,9,21
12128,2075459,9,21
12129,3111026,10,21
12130,5135337,11,21
12131,2987851,8,21
12132,4938518,12,21
12133,6345600,12,21
12134,5289015,7,21
12135,2463038,12,21
12136,6414264,1,21
12137,5740302,5,21
12138,409212,9,21
12139,4629280,8,21
12140,6214309,12,21
12141,3761473,5,21
12142,4677592,5,21
12143,3671215,5,21
12144,5231308,4,21
12145,6139191,1,21
12146,5300729,6,21
12147,2848668,10,21
12148,1080550,12,21
12149,3664482,6,21
12150,298389,11,21
12151,3086041,2,21
12152,3632230,6,21
12153,3367310,3,21
12154,3996842,11,21
12155,2327733,1,21
12156,2223394,12,21
12157,3634221,9,21
12158,3803659,7,21
12159,2546056,2,21
12160,4370736,11,21
12161,758615,9,21
12162,205513,9,21
12163,3276609,12,21
12164,2013154,12,21
12165,2598486,6,21
12166,4005896,9,21
12167,2974455,9,21
12168,4436154,3,21
12169,396899,5,21
12170,409258,10,21
12171,2219282,10,21
12172,6140348,12,21
12173,6053580,10,21
12174,6274818,12,21
12175,1086492,9,21
12176,5591436,2,21
12177,2547609,11,21
12178,1458285,11,21
12179,1665863,10,21
12180,1456143,1,21
12181,5660036,6,21
12182,2633965,9,21
12183,2823845,11,21
12184,4955014,12,21
12185,1217412,12,21
12186,4475738,12,21
12187,524023,10,21
12188,2800695,7,21
12189,1315890,10,21
12190,2533760,10,21
12191,1994055,4,21
12192,4319355,1,21
12193,5699908,11,21
12194,2289018,3,21
12195,1918711,5,21
12196,998703,11,21
12197,4849056,11,21
12198,4053938,9,21
12199,6088522,9,21
12200,2626971,4,21
12201,6243813,5,21
12202,1548644,4,21
12203,1496310,11,21
12204,587339,9,21
12205,3930838,2,21
12206,71852,10,21
12207,1954053,9,21
12208,1702854,10,21
12209,1696406,10,21
12210,3999976,10,21
12211,5584904,4,21
12212,3314121,11,21
12213,4246461,8,21
12214,1656539,10,21
12215,5243680,4,21
12216,4096952,5,21
12217,747814,9,21
12218,5604503,1,21
12219,5663542,6,21
12220,5666877,12,21
12221,4728975,11,21
12222,1367335,3,21
12223,4240544,5,21
12224,5699214,9,21
12225,3153364,3,21
12226,3469095,7,21
12227,5567351,4,21
12228,5884692,1,21
12229,2106775,8,21
12230,178685,9,21
12231,321864,8,21
12232,1911645,12,21
12233,3564499,7,21
12234,4592036,9,21
12235,4163869,10,21
12236,4303882,1,21
12237,1883734,1,21
12238,1707519,10,21
12239,5700786,8,21
12240,1269887,12,21
12241,5903151,4,21
12242,5824379,12,21
12243,3623466,10,21
12244,3791104,9,21
12245,744576,7,21
12246,1572709,4,21
12247,2507895,12,21
12248,1618024,10,21
12249,1605648,12,21
12250,2513542,1,21
12251,1449900,3,21
12252,1181046,10,21
12253,3721756,4,21
12254,2044736,10,21
12255,1909348,12,21
12256,2314151,3,21
12257,1020352,1,21
12258,5689584,4,21
12259,3137178,1,21
12260,5719238,12,21
12261,579091,12,21
12262,135635,11,21
12263,4880487,11,21
12264,5475890,11,21
12265,481784,11,21
12266,2077665,11,21
12267,2568915,6,21
12268,6111761,5,21
12269,6264046,10,21
12270,767384,12,21
12271,1750655,12,21
12272,779092,10,21
12273,2122208,9,21
12274,4037574,1,21
12275,806759,11,21
12276,2517554,6,21
12277,5794156,1,21
12278,5050748,9,21
12279,656095,6,21
12280,1054311,9,21
12281,5117688,1,21
12282,2337536,12,21
12283,3570530,12,21
12284,5432400,10,21
12285,1450247,11,21
12286,3991800,3,21
12287,2596330,12,21
12288,4599139,7,21
12289,1532405,6,21
12290,6432190,2,21
12291,715804,9,21
12292,3752851,11,21
12293,5070680,6,21
12294,4902409,10,21
12295,2840610,9,21
12296,3423875,1,21
12297,2373712,7,21
12298,6347052,11,21
12299,247995,3,21
12300,1894044,12,21
12301,5121473,7,21
12302,4926789,12,21
12303,591328,6,21
12304,5611132,9,21
12305,3006963,4,21
12306,5750131,12,21
12307,786765,10,21
12308,4329739,1,21
12309,6406438,10,21
12310,2116824,12,21
12311,31246,6,21
12312,173636,1,21
12313,2712731,11,21
12314,3052981,4,21
12315,3720110,9,21
12316,3402470,3,21
12317,5313174,7,21
12318,5211818,7,21
12319,2823351,9,21
12320,2808377,9,21
12321,5007829,3,21
12322,645580,1,21
12323,4397362,6,21
12324,5793579,7,21
12325,1007557,10,21
12326,1441176,10,21
12327,2797797,6,21
12328,578015,10,21
12329,5480048,11,21
12330,4999808,12,21
12331,465541,8,21
12332,3857194,8,21
12333,1979904,1,21
12334,3134456,12,21
12335,5635947,2,21
12336,1278388,5,21
12337,1443076,12,21
12338,2066791,12,21
12339,2183844,12,21
12340,5285502,9,21
12341,71580,3,21
12342,5693249,10,21
12343,5856567,8,21
12344,1434722,12,21
12345,2832693,9,21
12346,3041580,6,21
12347,320864,11,21
12348,122416,7,21
12349,4766899,3,21
12350,5654262,9,21
12351,4720515,12,21
12352,2559374,11,21
12353,3623681,4,21
12354,3753879,11,21
12355,6320374,1,21
12356,4435947,5,21
12357,1160544,1,21
12358,2260617,4,21
12359,180504,9,21
12360,1170681,3,21
12361,2201478,12,21
12362,276917,9,21
12363,46167,10,21
12364,3239012,1,21
12365,3385501,11,21
12366,3079970,3,21
12367,4442713,7,21
12368,2482340,6,21
12369,856142,10,21
12370,676450,12,21
12371,4338155,12,21
12372,2520693,12,21
12373,3373646,12,21
12374,4741690,9,21
12375,2695516,12,21
12376,2463543,12,21
12377,3544608,11,21
12378,3656317,10,21
12379,3388742,9,21
12380,1242243,12,21
12381,4544513,4,21
12382,3057454,1,21
12383,6283833,1,21
12384,4328101,7,21
12385,6044474,8,21
12386,3863882,4,21
12387,5565454,12,21
12388,5117113,1,21
12389,995546,4,21
12390,3128366,6,21
12391,5012107,3,21
12392,3479505,4,21
12393,715581,8,21
12394,4345928,10,21
12395,3145650,11,21
12396,2479829,10,21
12397,1535805,12,21
12398,275398,10,21
12399,797408,10,21
12400,3622526,7,21
12401,6382915,12,21
12402,355929,11,21
12403,2570024,1,21
12404,4325514,11,21
12405,4209152,4,21
12406,4762886,11,21
12407,4277469,12,21
12408,3914978,6,21
12409,4437252,12,21
12410,190629,6,21
12411,4759762,2,21
12412,2789651,10,21
12413,1884873,5,21
12414,5864621,9,21
12415,4800399,4,21
12416,2414859,11,21
12417,2607591,12,21
12418,750891,11,21
12419,1166643,2,21
12420,5154723,11,21
12421,5037608,4,21
12422,2575423,3,21
12423,709060,8,21
12424,6326937,1,21
12425,3208825,1,21
12426,3518984,7,21
12427,3111830,9,21
12428,3832444,7,21
12429,4350241,11,21
12430,4608537,1,21
12431,2568682,5,21
12432,435510,10,21
12433,5859330,6,21
12434,3222097,9,21
12435,3211472,9,21
12436,3347411,12,21
12437,5318655,11,21
12438,2881730,11,21
12439,3314374,10,21
12440,2615046,3,21
12441,3660597,5,21
12442,6038241,2,21
12443,1802547,2,21
12444,2048296,1,21
12445,4404637,10,21
12446,1908332,7,21
12447,3183833,9,21
12448,4996164,12,21
12449,4163355,12,21
12450,2221039,10,21
12451,644636,5,21
12452,2390937,7,21
12453,648293,9,21
12454,4773246,9,21
12455,2468867,7,21
12456,587114,5,21
12457,2369340,1,21
12458,1412895,4,21
12459,1945286,7,21
12460,5564655,12,21
12461,4698568,6,21
12462,83824,8,21
12463,4370584,4,21
12464,3887839,4,21
12465,6143606,11,21
12466,3069943,3,21
12467,4377857,2,21
12468,147528,10,21
12469,1980430,7,21
12470,6116532,8,21
12471,3387686,9,21
12472,3349451,1,21
12473,3308605,5,21
12474,2099794,10,21
12475,5037383,1,21
12476,2458642,6,21
12477,3200371,10,21
12478,1270187,11,21
12479,723019,10,21
12480,6322847,2,21
12481,3152135,10,21
12482,487753,12,21
12483,3042450,7,21
12484,3405541,10,21
12485,3573928,5,21
12486,5919541,11,21
12487,2388471,8,21
12488,804492,12,21
12489,1743549,5,21
12490,4904188,4,21
12491,273351,10,21
12492,5032618,12,21
12493,3809721,8,21
12494,1788410,11,21
12495,33904,12,21
12496,6081830,8,21
12497,3478549,12,21
12498,3454553,5,21
12499,447693,10,21
12500,820380,9,21
12501,3741057,1,21
12502,2944542,8,21
12503,6076264,1,21
12504,5322054,9,21
12505,4516051,4,21
12506,3668393,10,21
12507,467697,3,21
12508,4315327,10,21
12509,4042491,9,21
12510,2431580,9,21
12511,4298469,10,21
12512,3562597,12,21
12513,2578191,9,21
12514,5729785,10,21
12515,4834638,11,21
12516,5158533,1,21
12517,3802744,8,21
12518,1404299,9,21
12519,2340935,9,21
12520,4945064,5,21
12521,3031764,10,21
12522,1352099,5,21
12523,5311363,6,21
12524,4438543,4,21
12525,715056,11,21
12526,6233675,12,21
12527,90861,12,21
12528,3264921,6,21
12529,935843,10,21
12530,5152889,8,21
12531,3395004,12,21
12532,3216525,11,21
12533,1844757,11,21
12534,3857353,10,21
12535,4954550,4,21
12536,149826,10,21
12537,3616932,8,21
12538,6450877,12,21
12539,3412776,3,21
12540,14392,3,21
12541,1818304,1,21
12542,862154,6,21
12543,1907590,6,21
12544,495439,10,21
12545,3213014,9,21
12546,976764,8,21
12547,5443557,12,21
12548,2525403,8,21
12549,4710640,12,21
12550,3068688,11,21
12551,2782931,5,21
12552,5343249,4,21
12553,5980975,4,21
12554,2658470,7,21
12555,1707847,10,21
12556,2073937,1,21
12557,5800939,12,21
12558,1379966,4,21
12559,4200998,5,21
12560,1845543,3,21
12561,267470,10,21
12562,2526424,12,21
12563,3466183,6,21
12564,3674278,3,21
12565,2407049,9,21
12566,2366843,7,21
12567,3979988,9,21
12568,360708,9,21
12569,444403,9,21
12570,1649967,5,21
12571,5992937,5,21
12572,6335790,10,21
12573,5868558,5,21
12574,2772468,5,21
12575,5804243,6,21
12576,1456382,5,21
12577,2506188,4,21
12578,3994019,10,21
12579,5145320,1,21
12580,2903444,8,21
12581,2245654,10,21
12582,3321676,12,21
12583,1713513,9,21
12584,2536562,10,21
12585,793889,12,21
12586,5788746,10,21
12587,958701,5,21
12588,6174497,10,22
12589,2785750,1,22
12590,628513,5,22
12591,637067,4,22
12592,1114477,11,22
12593,5019374,10,22
12594,5103547,12,22
12595,4445498,8,22
12596,1379966,5,22
12597,2265260,1,22
12598,4793432,10,22
12599,2460265,6,22
12600,2570024,1,22
12601,4404637,6,22
12602,5079397,1,22
12603,3155541,9,22
12604,1489505,10,22
12605,6307718,10,22
12606,4728975,9,22
12607,5475890,10,22
12608,2318574,12,22
12609,696308,9,22
12610,2559374,1,22
12611,5788021,10,22
12612,2298803,12,22
12613,1361983,4,22
12614,3291808,10,22
12615,164576,10,22
12616,1618024,11,22
12617,4629280,9,22
12618,4375127,6,22
12619,4955752,4,22
12620,1317300,9,22
12621,3531154,8,22
12622,247995,1,22
12623,2221039,9,22
12624,210942,9,22
12625,838834,1,22
12626,2095514,10,22
12627,1160544,5,22
12628,739886,6,22
12629,1469266,3,22
12630,3734137,1,22
12631,627251,10,22
12632,4924190,8,22
12633,3514907,9,22
12634,4338155,11,22
12635,3686002,9,22
12636,4058245,9,22
12637,6343621,8,22
12638,6195154,9,22
12639,401390,11,22
12640,487753,9,22
12641,6063653,10,22
12642,6264046,9,22
12643,4849056,9,22
12644,6111761,12,22
12645,2770386,1,22
12646,6326937,1,22
12647,5374507,7,22
12648,4954550,5,22
12649,806759,4,22
12650,2520693,12,22
12651,4380439,6,22
12652,3385501,11,22
12653,323596,11,22
12654,5061084,9,22
12655,3260218,9,22
12656,2800695,11,22
12657,2449587,11,22
12658,5980975,4,22
12659,2482340,6,22
12660,2243117,1,22
12661,5974410,9,22
12662,3207930,12,22
12663,5011227,11,22
12664,3621904,4,22
12665,2582939,10,22
12666,6003919,5,22
12667,2260617,2,22
12668,5793579,1,22
12669,6419018,12,22
12670,1632015,8,22
12671,1603615,8,22
12672,6109293,4,22
12673,3163587,9,22
12674,2464229,3,22
12675,3168823,12,22
12676,332451,4,22
12677,4967145,5,22
12678,1191990,10,22
12679,3623681,8,22
12680,1724302,4,22
12681,715581,10,22
12682,5482056,11,22
12683,5205475,11,22
12684,1918711,1,22
12685,2538996,1,22
12686,4677592,10,22
12687,793889,9,22
12688,1233505,3,22
12689,4548348,12,22
12690,5940589,9,22
12691,1892325,9,22
12692,3435750,2,22
12693,2523731,9,22
12694,4187087,4,22
12695,4422413,11,22
12696,1613900,9,22
12697,1032639,10,22
12698,1811206,7,22
12699,2840610,3,22
12700,4329184,6,22
12701,5438361,12,22
12702,1911560,12,22
12703,968860,7,22
12704,6140348,9,22
12705,1612410,3,22
12706,6073530,8,22
12707,2633965,6,22
12708,5609054,10,22
12709,5823210,11,22
12710,2215156,11,22
12711,4795482,12,22
12712,1548438,4,22
12713,489476,12,22
12714,2753239,6,22
12715,6133213,4,22
12716,2182146,5,22
12717,267470,12,22
12718,1853021,5,22
12719,3632712,6,22
12720,5890238,9,22
12721,2758468,6,22
12722,5992937,3,22
12723,568358,10,22
12724,3718243,11,22
12725,3761473,10,22
12726,6380977,2,22
12727,5635947,1,22
12728,2291667,10,22
12729,3410495,12,22
12730,3359270,7,22
12731,898943,5,22
12732,4925209,12,22
12733,3500325,3,22
12734,476470,12,22
12735,4861465,8,22
12736,3274135,7,22
12737,1151416,12,22
12738,5689584,4,22
12739,332173,3,22
12740,2999442,5,22
12741,4653978,5,22
12742,4608537,10,22
12743,2037116,9,22
12744,465541,10,22
12745,4684875,10,22
12746,3115492,9,22
12747,4620411,10,22
12748,1412112,6,22
12749,3819405,12,22
12750,4242838,5,22
12751,5219482,9,22
12752,4774930,12,22
12753,6081830,5,22
12754,86668,8,22
12755,861461,7,22
12756,1278388,11,22
12757,3134456,12,22
12758,83824,6,22
12759,5349413,7,22
12760,1020352,1,22
12761,4326237,11,22
12762,2478827,5,22
12763,747814,10,22
12764,2021269,9,22
12765,1699767,5,22
12766,3738359,5,22
12767,6283833,1,22
12768,5672165,1,22
12769,822090,9,22
12770,1397720,9,22
12771,192539,9,22
12772,4938704,5,22
12773,5110405,3,22
12774,53810,8,22
12775,2526615,12,22
12776,6445003,3,22
12777,2467604,5,22
12778,5214321,12,22
12779,4377857,9,22
12780,2504523,3,22
12781,6024083,8,22
12782,3386999,9,22
12783,2270016,4,22
12784,6462992,9,22
12785,2556918,6,22
12786,3151007,5,22
12787,3725158,9,22
12788,1983541,9,22
12789,4805576,12,22
12790,5167613,5,22
12791,1042901,6,22
12792,2327733,6,22
12793,5753368,11,22
12794,404614,10,22
12795,2808377,10,22
12796,1264585,3,22
12797,2930815,8,22
12798,6237488,11,22
12799,3216525,11,22
12800,3721141,11,22
12801,3899121,5,22
12802,2425020,6,22
12803,4729899,12,22
12804,3650185,12,22
12805,1340663,1,22
12806,4876304,1,22
12807,3388742,9,22
12808,3207481,5,22
12809,1788410,7,22
12810,4016707,9,22
12811,5381676,3,22
12812,1396298,9,22
12813,4056857,9,22
12814,178685,10,22
12815,6160342,12,22
12816,2183844,8,22
12817,4221359,1,22
12818,2175759,7,22
12819,2350437,3,22
12820,4432918,5,22
12821,3148259,5,22
12822,1492217,1,22
12823,5859109,3,22
12824,135635,10,22
12825,5135337,10,22
12826,2306937,10,22
12827,4178954,4,22
12828,721300,9,22
12829,6335790,9,22
12830,2520515,9,22
12831,5921939,5,22
12832,896326,8,22
12833,5448672,10,22
12834,5864621,11,22
12835,3741057,4,22
12836,1586859,3,22
12837,210007,4,22
12838,5078038,4,22
12839,3836231,9,22
12840,2080833,8,22
12841,6053580,9,22
12842,149949,6,22
12843,4186082,9,22
12844,160178,9,22
12845,2568682,5,22
12846,1492652,6,22
12847,4091655,10,22
12848,2366892,12,22
12849,5117113,1,22
12850,2733043,1,22
12851,4256808,11,22
12852,689092,12,22
12853,4811868,9,22
12854,409258,11,22
12855,2506188,3,22
12856,1080550,9,22
12857,549724,11,22
12858,5736629,1,22
12859,1948135,9,22
12860,5322054,7,22
12861,3188476,10,22
12862,1140465,10,22
12863,2994614,3,22
12864,6293977,9,22
12865,1532405,9,22
12866,215079,4,22
12867,243327,12,22
12868,6265486,12,22
12869,4432682,6,22
12870,640493,1,22
12871,3405541,11,22
12872,2432288,10,22
12873,6059218,8,22
12874,1305099,4,22
12875,5856567,12,22
12876,1242243,8,22
12877,1404299,9,22
12878,3945655,9,22
12879,4298469,11,22
12880,3311384,1,22
12881,1758986,10,22
12882,6182753,7,22
12883,5584904,4,22
12884,2909417,3,22
12885,90861,1,22
12886,1441176,10,22
12887,173636,6,22
12888,2504335,9,22
12889,786765,12,22
12890,3208825,4,22
12891,4405311,12,22
12892,5517394,10,22
12893,3520364,11,22
12894,2521875,6,22
12895,3457262,12,22
12896,4651260,9,22
12897,644636,1,22
12898,587339,10,22
12899,479669,11,22
12900,2837458,9,22
12901,2079266,8,22
12902,3660597,8,22
12903,70103,11,22
12904,6394574,10,22
12905,240771,5,22
12906,6076264,4,22
12907,1923823,11,22
12908,5804243,11,22
12909,2887540,5,22
12910,3859939,4,22
12911,4544513,11,22
12912,2340935,11,22
12913,4756460,4,22
12914,4037574,12,22
12915,2612557,9,22
12916,1896272,12,22
12917,4371583,9,22
12918,2106775,8,22
12919,4135807,11,22
12920,6375164,9,22
12921,3791104,9,22
12922,2668469,10,22
12923,4438543,3,22
12924,4942522,4,22
12925,2116824,4,22
12926,4595078,3,22
12927,2141567,7,22
12928,767384,1,22
12929,579091,11,22
12930,1624071,11,22
12931,1013497,3,22
12932,3915179,8,22
12933,5012107,11,22
12934,5007829,4,22
12935,275398,10,22
12936,3242746,9,22
12937,1562027,5,22
12938,3196145,7,22
12939,241033,1,22
12940,1177663,10,22
12941,998703,11,22
12942,6456765,5,22
12943,3805154,6,22
12944,4564758,12,22
12945,4958469,6,22
12946,3664482,12,22
12947,1707847,10,22
12948,5156960,2,22
12949,4902604,12,22
12950,5227250,8,22
12951,1743549,5,22
12952,949475,12,22
12953,1285982,5,22
12954,5145320,12,22
12955,122416,10,22
12956,970264,6,22
12957,6355376,12,22
12958,5694553,6,22
12959,907290,5,22
12960,2236156,8,22
12961,2985708,9,22
12962,3883037,1,22
12963,1443076,12,22
12964,6124549,8,22
12965,3200371,3,22
12966,935843,12,22
12967,5992339,12,22
12968,4360902,10,22
12969,4104629,8,22
12970,1486476,1,22
12971,2514905,10,22
12972,6266325,9,22
12973,1019515,5,22
12974,4720515,10,22
12975,1167963,9,22
12976,3772244,6,22
12977,6444191,5,22
12978,551119,7,22
12979,1269426,11,22
12980,754147,10,22
12981,4435947,10,22
12982,4303882,1,22
12983,4436154,4,22
12984,749233,12,22
12985,1614232,1,22
12986,755414,9,22
12987,911098,8,22
12988,989099,10,22
12989,5859330,8,22
12990,5348277,9,22
12991,1317578,10,22
12992,1695507,3,22
12993,5854822,10,22
12994,71852,9,22
12995,4433623,6,22
12996,1848740,12,22
12997,4163869,1,22
12998,1412895,3,22
12999,4762604,9,22
13000,2526424,1,22
13001,2619388,12,22
13002,2299566,10,22
13003,3386838,10,22
13004,3325179,10,22
13005,5557448,10,22
13006,6149865,9,22
13007,3111830,10,22
13008,1280583,9,22
13009,5117961,4,22
13010,4904188,1,22
13011,6346451,4,22
13012,4350985,10,22
13013,4712842,4,22
13014,2903444,12,22
13015,900847,10,22
13016,1611688,11,22
13017,3347411,8,22
13018,1822213,7,22
13019,5285502,11,22
13020,696299,1,22
13021,4721764,2,22
13022,4253710,3,22
13023,1950960,11,22
13024,4049449,6,22
13025,1782530,11,22
13026,3291231,11,22
13027,4345928,5,22
13028,2658470,2,22
13029,500859,10,22
13030,1050344,10,22
13031,1352099,4,22
13032,4338389,11,22
13033,1905773,4,22
13034,4713670,11,22
13035,298389,5,22
13036,4531449,9,22
13037,4234294,4,22
13038,3404639,10,22
13039,5919541,10,22
13040,1994055,12,22
13041,3668393,8,22
13042,683988,12,22
13043,4012484,9,22
13044,1498384,10,22
13045,3454553,9,22
13046,6139191,1,22
13047,879802,11,22
13048,1117104,10,22
13049,1707519,12,22
13050,3746090,12,22
13051,776469,6,22
13052,1002429,1,22
13053,2987851,6,22
13054,1911133,5,22
13055,2048296,1,22
13056,4566378,1,22
13057,5140999,10,22
13058,4402112,10,22
13059,881824,12,22
13060,5656384,8,22
13061,6044474,9,22
13062,900820,11,22
13063,6405765,4,22
13064,491601,4,22
13065,4483839,11,22
13066,3306386,3,22
13067,5769152,3,22
13068,219167,3,22
13069,6345600,11,22
13070,190629,1,22
13071,2073937,7,22
13072,905005,9,22
13073,4128753,8,22
13074,5199680,11,22
13075,3278097,6,22
13076,278889,6,22
13077,3381547,10,22
13078,5043958,11,22
13079,2310047,4,22
13080,3079970,1,22
13081,513299,6,22
13082,886242,9,22
13083,467063,9,22
13084,442413,6,22
13085,6038241,7,22
13086,2458642,8,22
13087,1867936,12,22
13088,5121473,10,22
13089,4016259,10,22
13090,1810856,6,22
13091,4318374,4,22
13092,6236783,4,22
13093,2999611,11,22
13094,2434541,3,22
13095,1936645,4,22
13096,3547791,9,22
13097,2952816,12,22
13098,6450877,12,22
13099,6243813,5,22
13100,1560393,12,22
13101,5216829,2,22
13102,3069943,9,22
13103,4938518,4,22
13104,548072,11,22
13105,3840616,3,22
13106,4096952,8,22
13107,1684245,9,22
13108,3449472,6,22
13109,1439327,11,22
13110,694908,1,22
13111,2961189,10,22
13112,4527954,4,22
13113,2414859,12,22
13114,2376994,10,22
13115,3757706,5,22
13116,5251619,9,22
13117,4414025,3,22
13118,2196027,5,22
13119,4249393,12,22
13120,2468867,12,22
13121,1472087,4,22
13122,6204758,11,22
13123,6234002,11,22
13124,3677247,10,22
13125,4442713,3,22
13126,1884873,5,22
13127,5271430,9,22
13128,3258903,8,22
13129,2431580,10,22
13130,5343135,7,22
13131,866802,12,22
13132,5614268,9,22
13133,2223970,11,22
13134,524023,9,22
13135,587114,6,22
13136,917822,8,22
13137,623608,5,22
13138,5282444,3,22
13139,5719238,8,22
13140,31246,6,22
13141,4500783,8,22
13142,3504983,11,22
13143,2801432,5,22
13144,4325514,11,22
13145,2467092,8,22
13146,1530791,1,22
13147,4902409,12,22
13148,5242669,11,22
13149,4996164,11,22
13150,4485740,6,22
13151,5527427,5,22
13152,6283998,9,22
13153,3308822,9,22
13154,3183833,10,22
13155,3748899,6,22
13156,1352584,12,22
13157,5571951,9,22
13158,4791266,11,22
13159,3373646,10,22
13160,1437266,1,22
13161,3137178,2,22
13162,2493923,9,22
13163,1733752,3,22
13164,6237840,7,22
13165,4367991,10,22
13166,2554663,10,22
13167,3395004,9,22
13168,4329739,10,22
13169,1248537,7,22
13170,3111026,10,22
13171,152911,1,22
13172,3609162,10,22
13173,5233125,11,22
13174,3291591,4,22
13175,6382915,6,22
13176,3208964,11,22
13177,3479505,4,22
13178,3960740,1,22
13179,994564,4,22
13180,6233675,12,22
13181,1498587,8,22
13182,1239096,12,23
13183,5057857,10,23
13184,2298423,9,23
13185,861461,10,23
13186,1167963,8,23
13187,2778518,11,23
13188,5760416,9,23
13189,3544608,6,23
13190,2360662,12,23
13191,4756460,4,23
13192,4747268,10,23
13193,1724302,3,23
13194,5699490,10,23
13195,12872,10,23
13196,3879927,11,23
13197,995030,4,23
13198,2930815,5,23
13199,2479829,10,23
13200,63832,3,23
13201,2615046,4,23
13202,4303882,5,23
13203,2882854,10,23
13204,1458145,4,23
13205,5969755,4,23
13206,47504,12,23
13207,2406521,9,23
13208,1328227,5,23
13209,4405311,1,23
13210,4128753,2,23
13211,1477745,5,23
13212,4564758,9,23
13213,5866639,6,23
13214,758615,11,23
13215,1892325,11,23
13216,1015199,9,23
13217,3857194,8,23
13218,3847300,12,23
13219,31246,12,23
13220,1476871,12,23
13221,2546056,2,23
13222,2148461,12,23
13223,4877232,10,23
13224,1918276,12,23
13225,4010321,12,23
13226,1028957,3,23
13227,2658470,5,23
13228,2782931,12,23
13229,6193664,2,23
13230,3805154,9,23
13231,428886,11,23
13232,6307456,1,23
13233,3721141,4,23
13234,2223394,6,23
13235,6139191,1,23
13236,1928350,4,23
13237,6006958,11,23
13238,1217412,9,23
13239,1060522,11,23
13240,4005896,8,23
13241,1246794,5,23
13242,4350985,12,23
13243,628380,7,23
13244,1360947,8,23
13245,869700,1,23
13246,3849448,9,23
13247,3420729,12,23
13248,866802,10,23
13249,282435,4,23
13250,5227250,10,23
13251,2299566,8,23
13252,6106014,11,23
13253,4595078,4,23
13254,1019515,9,23
13255,5301167,12,23
13256,4682119,12,23
13257,999565,10,23
13258,566210,5,23
13259,5169553,12,23
13260,1918711,10,23
13261,4669998,1,23
13262,4240552,9,23
13263,231659,12,23
13264,1649967,6,23
13265,4955014,12,23
13266,4290504,3,23
13267,3616232,2,23
13268,1598724,4,23
13269,2608378,4,23
13270,1412895,5,23
13271,1954053,10,23
13272,2609633,12,23
13273,2575423,9,23
13274,4800399,4,23
13275,5388733,11,23
13276,5300729,6,23
13277,6165827,1,23
13278,2367790,10,23
13279,3128366,4,23
13280,6237840,6,23
13281,4972577,7,23
13282,2779350,6,23
13283,628513,5,23
13284,6243813,4,23
13285,6236783,4,23
13286,2909417,12,23
13287,5180533,4,23
13288,4718627,8,23
13289,1050344,10,23
13290,2366843,6,23
13291,3457262,6,23
13292,4373030,3,23
13293,1893959,12,23
13294,2390937,7,23
13295,4249393,9,23
13296,4791266,6,23
13297,4178173,11,23
13298,4803505,8,23
13299,3149093,12,23
13300,2735309,4,23
13301,4016259,8,23
13302,4016707,10,23
13303,1025839,1,23
13304,976764,12,23
13305,3927515,7,23
13306,561619,3,23
13307,618943,5,23
13308,6264046,12,23
13309,3308605,11,23
13310,4268871,6,23
13311,1801851,10,23
13312,4338155,8,23
13313,1780462,8,23
13314,2531570,1,23
13315,1987705,12,23
13316,6416226,8,23
13317,4256230,12,23
13318,4608537,10,23
13319,5602941,1,23
13320,6198605,9,23
13321,6088522,9,23
13322,3200371,9,23
13323,689092,4,23
13324,409212,12,23
13325,4256808,9,23
13326,3941730,11,23
13327,2785750,9,23
13328,6322847,10,23
13329,5854822,12,23
13330,2676970,10,23
13331,1861508,6,23
13332,735366,3,23
13333,4029112,12,23
13334,1844757,11,23
13335,6237488,9,23
13336,1808600,12,23
13337,5846304,11,23
13338,626746,8,23
13339,3285455,4,23
13340,958701,12,23
13341,5181912,4,23
13342,6468161,11,23
13343,905005,8,23
13344,2154687,12,23
13345,4186082,9,23
13346,5173938,12,23
13347,2343504,11,23
13348,3466183,11,23
13349,4037574,1,23
13350,1463753,12,23
13351,6044474,10,23
13352,5242669,8,23
13353,5012107,8,23
13354,3774824,11,23
13355,2991105,6,23
13356,6224351,12,23
13357,4096952,12,23
13358,4572884,10,23
13359,645580,10,23
13360,3303146,1,23
13361,4435947,10,23
13362,2361002,9,23
13363,4649292,6,23
13364,1743549,6,23
13365,4544513,9,23
13366,6220548,1,23
13367,4834158,10,23
13368,5958707,10,23
13369,5425354,12,23
13370,5884692,6,23
13371,4982554,11,23
13372,4287754,10,23
13373,71852,12,23
13374,2073937,1,23
13375,4955752,3,23
13376,623608,10,23
13377,2668469,9,23
13378,273351,11,23
13379,5062855,9,23
13380,3328385,10,23
13381,6219105,9,23
13382,5011227,12,23
13383,149949,6,23
13384,4710640,12,23
13385,884365,11,23
13386,3451554,5,23
13387,6405765,6,23
13388,3766745,8,23
13389,2823845,7,23
13390,4445498,8,23
13391,5418915,6,23
13392,846084,9,23
13393,3311384,1,23
13394,3016643,12,23
13395,1498384,9,23
13396,3071237,10,23
13397,456508,11,23
13398,779092,10,23
13399,3581894,6,23
13400,3519251,12,23
13401,6014638,10,23
13402,4914416,7,23
13403,6432190,1,23
13404,890618,8,23
13405,3264921,6,23
13406,6186675,10,23
13407,4978183,9,23
13408,1707847,11,23
13409,4698568,5,23
13410,6063653,9,23
13411,3276609,7,23
13412,4653978,9,23
13413,4610102,1,23
13414,5170983,10,23
13415,3443884,6,23
13416,1733752,9,23
13417,1810856,3,23
13418,538667,9,23
13419,6073671,9,23
13420,4369611,9,23
13421,3492983,6,23
13422,4032439,4,23
13423,747814,10,23
13424,1618024,7,23
13425,574205,9,23
13426,2726547,7,23
13427,1571369,9,23
13428,2184816,8,23
13429,3720110,12,23
13430,2721811,12,23
13431,1496310,9,23
13432,4564948,4,23
13433,6411555,7,23
13434,1340663,1,23
13435,6124549,1,23
13436,3966323,10,23
13437,3208825,7,23
13438,3504983,9,23
13439,715804,9,23
13440,1178870,10,23
13441,3249107,3,23
13442,2871734,3,23
13443,6382915,6,23
13444,122416,5,23
13445,695620,9,23
13446,2789651,2,23
13447,2600201,9,23
13448,4329440,8,23
13449,4228535,6,23
13450,5868558,4,23
13451,2545524,7,23
13452,6355643,3,23
13453,3957000,1,23
13454,666101,12,23
13455,4016269,6,23
13456,5145320,1,23
13457,1292434,8,23
13458,3358839,1,23
13459,1532405,9,23
13460,2568915,12,23
13461,4820880,12,23
13462,5859994,11,23
13463,5199680,10,23
13464,5473739,12,23
13465,3447003,11,23
13466,5542285,10,23
13467,70021,10,23
13468,2355641,11,23
13469,2570024,1,23
13470,550281,12,23
13471,408087,9,23
13472,5859109,4,23
13473,3602691,5,23
13474,3395004,12,23
13475,4378600,9,23
13476,4242838,12,23
13477,4092455,11,23
13478,2999611,6,23
13479,893997,12,23
13480,355929,11,23
13481,218369,3,23
13482,349116,9,23
13483,700612,12,23
13484,4069092,11,23
13485,3449472,5,23
13486,5557448,11,23
13487,1586859,11,23
13488,3757706,10,23
13489,6345600,11,23
13490,6476499,6,23
13491,90639,12,23
13492,2772139,8,23
13493,3385501,11,23
13494,1119039,10,23
13495,3058798,8,23
13496,3349997,12,23
13497,2075896,8,23
13498,1909348,8,23
13499,1816354,12,23
13500,4400489,10,23
13501,5156960,4,23
13502,1843461,9,23
13503,3527514,8,23
13504,5680149,1,23
13505,6403604,4,23
13506,2468867,1,23
13507,4629280,8,23
13508,4298469,9,23
13509,3952244,4,23
13510,4385640,9,23
13511,4577177,4,23
13512,6459996,12,23
13513,1492652,6,23
13514,1736470,1,23
13515,4550237,8,23
13516,4023211,10,23
13517,1262699,9,23
13518,3711314,10,23
13519,3551213,10,23
13520,1328692,9,23
13521,5501083,10,23
13522,5152889,5,23
13523,2757947,9,23
13524,3734181,12,23
13525,5112629,11,23
13526,1873558,4,23
13527,3405541,12,23
13528,6302231,8,23
13529,233700,10,23
13530,3564499,12,23
13531,524023,9,23
13532,4031419,12,23
13533,3994019,10,23
13534,3291591,4,23
13535,2602668,10,23
13536,5609054,11,23
13537,2510668,6,23
13538,2624982,1,23
13539,433376,5,23
13540,2482340,6,23
13541,83824,6,23
13542,6293359,9,23
13543,1305949,10,23
13544,4300060,12,23
13545,3857353,12,23
13546,2359287,12,23
13547,3439036,12,23
13548,3057454,1,23
13549,6498783,11,23
13550,5670597,1,23
13551,3899121,9,23
13552,2561405,12,23
13553,332173,6,23
13554,820380,9,23
13555,2801429,4,23
13556,6122206,4,23
13557,2292303,5,23
13558,856142,10,23
13559,6414264,9,23
13560,6081830,10,23
13561,3196901,5,23
13562,2808377,10,23
13563,2541039,9,23
13564,486424,10,23
13565,321864,12,23
13566,6402765,1,23
13567,5273523,2,23
13568,5190723,11,23
13569,4410798,9,23
13570,1261236,11,23
13571,620488,4,23
13572,2525217,9,23
13573,4531449,9,23
13574,3635202,9,23
13575,974390,12,23
13576,5750131,10,23
13577,1696406,10,23
13578,149826,9,23
13579,3031764,10,23
13580,6173579,10,23
13581,6204758,12,23
13582,3417802,11,23
13583,1923823,11,23
13584,4954550,12,23
13585,247995,1,23
13586,2306937,12,23
13587,3485712,11,23
13588,6347052,5,23
13589,5169214,5,23
13590,1336204,6,23
13591,601943,1,23
13592,6497565,10,23
13593,2424966,10,23
13594,1516297,11,23
13595,3431521,10,23
13596,2877249,9,23
13597,1198748,11,23
13598,2054613,1,23
13599,4040489,9,23
13600,5183170,11,23
13601,528415,9,23
13602,822361,8,23
13603,3642729,1,23
13604,4769999,10,23
13605,5543517,12,23
13606,597464,3,23
13607,5169851,4,23
13608,1738208,3,23
13609,5663542,3,23
13610,6079324,1,23
13611,793889,10,23
13612,6010262,9,23
13613,2278479,10,23
13614,2733043,1,23
13615,5688637,9,23
13616,461181,12,23
13617,2048296,3,23
13618,3388742,9,23
13619,4721764,2,23
13620,4548348,11,23
13621,806759,10,23
13622,461291,11,23
13623,3337421,12,23
13624,4485740,3,23
13625,6292251,1,23
13626,5647320,9,23
13627,4126815,5,23
13628,1535805,5,23
13629,1979955,8,23
13630,2373712,8,23
13631,2253027,11,23
13632,2568682,3,23
13633,647253,7,23
13634,2463038,12,23
13635,2310047,5,23
13636,1767835,2,23
13637,4475738,12,23
13638,4179514,11,23
13639,1247057,10,23
13640,267470,10,23
13641,2559374,4,23
13642,1610017,3,23
13643,3888154,5,23
13644,16347,12,23
13645,2642336,1,23
13646,4902604,10,23
13647,1160544,1,23
13648,1578082,10,23
13649,3752851,4,23
13650,2145393,4,23
13651,4023762,6,23
13652,2450075,3,23
13653,210007,3,23
13654,457987,7,23
13655,5657828,4,23
13656,1032639,4,23
13657,641842,9,23
13658,6445003,10,23
13659,1782530,1,23
13660,4371583,11,23
13661,1007797,6,23
13662,2081509,9,23
13663,1379352,10,23
13664,1255899,9,23
13665,3647053,10,23
13666,5344481,10,23
13667,2385899,1,23
13668,2023164,5,23
13669,1665863,10,23
13670,3981732,11,23
13671,479669,11,23
13672,950723,4,23
13673,1357167,9,23
13674,6265486,9,23
13675,4913678,12,23
13676,91436,12,23
13677,2169998,1,23
13678,418930,12,23
13679,2434541,1,23
13680,2823351,9,23
13681,2596330,10,23
13682,2014263,6,23
13683,6095145,8,23
13684,4377857,10,23
13685,4959110,10,23
13686,604116,8,23
13687,373755,6,23
13688,2474754,11,23
13689,2462037,11,23
13690,4576555,7,23
13691,2610133,1,23
13692,3683554,4,23
13693,1754074,10,23
13694,246478,1,23
13695,2582939,9,23
13696,3400675,9,23
13697,6038241,7,23
13698,577938,9,23
13699,526864,8,23
13700,1396298,9,23
13701,4841726,12,23
13702,2366892,10,23
13703,1758986,6,23
13704,4805576,1,23
13705,3570530,3,23
13706,2538996,5,23
13707,995546,4,23
13708,2974455,4,23
13709,2225686,7,23
13710,3514907,5,23
13711,3275362,1,23
13712,565606,3,23
13713,4414025,10,23
13714,2526615,1,23
13715,472659,12,23
13716,4328101,4,23
13717,1905381,9,23
13718,6320713,4,23
13719,3562597,1,23
13720,6219913,10,23
13721,3176443,6,23
13722,5019213,6,23
13723,4398403,1,23
13724,298389,12,23
13725,2458642,10,23
13726,1289518,12,23
13727,5564655,10,23
13728,2538894,4,23
13729,3403677,1,23
13730,2716644,9,23
13731,2079266,1,23
13732,3712065,5,24
13733,656054,10,24
13734,1841705,9,24
13735,6419018,12,24
13736,1163804,12,24
13737,2790450,9,24
13738,4999808,12,24
13739,3041516,10,24
13740,2837458,3,24
13741,3057402,9,24
13742,1397901,8,24
13743,624973,3,24
13744,3055779,11,24
13745,2451178,9,24
13746,1200423,11,24
13747,2179523,11,24
13748,3602691,7,24
13749,3616232,3,24
13750,3347411,5,24
13751,1560393,1,24
13752,3439149,10,24
13753,1083651,11,24
13754,4278874,12,24
13755,2579954,9,24
13756,4268871,6,24
13757,2073937,9,24
13758,3376328,10,24
13759,5788746,11,24
13760,467625,1,24
13761,3441769,6,24
13762,4453642,10,24
13763,3128366,12,24
13764,1733752,10,24
13765,4599139,10,24
13766,3016643,12,24
13767,2584956,3,24
13768,63433,11,24
13769,408087,10,24
13770,5200608,4,24
13771,1549718,11,24
13772,1357167,9,24
13773,4839843,1,24
13774,1813236,8,24
13775,5161997,12,24
13776,2801429,11,24
13777,2310047,3,24
13778,2651726,12,24
13779,4913678,9,24
13780,6495643,12,24
13781,5224668,5,24
13782,5529636,1,24
13783,1822213,5,24
13784,4187064,9,24
13785,46167,5,24
13786,1434722,5,24
13787,1883734,1,24
13788,6025171,11,24
13789,541336,7,24
13790,2525217,5,24
13791,1896272,12,24
13792,5145320,1,24
13793,5993732,12,24
13794,5704429,9,24
13795,1498384,11,24
13796,4166868,1,24
13797,2633965,10,24
13798,627251,9,24
13799,1256343,11,24
13800,3291591,1,24
13801,1610017,12,24
13802,786765,10,24
13803,3468467,6,24
13804,851058,6,24
13805,6322847,5,24
13806,5190723,11,24
13807,3209387,10,24
13808,4178954,4,24
13809,401390,11,24
13810,3656317,9,24
13811,4576555,7,24
13812,1918711,9,24
13813,869700,1,24
13814,2848668,1,24
13815,409403,2,24
13816,5793579,11,24
13817,1166643,3,24
13818,349116,10,24
13819,3632712,9,24
13820,6218555,12,24
13821,3420974,7,24
13822,793889,8,24
13823,5162546,8,24
13824,6053580,12,24
13825,1219153,4,24
13826,210007,3,24
13827,5753368,10,24
13828,4791266,12,24
13829,1439327,12,24
13830,5880356,8,24
13831,3152135,8,24
13832,776469,5,24
13833,3239456,11,24
13834,1458285,11,24
13835,2236870,11,24
13836,2520515,8,24
13837,5611132,10,24
13838,6414264,7,24
13839,4240552,9,24
13840,461181,9,24
13841,929009,8,24
13842,4300060,10,24
13843,6109293,4,24
13844,4037574,10,24
13845,754147,9,24
13846,4377857,2,24
13847,4332119,5,24
13848,3207481,11,24
13849,4756460,1,24
13850,6003919,9,24
13851,3880587,7,24
13852,1412878,4,24
13853,5522388,9,24
13854,3890388,10,24
13855,566210,5,24
13856,1853837,10,24
13857,2410673,12,24
13858,4424118,12,24
13859,455995,9,24
13860,3887839,11,24
13861,2996936,11,24
13862,2158118,12,24
13863,6183821,4,24
13864,5019374,10,24
13865,2504335,10,24
13866,2987851,8,24
13867,6382915,6,24
13868,1696406,10,24
13869,1198748,9,24
13870,2521875,9,24
13871,2298378,2,24
13872,4533233,3,24
13873,2600201,11,24
13874,2800695,11,24
13875,3803659,4,24
13876,409258,12,24
13877,4548348,10,24
13878,3400675,12,24
13879,4706795,5,24
13880,1356361,1,24
13881,1410672,9,24
13882,825222,5,24
13883,2449587,11,24
13884,3543957,3,24
13885,614514,6,24
13886,5136040,10,24
13887,444403,12,24
13888,5361527,10,24
13889,3564499,12,24
13890,862154,9,24
13891,5743215,12,24
13892,1698135,5,24
13893,269131,8,24
13894,6403604,10,24
13895,615477,12,24
13896,1738208,11,24
13897,6124549,1,24
13898,5992937,5,24
13899,6234507,9,24
13900,3337421,4,24
13901,6141967,9,24
13902,1788410,11,24
13903,314409,10,24
13904,5052674,4,24
13905,5284217,1,24
13906,5786514,11,24
13907,4612202,10,24
13908,1278388,10,24
13909,2361002,11,24
13910,1450247,11,24
13911,457987,1,24
13912,3106834,8,24
13913,6075416,5,24
13914,1330225,11,24
13915,6343333,11,24
13916,2829062,6,24
13917,5791180,5,24
13918,4773640,8,24
13919,6409773,12,24
13920,5316775,10,24
13921,428886,9,24
13922,822090,2,24
13923,4516903,5,24
13924,2561405,8,24
13925,6230111,10,24
13926,5555762,11,24
13927,4965003,4,24
13928,321864,12,24
13929,3927515,9,24
13930,1893959,9,24
13931,3338602,1,24
13932,861924,11,24
13933,1346446,12,24
13934,2225686,7,24
13935,4902409,4,24
13936,5007829,4,24
13937,4971335,7,24
13938,3162293,6,24
13939,5073558,10,24
13940,1019515,8,24
13941,539935,9,24
13942,5418915,3,24
13943,1866932,8,24
13944,1209619,9,24
13945,5928809,6,24
13946,715804,9,24
13947,6450877,9,24
13948,3815837,11,24
13949,726075,11,24
13950,5620025,12,24
13951,1369990,9,24
13952,3451554,3,24
13953,6195154,11,24
13954,5169553,7,24
13955,2733043,1,24
13956,4522040,3,24
13957,4129015,5,24
13958,1125565,8,24
13959,1099697,9,24
13960,5417751,7,24
13961,2971701,9,24
13962,2183844,11,24
13963,818798,3,24
13964,3504899,8,24
13965,1965484,8,24
13966,4729899,11,24
13967,4037285,8,24
13968,838834,1,24
13969,5666877,6,24
13970,2801432,12,24
13971,1631649,11,24
13972,1625319,10,24
13973,5591436,12,24
13974,618943,2,24
13975,4592036,11,24
13976,3990768,10,24
13977,156952,1,24
13978,2639434,12,24
13979,5430423,11,24
13980,1861508,4,24
13981,4249393,12,24
13982,735366,5,24
13983,6432190,1,24
13984,5469266,9,24
13985,4604988,10,24
13986,2877249,12,24
13987,5273523,1,24
13988,1242243,6,24
13989,3063117,4,24
13990,2523731,4,24
13991,5914534,9,24
13992,5349413,12,24
13993,3531154,3,24
13994,6038241,11,24
13995,267470,6,24
13996,1562027,8,24
13997,4303882,4,24
13998,1532405,12,24
13999,5663542,8,24
14000,3664482,12,24
14001,2726547,10,24
14002,71852,5,24
14003,4246461,5,24
14004,2340935,11,24
14005,565606,3,24
14006,3999976,9,24
14007,1397720,10,24
14008,1810856,8,24
14009,1844757,8,24
14010,5487067,8,24
14011,6237488,11,24
14012,2633483,10,24
14013,5332722,8,24
14014,1160544,1,24
14015,3170715,10,24
14016,5095053,9,24
14017,671908,4,24
14018,2317223,12,24
14019,5112629,8,24
14020,3588298,12,24
14021,5854822,9,24
14022,3660597,4,24
14023,3404639,12,24
14024,4564948,8,24
14025,1317578,10,24
14026,5884692,1,24
14027,3328385,9,24
14028,1979955,10,24
14029,4811806,12,24
14030,6149865,9,24
14031,2610133,5,24
14032,360708,11,24
14033,3349222,8,24
14034,3838853,6,24
14035,11947,7,24
14036,2199292,5,24
14037,6442224,11,24
14038,492660,3,24
14039,4016707,12,24
14040,3663811,8,24
14041,5979444,6,24
14042,6352119,7,24
14043,5520467,9,24
14044,3584280,12,24
14045,5180533,2,24
14046,524023,8,24
14047,2520200,8,24
14048,3454553,10,24
14049,5859994,8,24
14050,4972577,9,24
14051,4128753,8,24
14052,282953,9,24
14053,3321676,11,24
14054,460677,4,24
14055,2772139,2,24
14056,1050344,6,24
14057,1132010,9,24
14058,1700281,9,24
14059,5116337,12,24
14060,4192761,8,24
14061,4256808,10,24
14062,1551950,3,24
14063,5434223,7,24
14064,4445498,9,24
14065,361137,11,24
14066,4516051,10,24
14067,3148259,6,24
14068,3408244,10,24
14069,3449472,12,24
14070,5864621,12,24
14071,3819405,11,24
14072,4762604,6,24
14073,4861465,9,24
14074,4486176,9,24
14075,2825544,2,24
14076,696308,6,24
14077,4769364,5,24
14078,3373646,10,24
14079,1894044,12,24
14080,3115492,11,24
14081,2726922,2,24
14082,1605648,11,24
14083,2711880,11,24
14084,4218613,11,24
14085,1352584,10,24
14086,2318574,12,24
14087,5154723,11,24
14088,3973115,10,24
14089,843427,7,24
14090,4489912,12,24
14091,152911,1,24
14092,900847,9,24
14093,4716016,10,24
14094,1486476,1,24
14095,5792640,7,24
14096,6243813,4,24
14097,4572884,10,24
14098,907290,12,24
14099,3058798,8,24
14100,5005869,5,24
14101,886242,1,24
14102,2797797,10,24
14103,4531987,7,24
14104,739886,9,24
14105,4914416,7,24
14106,970264,4,24
14107,3332429,11,24
14108,86668,9,24
14109,4256230,12,24
14110,4718627,8,24
14111,2510668,9,24
14112,439787,10,24
14113,2506188,4,24
14114,3266429,9,24
14115,4066044,11,24
14116,2531570,3,24
14117,5868558,12,24
14118,1262699,2,24
14119,3306577,10,24
14120,3176443,9,24
14121,5672800,12,24
14122,2808377,12,24
14123,648293,7,24
14124,1876570,8,24
14125,2757947,8,24
14126,379340,3,24
14127,5248442,10,24
14128,4135807,9,24
14129,5374507,4,24
14130,4202811,10,24
14131,5654262,11,24
14132,1882424,12,24
14133,1697688,12,24
14134,2974455,4,24
14135,3899121,9,24
14136,5012107,2,24
14137,5657828,6,24
14138,4710640,11,24
14139,3227039,12,24
14140,1909348,12,24
14141,666101,12,24
14142,1247982,1,24
14143,3766745,10,24
14144,5376171,11,24
14145,6355643,10,24
14146,1758986,6,24
14147,1248537,8,24
14148,4595078,11,24
14149,3623466,12,24
14150,2196027,11,24
14151,2057971,4,24
14152,2376930,5,24
14153,5958481,10,24
14154,5133434,8,24
14155,2914343,9,24
14156,1611688,4,24
14157,620488,10,24
14158,2952816,12,24
14159,6389015,3,24
14160,57859,6,24
14161,2772468,5,24
14162,5671861,10,24
14163,67801,11,24
14164,6116428,10,24
14165,747814,9,24
14166,3395004,9,24
14167,6446416,10,24
14168,2741667,3,24
14169,6074552,8,24
14170,1923823,9,24
14171,2589079,5,24
14172,715056,9,24
14173,3757706,5,24
14174,2046148,4,24
14175,5742254,3,24
14176,2525429,9,24
14177,4308495,9,24
14178,2536562,11,24
14179,5965959,3,24
14180,2568682,5,24
14181,3215905,9,24
14182,4712836,8,24
14183,6376710,7,24
14184,2355641,8,24
14185,3674278,1,24
14186,1492217,1,24
14187,2596330,8,24
14188,226783,7,24
14189,4566378,5,24
14190,3412776,12,24
14191,1449900,7,24
14192,2075896,9,24
14193,2839188,6,24
14194,65701,1,24
14195,5919160,9,24
14196,1176263,9,24
14197,4450693,12,24
14198,3698100,4,24
14199,2095514,9,24
14200,1367335,3,24
14201,169490,3,24
14202,974807,9,24
14203,3519251,11,24
14204,1315890,9,24
14205,6473329,10,24
14206,5575237,9,24
14207,5567351,3,24
14208,4766899,11,24
14209,545309,12,24
14210,4808473,1,24
14211,4720515,11,24
14212,3809721,9,24
14213,6345600,9,24
14214,3766629,11,24
14215,5760416,1,24
14216,4483839,5,24
14217,4768478,1,24
14218,2718335,6,24
14219,214642,10,24
14220,4945064,9,24
14221,3948960,3,24
14222,2520051,12,24
14223,18274,4,24
14224,2365089,12,24
14225,4878946,10,24
14226,2021269,9,24
14227,1801851,11,24
14228,491601,4,24
14229,1934883,9,24
14230,6265486,10,24
14231,3514907,9,24
14232,5333794,10,24
14233,6124522,9,24
14234,1618024,10,24
14235,5477303,3,24
14236,6095145,8,24
14237,90861,10,24
14238,4877232,8,24
14239,1074560,4,24
14240,1635501,5,24
14241,1476650,10,24
14242,1233505,8,24
14243,4002671,9,24
14244,5019213,5,24
14245,122416,10,24
14246,6132405,10,24
14247,3119531,9,24
14248,1907590,12,24
14249,525886,8,24
14250,570421,9,24
14251,3423422,3,24
14252,5291883,10,24
14253,1116728,12,24
14254,5557448,11,24
14255,1119039,8,24
14256,2053229,10,24
14257,2037116,12,24
14258,231659,11,24
14259,6347052,6,24
14260,2019954,11,24
14261,1867936,10,24
14262,5199680,10,24
14263,3291808,11,24
14264,3394393,10,24
14265,3200371,10,24
14266,932111,6,24
14267,2837685,1,24
14268,528415,10,24
14269,2110687,4,24
14270,282435,10,24
14271,3278097,3,24
14272,5605789,10,24
14273,591328,9,24
14274,2141567,8,24
14275,5173938,10,24
14276,4475738,12,24
14277,2434541,1,24
14278,4369611,9,24
14279,628513,12,24
14280,6468161,8,24
14281,5910926,9,24
14282,2421925,12,24
14283,917822,9,24
14284,6063653,10,24
14285,3208964,11,24
14286,1690106,11,24
14287,700612,10,24
14288,5343135,11,24
14289,1129583,1,24
14290,3012532,9,24
14291,3779666,12,24
14292,4982554,11,24
14293,6291326,11,24
14294,2531570,8,25
14295,591328,10,25
14296,949506,9,25
14297,2608984,7,25
14298,5170983,1,25
14299,1463753,9,25
14300,5929866,9,25
14301,825222,9,25
14302,504294,10,25
14303,6380977,4,25
14304,3582609,9,25
14305,3741057,8,25
14306,1750655,8,25
14307,618667,12,25
14308,4905376,10,25
14309,1893959,12,25
14310,1530791,6,25
14311,1507526,9,25
14312,3238282,1,25
14313,4035891,6,25
14314,6450503,8,25
14315,3557777,1,25
14316,4998457,9,25
14317,2299074,3,25
14318,2538894,8,25
14319,4682119,2,25
14320,31246,3,25
14321,1911645,11,25
14322,6086802,9,25
14323,970403,1,25
14324,5947090,9,25
14325,3318601,10,25
14326,5037838,10,25
14327,2076842,7,25
14328,1278388,12,25
14329,4306293,11,25
14330,2182146,4,25
14331,2444218,5,25
14332,6151658,8,25
14333,2642336,4,25
14334,6075416,5,25
14335,5670597,1,25
14336,63433,11,25
14337,5381676,3,25
14338,5057857,9,25
14339,6409109,6,25
14340,4564948,5,25
14341,3057402,10,25
14342,6236783,4,25
14343,3280598,11,25
14344,2718335,12,25
14345,2478827,8,25
14346,3012678,12,25
14347,5750131,10,25
14348,3791104,10,25
14349,5921939,7,25
14350,838834,4,25
14351,723019,4,25
14352,885039,10,25
14353,4377857,5,25
14354,5135337,12,25
14355,4385640,9,25
14356,3885354,1,25
14357,45025,10,25
14358,5067402,4,25
14359,2079266,5,25
14360,2545524,1,25
14361,5313174,5,25
14362,4884722,1,25
14363,5434223,5,25
14364,5940589,6,25
14365,5071319,10,25
14366,1285982,6,25
14367,3741774,9,25
14368,2568682,7,25
14369,783470,2,25
14370,2979332,6,25
14371,2116824,9,25
14372,5133434,11,25
14373,5438361,6,25
14374,3127584,10,25
14375,4969125,10,25
14376,4442713,12,25
14377,6347052,6,25
14378,3152135,5,25
14379,2801432,11,25
14380,1434722,10,25
14381,6381229,12,25
14382,53810,2,25
14383,3328385,8,25
14384,5991313,11,25
14385,4240544,11,25
14386,4256230,12,25
14387,3349997,9,25
14388,3514907,10,25
14389,1962334,10,25
14390,4747268,12,25
14391,1013497,12,25
14392,5527427,3,25
14393,3631885,10,25
14394,6473329,9,25
14395,812233,8,25
14396,1776555,9,25
14397,3314374,12,25
14398,4486176,9,25
14399,3562597,1,25
14400,4751692,9,25
14401,2735309,1,25
14402,3573928,6,25
14403,2523731,1,25
14404,2520693,12,25
14405,5958481,12,25
14406,2229032,12,25
14407,4303882,4,25
14408,5992356,12,25
14409,4206148,11,25
14410,725727,11,25
14411,4447780,12,25
14412,551119,7,25
14413,3758791,6,25
14414,2798056,9,25
14415,5126285,4,25
14416,5965959,10,25
14417,1119039,8,25
14418,3616232,10,25
14419,2158118,12,25
14420,3024785,5,25
14421,1733752,11,25
14422,1614232,5,25
14423,1915112,10,25
14424,4279338,11,25
14425,3176443,7,25
14426,3386999,8,25
14427,1586859,12,25
14428,896326,11,25
14429,2482340,6,25
14430,2619388,9,25
14431,6498783,1,25
14432,1091012,8,25
14433,2596330,9,25
14434,3200371,10,25
14435,6262854,10,25
14436,1570606,9,25
14437,2201478,11,25
14438,3449472,11,25
14439,3176771,5,25
14440,1758986,8,25
14441,6406438,5,25
14442,4999808,9,25
14443,47504,9,25
14444,715804,8,25
14445,1406385,4,25
14446,5791180,9,25
14447,227044,3,25
14448,1986764,4,25
14449,4076087,5,25
14450,6283998,9,25
14451,3519251,12,25
14452,3057454,1,25
14453,3303146,1,25
14454,3725158,12,25
14455,2373712,5,25
14456,2960702,10,25
14457,4218613,8,25
14458,620488,3,25
14459,2504335,10,25
14460,4244448,12,25
14461,6345600,9,25
14462,3012532,9,25
14463,1176263,12,25
14464,4140754,1,25
14465,3589936,5,25
14466,855368,9,25
14467,2985708,6,25
14468,1841705,10,25
14469,754147,10,25
14470,1357167,12,25
14471,321864,8,25
14472,5529636,3,25
14473,3815837,9,25
14474,6403604,10,25
14475,4308495,12,25
14476,4610102,1,25
14477,3915179,12,25
14478,4562275,8,25
14479,640493,1,25
14480,369293,9,25
14481,2095514,12,25
14482,647253,8,25
14483,5285502,3,25
14484,4564758,9,25
14485,654526,12,25
14486,5022903,12,25
14487,1151729,4,25
14488,5903151,3,25
14489,3999976,10,25
14490,656095,12,25
14491,4419568,9,25
14492,276955,12,25
14493,1987705,11,25
14494,3166068,1,25
14495,6440036,4,25
14496,2848668,12,25
14497,6088522,5,25
14498,2797797,10,25
14499,5243680,1,25
14500,4104629,11,25
14501,5699214,10,25
14502,4475738,12,25
14503,1477745,10,25
14504,1328692,9,25
14505,1198748,6,25
14506,6476499,9,25
14507,4453642,11,25
14508,3494787,10,25
14509,2140317,8,25
14510,1887150,12,25
14511,1611812,8,25
14512,1269426,11,25
14513,3663811,8,25
14514,5844033,9,25
14515,5047894,11,25
14516,6057906,7,25
14517,3774824,6,25
14518,5866639,6,25
14519,3477731,5,25
14520,2578191,4,25
14521,2425020,6,25
14522,3438265,11,25
14523,2801429,11,25
14524,5343135,7,25
14525,4332933,7,25
14526,4977833,9,25
14527,4319355,2,25
14528,6160342,10,25
14529,5019213,9,25
14530,2987851,11,25
14531,3155541,10,25
14532,3315749,12,25
14533,1560393,4,25
14534,2366843,8,25
14535,5298849,3,25
14536,4256808,10,25
14537,6291326,5,25
14538,3647072,8,25
14539,3570636,3,25
14540,6204758,10,25
14541,3466183,6,25
14542,1356361,11,25
14543,1383074,1,25
14544,5117961,5,25
14545,3899121,9,25
14546,4522040,4,25
14547,4825782,12,25
14548,1974135,1,25
14549,6185141,5,25
14550,3887839,9,25
14551,1930733,10,25
14552,380178,8,25
14553,846084,10,25
14554,6014365,6,25
14555,2702202,1,25
14556,3788288,6,25
14557,6394574,8,25
14558,4580752,12,25
14559,5180533,4,25
14560,455995,12,25
14561,1050344,10,25
14562,6167846,9,25
14563,70021,9,25
14564,3892718,6,25
14565,5064715,10,25
14566,1125899,5,25
14567,2679500,10,25
14568,300086,9,25
14569,2225686,8,25
14570,2439039,2,25
14571,2808377,10,25
14572,3431521,10,25
14573,4113128,7,25
14574,57859,10,25
14575,5786514,9,25
14576,3058798,5,25
14577,5884692,2,25
14578,2974455,4,25
14579,3115492,5,25
14580,4914416,11,25
14581,3067775,9,25
14582,2504523,4,25
14583,183584,6,25
14584,1502504,12,25
14585,3784555,6,25
14586,5332722,8,25
14587,3601549,3,25
14588,4902409,9,25
14589,226783,5,25
14590,2520515,5,25
14591,491612,10,25
14592,3500325,4,25
14593,4380439,1,25
14594,2467092,3,25
14595,71580,8,25
14596,176623,9,25
14597,696308,6,25
14598,4022830,12,25
14599,2132674,1,25
14600,4178954,4,25
14601,2260617,3,25
14602,3291591,6,25
14603,974807,8,25
14604,1469285,3,25
14605,1209619,11,25
14606,5117086,12,25
14607,1379966,12,25
14608,5481551,3,25
14609,275398,7,25
14610,472659,6,25
14611,5117113,1,25
14612,5671861,8,25
14613,6265486,11,25
14614,465449,11,25
14615,4766899,10,25
14616,2479829,12,25
14617,3354934,10,25
14618,4419032,4,25
14619,1114477,12,25
14620,6237840,5,25
14621,792991,10,25
14622,1848740,12,25
14623,1548438,4,25
14624,1132010,6,25
14625,233700,11,25
14626,3761473,8,25
14627,5501083,10,25
14628,1456373,9,25
14629,2215156,4,25
14630,5773408,10,25
14631,250780,3,25
14632,2458642,5,25
14633,5056667,12,25
14634,6173579,10,25
14635,4755368,10,25
14636,3148259,6,25
14637,6073530,9,25
14638,1801851,10,25
14639,3358839,4,25
14640,2315229,12,25
14641,75212,1,25
14642,4192761,12,25
14643,3325179,9,25
14644,420555,9,25
14645,5741400,10,25
14646,3581894,9,25
14647,1060522,8,25
14648,4625869,9,25
14649,3531670,9,25
14650,5409947,9,25
14651,3479505,12,25
14652,2086516,11,25
14653,820380,8,25
14654,5672800,7,25
14655,3683554,11,25
14656,4099040,6,25
14657,3504983,10,25
14658,2612131,8,25
14659,1923823,8,25
14660,3659885,4,25
14661,3291808,12,25
14662,4379256,4,25
14663,3188476,9,25
14664,3712065,5,25
14665,3016643,8,25
14666,3314121,10,25
14667,1589302,9,25
14668,2791203,9,25
14669,2930815,1,25
14670,5859994,9,25
14671,793889,12,25
14672,5061084,9,25
14673,3979562,3,25
14674,4391535,9,25
14675,5286269,9,25
14676,1945286,3,25
14677,2236870,9,25
14678,6053580,10,25
14679,1612410,4,25
14680,4811868,9,25
14681,2183844,7,25
14682,948408,6,25
14683,258372,6,25
14684,1525399,9,25
14685,1247057,11,25
14686,1582805,6,25
14687,4877232,9,25
14688,3168823,12,25
14689,1810856,6,25
14690,3242746,6,25
14691,716640,9,25
14692,5654262,9,25
14693,4910714,8,25
14694,1928350,3,25
14695,3805154,6,25
14696,5449550,1,25
14697,3306386,3,25
14698,4338155,7,25
14699,1665863,12,25
14700,2434541,1,25
14701,6155217,3,25
14702,22430,8,25
14703,4898172,9,25
14704,2589079,7,25
14705,466125,8,25
14706,4762604,1,25
14707,4620411,9,25
14708,2264762,5,25
14709,5788021,12,25
14710,524023,10,25
14711,2608378,4,25
14712,2219282,5,25
14713,4410798,12,25
14714,6414264,4,25
14715,5704429,5,25
14716,518247,12,25
14717,97987,10,25
14718,4049449,12,25
14719,5679773,1,25
14720,2667546,9,25
14721,5793579,1,25
14722,4345928,10,25
14723,2469046,9,25
14724,3651805,10,25
14725,5897708,9,25
14726,3623466,2,25
14727,5012107,4,25
14728,3516359,4,25
14729,5154723,11,25
14730,6122206,4,25
14731,2145393,3,25
14732,1492812,8,25
14733,6382915,7,25
14734,1516297,12,25
14735,4905652,11,25
14736,3249107,6,25
14737,3359270,1,25
14738,2549635,3,25
14739,2579954,7,25
14740,1738208,12,25
14741,5812519,3,25
14742,3412776,1,25
14743,5969755,4,25
14744,1618024,11,25
14745,5910926,9,25
14746,2299566,10,25
14747,5609054,11,25
14748,5591436,11,25
14749,1963019,9,25
14750,3738359,5,25
14751,4820880,5,25
14752,2999611,11,25
14753,715581,9,25
14754,4954550,10,25
14755,465541,9,25
14756,3031764,10,25
14757,2726922,8,25
14758,1743549,6,25
14759,1261236,12,25
14760,3209384,8,25
14761,2602360,9,25
14762,780759,4,25
14763,1635501,4,25
14764,6044474,12,25
14765,3373646,7,25
14766,3213014,3,25
14767,1429675,1,25
14768,210942,3,25
14769,623608,11,25
14770,5205475,7,25
14771,2503175,1,25
14772,2711880,10,25
14773,6463676,9,25
14774,1950960,10,25
14775,5689584,4,25
14776,3948960,3,25
14777,1981231,11,25
14778,2547609,5,25
14779,545309,9,25
14780,5042288,4,25
14781,2175759,4,25
14782,4716016,12,25
14783,5211818,12,25
14784,5846304,10,25
14785,4906790,11,25
14786,2757947,9,25
14787,5647320,9,25
14788,4249393,9,25
14789,4300060,10,25
14790,487753,12,25
14791,2253027,11,25
14792,2952816,12,25
14793,950723,4,25
14794,5567351,4,25
14795,1412112,1,25
14796,6468161,10,25
14797,1282976,11,25
14798,479669,9,25
14799,4740320,9,25
14800,5213417,5,25
14801,689092,1,25
14802,6432190,5,25
14803,4290504,5,25
14804,3367310,5,25
14805,4604988,10,25
14806,5036261,8,25
14807,4585969,11,25
14808,3408244,8,25
14809,6243813,9,25
14810,2823351,9,25
14811,67801,3,25
14812,1023885,12,25
14813,4016259,11,25
14814,5602941,10,25
14815,4152286,9,25
14816,4878946,11,25
14817,5302715,10,25
14818,5593679,7,25
14819,3889463,11,25
14820,3660597,3,25
14821,3385501,11,25
14822,4849432,9,25
14823,2529025,10,25
14824,6182753,7,25
14825,3819405,12,25
14826,5543517,10,25
14827,6318793,9,25
14828,4128753,8,25
14829,3668393,8,25
14830,806932,8,25
14831,4023762,4,25
14832,353751,11,25
14833,1605648,10,25
14834,4698568,6,25
14835,404479,3,25
14836,566210,11,25
14837,5553341,11,25
14838,3847910,12,25
14839,5573928,11,25
14840,2090137,4,25
14841,822361,11,25
14842,3005450,8,25
14843,4130036,11,25
14844,3321676,8,25
14845,378928,1,25
14846,945607,9,25
14847,4005757,3,25
14848,3498432,11,25
14849,3999790,12,26
14850,4091305,4,26
14851,2343504,12,26
14852,233700,11,26
14853,4558417,4,26
14854,747525,9,26
14855,2302045,6,26
14856,2661601,11,26
14857,76815,11,26
14858,792991,8,26
14859,4878946,2,26
14860,1052079,11,26
14861,2752045,12,26
14862,1587138,10,26
14863,6106014,7,26
14864,1589302,3,26
14865,4078620,8,26
14866,3726566,10,26
14867,2800695,11,26
14868,2145393,5,26
14869,6237488,5,26
14870,346449,10,26
14871,4228535,10,26
14872,5291883,11,26
14873,349116,12,26
14874,3400675,8,26
14875,373755,4,26
14876,1278388,9,26
14877,5656384,11,26
14878,4414025,3,26
14879,898943,12,26
14880,1808600,6,26
14881,5092938,10,26
14882,4419866,10,26
14883,2464229,4,26
14884,779092,9,26
14885,1950960,7,26
14886,1032639,8,26
14887,5719238,11,26
14888,2196027,11,26
14889,1221322,8,26
14890,1618024,11,26
14891,4373251,10,26
14892,2223394,9,26
14893,314409,4,26
14894,2048296,1,26
14895,2582939,10,26
14896,543404,12,26
14897,3632230,9,26
14898,2570024,1,26
14899,6088522,8,26
14900,3075770,12,26
14901,5810003,1,26
14902,5006763,11,26
14903,3063117,4,26
14904,5553341,5,26
14905,2048750,10,26
14906,6476499,9,26
14907,886242,6,26
14908,5657828,4,26
14909,4400775,9,26
14910,5663542,10,26
14911,75212,5,26
14912,465541,9,26
14913,4424118,10,26
14914,6226853,9,26
14915,3489743,5,26
14916,4227998,12,26
14917,1882424,9,26
14918,4898172,11,26
14919,3276609,9,26
14920,3420729,2,26
14921,5800939,11,26
14922,5231308,3,26
14923,6237840,6,26
14924,1264585,4,26
14925,6133213,9,26
14926,4325514,9,26
14927,6387969,4,26
14928,1586859,11,26
14929,3960699,11,26
14930,5103547,12,26
14931,152911,1,26
14932,1923823,9,26
14933,3769909,10,26
14934,1810856,11,26
14935,2639434,11,26
14936,2883981,6,26
14937,5117086,12,26
14938,551119,7,26
14939,990948,4,26
14940,321864,12,26
14941,2680675,5,26
14942,2410673,10,26
14943,5318655,9,26
14944,1999392,8,26
14945,6063653,11,26
14946,5660036,4,26
14947,896326,10,26
14948,4849056,12,26
14949,1151729,1,26
14950,5609054,11,26
14951,4244448,9,26
14952,5859109,3,26
14953,2774218,8,26
14954,4955752,4,26
14955,2791203,5,26
14956,1581813,11,26
14957,1028456,10,26
14958,3168823,9,26
14959,1346446,8,26
14960,122416,8,26
14961,4005757,5,26
14962,4198862,1,26
14963,2767754,8,26
14964,937505,11,26
14965,2778402,10,26
14966,149949,6,26
14967,4419568,12,26
14968,3773828,9,26
14969,2366843,7,26
14970,3200371,6,26
14971,2554663,9,26
14972,4682119,12,26
14973,1684292,10,26
14974,1696406,9,26
14975,4650862,9,26
14976,1551950,11,26
14977,5117113,6,26
14978,5032618,2,26
14979,6046495,9,26
14980,3332429,1,26
14981,1936645,9,26
14982,1624071,10,26
14983,6307718,6,26
14984,3656317,12,26
14985,2726922,1,26
14986,3679302,10,26
14987,6355643,7,26
14988,2183844,11,26
14989,70021,5,26
14990,3311384,1,26
14991,578015,10,26
14992,6442224,11,26
14993,666101,12,26
14994,2179523,11,26
14995,2359287,10,26
14996,504294,7,26
14997,3589936,4,26
14998,587114,12,26
14999,4756460,4,26
15000,6411555,5,26
15001,4338155,11,26
15002,4750003,10,26
15003,723806,4,26
15004,3994019,12,26
15005,3663811,10,26
15006,1767835,2,26
15007,3791104,12,26
15008,5073558,11,26
15009,6414264,1,26
15010,5012107,4,26
15011,456798,6,26
15012,4861465,6,26
15013,5355476,3,26
15014,4511502,4,26
15015,4187083,7,26
15016,4472976,12,26
15017,2434541,1,26
15018,5714395,9,26
15019,5769152,11,26
15020,3408244,9,26
15021,6059563,12,26
15022,2534267,8,26
15023,4629280,8,26
15024,83824,3,26
15025,4516051,1,26
15026,6440036,3,26
15027,715056,12,26
15028,456508,9,26
15029,3438265,9,26
15030,4548348,12,26
15031,3306386,3,26
15032,2996334,8,26
15033,620488,6,26
15034,2088391,3,26
15035,5786514,11,26
15036,5233125,12,26
15037,5419861,3,26
15038,4248273,4,26
15039,12872,9,26
15040,1361983,3,26
15041,2840610,4,26
15042,1434990,9,26
15043,2914343,12,26
15044,750394,8,26
15045,4638798,5,26
15046,246478,1,26
15047,720199,5,26
15048,804492,6,26
15049,779006,9,26
15050,1352099,4,26
15051,4800399,1,26
15052,1811206,11,26
15053,763690,11,26
15054,1562027,12,26
15055,3623466,12,26
15056,6145460,11,26
15057,1119039,2,26
15058,1844757,3,26
15059,5037383,1,26
15060,371874,10,26
15061,1406385,11,26
15062,6415310,9,26
15063,4495752,8,26
15064,3504983,9,26
15065,3278942,1,26
15066,3057454,1,26
15067,974807,10,26
15068,2450075,11,26
15069,1758986,6,26
15070,1750655,11,26
15071,178685,5,26
15072,210942,9,26
15073,4527954,5,26
15074,6116428,10,26
15075,4884154,12,26
15076,955629,12,26
15077,1835110,3,26
15078,835819,6,26
15079,1023885,12,26
15080,5061084,12,26
15081,628513,10,26
15082,6283833,1,26
15083,5173938,12,26
15084,2243117,1,26
15085,6363590,11,26
15086,3349451,1,26
15087,715581,7,26
15088,247995,1,26
15089,528415,11,26
15090,3424220,7,26
15091,5345259,9,26
15092,5135337,9,26
15093,1397720,8,26
15094,2326213,10,26
15095,4608537,11,26
15096,6419018,9,26
15097,372660,1,26
15098,4158394,9,26
15099,1713513,12,26
15100,6326937,1,26
15101,2095514,12,26
15102,3588298,1,26
15103,390110,7,26
15104,843427,10,26
15105,758615,8,26
15106,4240544,12,26
15107,5694553,6,26
15108,4979436,6,26
15109,5947090,9,26
15110,2549404,11,26
15111,4069092,8,26
15112,3562597,2,26
15113,65701,11,26
15114,3071237,12,26
15115,545309,10,26
15116,6052644,5,26
15117,5852494,12,26
15118,5884692,1,26
15119,4221359,5,26
15120,577938,6,26
15121,3258903,5,26
15122,4091655,11,26
15123,1498384,10,26
15124,825222,9,26
15125,2536562,9,26
15126,654526,5,26
15127,2974455,4,26
15128,4576555,3,26
15129,735318,12,26
15130,479669,9,26
15131,6463676,12,26
15132,4905376,9,26
15133,3466183,9,26
15134,5593679,7,26
15135,4414289,1,26
15136,6296210,6,26
15137,3209384,12,26
15138,1449900,11,26
15139,6294183,4,26
15140,273351,10,26
15141,5145320,1,26
15142,2154687,6,26
15143,3275362,1,26
15144,3425384,1,26
15145,4877232,5,26
15146,5007829,5,26
15147,1530791,4,26
15148,1611812,12,26
15149,6445003,9,26
15150,2881730,11,26
15151,193339,10,26
15152,1114578,8,26
15153,3031764,10,26
15154,950723,4,26
15155,986245,1,26
15156,3494787,1,26
15157,4326237,11,26
15158,5473739,2,26
15159,725727,11,26
15160,4385640,11,26
15161,1247517,9,26
15162,614514,10,26
15163,1439327,10,26
15164,3557777,12,26
15165,786765,12,26
15166,4489912,12,26
15167,568358,11,26
15168,1169697,9,26
15169,1469266,4,26
15170,1887150,10,26
15171,2575423,3,26
15172,1498587,8,26
15173,3291591,11,26
15174,6081830,10,26
15175,4341332,12,26
15176,6498060,7,26
15177,2467092,8,26
15178,241033,1,26
15179,2327733,6,26
15180,6156583,3,26
15181,5723060,1,26
15182,5242669,8,26
15183,11947,4,26
15184,2837458,10,26
15185,749233,10,26
15186,2658470,2,26
15187,3309551,5,26
15188,3395342,4,26
15189,1379966,4,26
15190,3899121,10,26
15191,2952816,9,26
15192,355929,8,26
15193,1336204,9,26
15194,5748315,5,26
15195,2514905,9,26
15196,4016707,9,26
15197,319307,6,26
15198,5434223,11,26
15199,5126285,6,26
15200,4958469,4,26
15201,3819405,9,26
15202,3457262,11,26
15203,5043958,6,26
15204,2992096,10,26
15205,3848208,11,26
15206,3957000,11,26
15207,1405276,11,26
15208,5591436,4,26
15209,3664863,10,26
15210,640493,1,26
15211,3623681,4,26
15212,3261248,5,26
15213,3634221,9,26
15214,1549718,10,26
15215,3291808,9,26
15216,323596,12,26
15217,4786683,4,26
15218,4500783,8,26
15219,4179514,9,26
15220,4511528,1,26
15221,3805154,4,26
15222,3584280,5,26
15223,3405541,10,26
15224,1247982,5,26
15225,4625869,9,26
15226,3057402,10,26
15227,2298423,12,26
15228,6406438,9,26
15229,1578082,9,26
15230,2189373,12,26
15231,5866639,10,26
15232,1481601,9,26
15233,5604503,10,26
15234,736100,8,26
15235,3769532,9,26
15236,995546,4,26
15237,1980430,3,26
15238,1730184,3,26
15239,2310047,4,26
15240,6055389,5,26
15241,4192689,12,26
15242,6053580,10,26
15243,3725158,11,26
15244,4564948,9,26
15245,647253,12,26
15246,5343249,4,26
15247,3152135,8,26
15248,4512033,6,26
15249,3966323,9,26
15250,2797797,11,26
15251,799022,10,26
15252,958701,9,26
15253,856142,12,26
15254,6322847,12,26
15255,5704429,11,26
15256,2321644,10,26
15257,67801,8,26
15258,2260617,3,26
15259,546733,8,26
15260,5322054,10,26
15261,5110405,11,26
15262,3766745,12,26
15263,5121237,7,26
15264,3551213,12,26
15265,1665863,9,26
15266,219167,4,26
15267,2034452,8,26
15268,1742315,10,26
15269,282435,3,26
15270,276917,12,26
15271,3306577,6,26
15272,3902393,3,26
15273,6265486,11,26
15274,6185141,4,26
15275,5529636,6,26
15276,3527514,11,26
15277,4164611,10,26
15278,2122208,12,26
15279,430539,6,26
15280,722112,1,26
15281,1019515,9,26
15282,1788410,10,26
15283,1270083,11,26
15284,3176443,8,26
15285,5278086,3,26
15286,6138860,10,26
15287,409258,12,26
15288,4707972,6,26
15289,2168548,10,26
15290,1383074,1,26
15291,1733752,9,26
15292,4926789,11,26
15293,1489505,11,26
15294,1963019,10,26
15295,5029170,8,26
15296,4096952,8,26
15297,1948135,9,26
15298,4698568,9,26
15299,2801429,5,26
15300,4971335,7,26
15301,2206774,12,26
15302,3387686,11,26
15303,1042901,9,26
15304,3115492,10,26
15305,2021269,5,26
15306,5299460,5,26
15307,4933263,8,26
15308,3314121,4,26
15309,5470286,4,26
15310,1440856,9,26
15311,879308,4,26
15312,1668151,10,26
15313,70791,10,26
15314,2299074,4,26
15315,1702854,9,26
15316,4817994,7,26
15317,6382915,6,26
15318,4187087,1,26
15319,5567351,3,26
15320,783470,10,26
15321,1876786,5,26
15322,3080241,5,26
15323,300489,8,26
15324,3849448,10,26
15325,409403,4,26
15326,3981732,9,26
15327,5760416,8,26
15328,2615046,4,26
15329,1548438,3,26
15330,5750131,10,26
15331,3318601,8,26
15332,226783,7,26
15333,2808377,9,26
15334,327221,10,26
15335,6468165,12,26
15336,3500325,7,26
15337,5620635,5,26
15338,929009,10,26
15339,846084,10,26
15340,5693249,11,26
15341,2503175,3,26
15342,1457568,10,26
15343,4341519,5,26
15344,3176384,9,26
15345,2444218,5,26
15346,2979332,6,26
15347,1476871,9,26
15348,2520515,5,26
15349,869700,8,26
15350,5051814,9,26
15351,3119531,10,26
15352,4762604,4,26
15353,2546056,1,26
15354,6243813,8,26
15355,3251181,4,26
15356,2174215,9,26
15357,1848740,9,26
15358,173636,1,26
15359,4533233,2,26
15360,4432682,12,26
15361,3609162,10,26
15362,726075,5,26
15363,2823351,9,26
15364,1435454,4,26
15365,5043232,6,26
15366,3516359,1,26
15367,4938704,4,26
15368,2665775,12,26
15369,5897708,4,26
15370,4200998,12,26
15371,3326112,12,26
15372,3741774,10,26
15373,442413,8,26
15374,6109293,12,26
15375,3441769,6,26
15376,4023211,10,26
15377,1502037,5,26
15378,721980,3,26
15379,6089514,11,26
15380,284576,9,26
15381,2199453,12,26
15382,4742921,9,26
15383,3193240,8,26
15384,851058,5,26
15385,6252061,12,26
15386,1305949,10,26
15387,2600201,10,26
15388,1353588,12,26
15389,3128366,3,26
15390,4256808,10,26
15391,4341143,8,26
15392,4834158,12,26
15393,515891,10,26
15394,5387176,9,26
15395,1853837,10,26
15396,1607546,10,26
15397,3785417,4,26
15398,4230691,12,26
15399,3073838,10,26
15400,4540588,9,26
15401,1176263,4,26
15402,3211472,9,26
15403,1330225,3,26
15404,3683554,4,26
15405,3280598,9,26
15406,2857640,9,26
15407,525886,9,26
15408,5231118,9,26
15409,1337333,11,26
15410,4218613,10,26
15411,4377857,1,26
15412,6139191,1,26
15413,3191799,12,26
15414,4123087,9,26
15415,2801432,9,26
15416,1412112,12,26
15417,1915112,10,26
15418,615477,9,26
15419,5620025,9,26
15420,4300060,12,26
15421,4037574,10,26
15422,3602691,7,26
15423,3196901,12,26
15424,1743549,6,26
15425,2538894,10,26
15426,3647072,10,26
15427,3140295,10,26
15428,4445026,9,26
15429,4315327,6,26
15430,420555,9,26
15431,5972691,12,26
15432,5417751,7,26
15433,3133864,12,26
15434,257630,7,26
15435,5092827,5,26
15436,481784,10,26
15437,2960702,11,26
15438,4249393,3,26
15439,4116193,3,26
15440,1635501,9,26
15441,332173,12,26
15442,4306293,5,27
15443,2935945,12,27
15444,721980,12,27
15445,4675474,10,27
15446,6025171,11,27
15447,1928350,4,27
15448,5555762,9,27
15449,3960699,12,27
15450,5573928,6,27
15451,4562275,8,27
15452,3711314,10,27
15453,1965484,3,27
15454,5117688,1,27
15455,2695754,10,27
15456,210007,4,27
15457,4595078,11,27
15458,1782530,6,27
15459,3280598,9,27
15460,2243117,1,27
15461,2974455,4,27
15462,1624071,10,27
15463,992606,10,27
15464,2624061,11,27
15465,1887150,11,27
15466,804492,12,27
15467,1591144,1,27
15468,6053580,10,27
15469,6038241,4,27
15470,3386999,11,27
15471,1278388,12,27
15472,725727,5,27
15473,900847,6,27
15474,1586859,6,27
15475,730883,9,27
15476,1480267,8,27
15477,5093888,9,27
15478,1822213,4,27
15479,479669,11,27
15480,3201009,7,27
15481,2075896,12,27
15482,2999611,11,27
15483,2075459,10,27
15484,3720110,11,27
15485,323596,9,27
15486,838834,4,27
15487,1733752,11,27
15488,6402765,10,27
15489,3066281,5,27
15490,2619388,1,27
15491,5032618,11,27
15492,864024,11,27
15493,2385899,1,27
15494,5620025,2,27
15495,1379352,10,27
15496,2467092,7,27
15497,4486163,12,27
15498,112864,11,27
15499,2876903,7,27
15500,3869947,8,27
15501,1767332,9,27
15502,1828780,3,27
15503,4878946,11,27
15504,5501083,9,27
15505,5409947,10,27
15506,5181912,12,27
15507,5017067,2,27
15508,5117113,1,27
15509,4756460,1,27
15510,1525399,12,27
15511,5300729,6,27
15512,1050344,9,27
15513,1108553,11,27
15514,1516297,5,27
15515,4414025,7,27
15516,5114959,2,27
15517,970403,1,27
15518,1481601,9,27
15519,232866,8,27
15520,549724,5,27
15521,2546056,9,27
15522,5859109,4,27
15523,5611132,12,27
15524,4398979,11,27
15525,3668699,5,27
15526,257630,12,27
15527,3647072,7,27
15528,551119,7,27
15529,6293359,11,27
15530,1217412,1,27
15531,1518278,11,27
15532,6274818,10,27
15533,1641223,12,27
15534,3276609,11,27
15535,3519251,3,27
15536,3347411,1,27
15537,4338389,4,27
15538,53810,10,27
15539,937505,6,27
15540,2702202,1,27
15541,4221359,9,27
15542,6142168,2,27
15543,4273236,12,27
15544,2802233,4,27
15545,4762604,7,27
15546,4419866,9,27
15547,4669998,1,27
15548,1907590,10,27
15549,881824,9,27
15550,5979444,12,27
15551,652536,7,27
15552,1767835,2,27
15553,1923823,8,27
15554,2493923,5,27
15555,3479505,12,27
15556,5801232,6,27
15557,6307456,1,27
15558,5482056,6,27
15559,4649292,6,27
15560,4294205,8,27
15561,627251,9,27
15562,5760416,8,27
15563,1133607,7,27
15564,6243813,6,27
15565,2354590,9,27
15566,4377857,5,27
15567,986245,9,27
15568,1434722,9,27
15569,624973,12,27
15570,461291,9,27
15571,935843,9,27
15572,200655,12,27
15573,3031764,10,27
15574,4906790,12,27
15575,5211818,10,27
15576,2292224,10,27
15577,5301088,11,27
15578,4198862,1,27
15579,3915043,8,27
15580,6419018,9,27
15581,4692350,12,27
15582,4954550,3,27
15583,3200371,11,27
15584,349116,10,27
15585,5823210,12,27
15586,2575423,11,27
15587,5669761,9,27
15588,1255899,9,27
15589,3766745,5,27
15590,5919541,12,27
15591,1578082,9,27
15592,6201831,6,27
15593,1008573,1,27
15594,545309,11,27
15595,548072,11,27
15596,1353588,6,27
15597,995546,4,27
15598,5542285,12,27
15599,4522040,1,27
15600,5719188,12,27
15601,689092,3,27
15602,6497565,8,27
15603,2095514,9,27
15604,3466183,10,27
15605,5736611,9,27
15606,6161670,12,27
15607,974807,8,27
15608,5056667,5,27
15609,4023211,10,27
15610,1780462,12,27
15611,5800939,12,27
15612,5910926,10,27
15613,3209384,5,27
15614,4811868,6,27
15615,2037116,11,27
15616,4766899,11,27
15617,5141311,11,27
15618,1736470,9,27
15619,5273523,6,27
15620,2267460,10,27
15621,205616,8,27
15622,2321644,8,27
15623,4373251,11,27
15624,879802,7,27
15625,354426,1,27
15626,2651726,11,27
15627,2917593,3,27
15628,2481972,12,27
15629,626746,6,27
15630,4069092,11,27
15631,258372,12,27
15632,5604753,3,27
15633,5138416,11,27
15634,929009,11,27
15635,6363590,11,27
15636,2886052,12,27
15637,4978183,11,27
15638,3761473,9,27
15639,1608708,9,27
15640,4804530,11,27
15641,1582805,1,27
15642,856142,11,27
15643,241033,1,27
15644,3291808,9,27
15645,4196256,9,27
15646,4698568,3,27
15647,543404,11,27
15648,6234507,5,27
15649,3981732,9,27
15650,408087,11,27
15651,720199,11,27
15652,1074560,9,27
15653,3149093,10,27
15654,3238282,1,27
15655,666101,4,27
15656,3041516,10,27
15657,2800695,6,27
15658,1198748,9,27
15659,3532006,3,27
15660,5128646,10,27
15661,1369990,7,27
15662,6063653,9,27
15663,2048296,8,27
15664,5824379,4,27
15665,90861,1,27
15666,2280643,9,27
15667,3581894,9,27
15668,4676908,11,27
15669,568358,9,27
15670,1872517,7,27
15671,3573928,9,27
15672,2994614,3,27
15673,248590,7,27
15674,2615046,4,27
15675,2823351,10,27
15676,340069,11,27
15677,5609054,1,27
15678,6076264,1,27
15679,5828659,10,27
15680,282953,12,27
15681,160178,1,27
15682,4750003,5,27
15683,4447780,12,27
15684,1239096,9,27
15685,6140348,9,27
15686,3034964,5,27
15687,4035797,4,27
15688,1684292,7,27
15689,2355641,11,27
15690,715804,12,27
15691,361137,11,27
15692,3169231,4,27
15693,4328101,10,27
15694,1023885,9,27
15695,4768478,1,27
15696,1535805,5,27
15697,2721822,1,27
15698,2626939,10,27
15699,355929,9,27
15700,2726922,6,27
15701,2132674,5,27
15702,6283833,1,27
15703,5480048,11,27
15704,747525,8,27
15705,86668,11,27
15706,538667,9,27
15707,2798056,9,27
15708,640493,1,27
15709,616317,11,27
15710,5884692,1,27
15711,6492339,10,27
15712,3405541,11,27
15713,691666,3,27
15714,219167,4,27
15715,3408244,10,27
15716,3242746,10,27
15717,1848740,12,27
15718,620488,8,27
15719,3885354,1,27
15720,5278086,4,27
15721,1170681,3,27
15722,3520364,11,27
15723,3664863,10,27
15724,5517394,10,27
15725,1076267,9,27
15726,1498587,9,27
15727,4445026,3,27
15728,5745385,11,27
15729,5890238,4,27
15730,4341519,3,27
15731,1866932,3,27
15732,4002671,9,27
15733,4115762,12,27
15734,3042450,10,27
15735,3439036,10,27
15736,6414264,1,27
15737,3805154,6,27
15738,6409773,9,27
15739,5665690,11,27
15740,4774930,7,27
15741,2169998,1,27
15742,4649522,12,27
15743,1788410,12,27
15744,3757651,9,27
15745,3979988,10,27
15746,628513,6,27
15747,1472087,3,27
15748,5749470,4,27
15749,4486176,12,27
15750,3772323,11,27
15751,120895,10,27
15752,5470286,11,27
15753,5082762,6,27
15754,623608,9,27
15755,1492652,5,27
15756,532245,6,27
15757,149826,10,27
15758,3367310,4,27
15759,2141567,2,27
15760,722112,1,27
15761,2661601,1,27
15762,3767759,10,27
15763,6109293,5,27
15764,604116,11,27
15765,5398855,3,27
15766,2366843,10,27
15767,2658470,8,27
15768,380178,5,27
15769,2679500,8,27
15770,2467604,3,27
15771,6346451,4,27
15772,4902409,8,27
15773,2733043,1,27
15774,4955752,4,27
15775,6409109,5,27
15776,1062303,10,27
15777,1713513,8,27
15778,4256808,9,27
15779,695620,10,27
15780,4650862,12,27
15781,3878224,8,27
15782,5958707,3,27
15783,1169697,11,27
15784,3373702,10,27
15785,4378600,6,27
15786,5864344,5,27
15787,3099346,11,27
15788,4169212,12,27
15789,2340935,11,27
15790,950723,3,27
15791,6045114,9,27
15792,4315327,6,27
15793,2710569,8,27
15794,2215156,3,27
15795,820380,11,27
15796,2903444,9,27
15797,2233869,7,27
15798,1288091,9,27
15799,4461899,1,27
15800,628380,5,27
15801,3181873,11,27
15802,5200608,10,27
15803,4031419,10,27
15804,276917,8,27
15805,3734137,1,27
15806,4016707,9,27
15807,2801429,9,27
15808,5078038,2,27
15809,3734181,10,27
15810,4206122,2,27
15811,6394574,12,27
15812,3258791,10,27
15813,5901170,6,27
15814,1088728,9,27
15815,4096952,8,27
15816,4303882,1,27
15817,1476650,12,27
15818,524023,10,27
15819,1052079,2,27
15820,2777068,7,27
15821,5064715,7,27
15822,233700,9,27
15823,3349451,10,27
15824,6320374,1,27
15825,70021,12,27
15826,5434223,8,27
15827,3213014,6,27
15828,4069866,12,27
15829,6332088,12,27
15830,1947283,4,27
15831,1361983,5,27
15832,5553341,6,27
15833,1915474,4,27
15834,1348308,11,27
15835,11947,10,27
15836,1328692,9,27
15837,6109600,1,27
15838,6293977,10,27
15839,646759,10,27
15840,3134456,12,27
15841,5602941,12,27
15842,861924,9,27
15843,1670891,11,27
15844,793889,4,27
15845,6294183,1,27
15846,3589936,5,27
15847,3148259,6,27
15848,4016259,11,27
15849,1581813,11,27
15850,1707847,6,27
15851,1116728,4,27
15852,5344481,12,27
15853,442413,10,27
15854,3948960,6,27
15855,1292434,10,27
15856,715581,9,27
15857,1007557,10,27
15858,6116428,10,27
15859,2561405,10,27
15860,3306386,4,27
15861,1181046,12,27
15862,4279139,5,27
15863,6498060,5,27
15864,1709974,1,27
15865,654526,12,27
15866,5438361,6,27
15867,5084177,11,27
15868,4012484,10,27
15869,4877232,10,27
15870,4979436,1,27
15871,752069,10,27
15872,577938,8,27
15873,1119039,10,27
15874,3031062,12,27
15875,3785417,11,27
15876,261287,11,27
15877,2602360,4,27
15878,1209619,8,27
15879,1938054,12,27
15880,2535103,10,27
15881,2314151,12,27
15882,1560393,2,27
15883,3609162,10,27
15884,4811663,10,27
15885,2529025,3,27
15886,1498384,3,27
15887,5145320,5,27
15888,3466934,9,27
15889,2741667,3,27
15890,3215905,8,27
15891,5628353,6,27
15892,1280583,12,27
15893,69753,9,27
15894,2081509,9,27
15895,1520066,2,27
15896,6335790,12,27
15897,4774901,9,27
15898,4742049,11,27
15899,2823845,10,27
15900,4010321,12,27
15901,5889375,6,27
15902,5061084,12,27
15903,4531987,11,27
15904,1981231,8,27
15905,5285502,11,27
15906,3208964,4,27
15907,5117086,11,27
15908,4723435,1,27
15909,6415310,12,27
15910,4186082,9,27
15911,465449,5,27
15912,2095212,12,27
15913,2088911,11,27
15914,2361002,9,27
15915,16347,6,27
15916,4489912,9,27
15917,6237488,7,27
15918,267470,9,27
15919,3938245,10,27
15920,2987851,10,27
15921,5376171,12,27
15922,4271220,12,27
15923,4926789,5,27
15924,4065354,11,27
15925,3332429,1,27
15926,504294,9,27
15927,1218865,10,27
15928,5897708,10,27
15929,67801,11,27
15930,3400675,8,27
15931,5278046,10,27
15932,4876304,1,27
15933,4166868,7,27
15934,275398,8,27
15935,6292251,1,27
15936,5299460,6,27
15937,47525,11,27
15938,322218,12,27
15939,1950960,4,27
15940,5813169,5,27
15941,4550237,10,27
15942,5270707,10,27
15943,4638791,10,27
15944,4445498,12,27
15945,1954053,10,27
15946,6264046,11,27
15947,3097882,10,27
15948,5095053,9,27
15949,2979332,6,27
15950,3996842,10,27
15951,4811806,10,27
15952,3379725,9,27
15953,1987705,11,27
15954,6450503,8,27
15955,6306655,10,27
15956,6081830,9,27
15957,3557777,1,27
15958,5933997,9,27
15959,4299666,11,27
15960,3514907,9,27
15961,3484551,9,27
15962,321864,9,27
15963,900820,10,27
15964,6195154,7,27
15965,3504983,12,27
15966,1283336,3,27
15967,5903151,11,27
15968,5121473,3,27
15969,6145460,9,27
15970,3176771,1,27
15971,4164611,11,27
15972,2772139,8,27
15973,6432190,1,27
15974,1208299,12,27
15975,3298181,9,27
15976,5171771,9,27
15977,1440856,6,27
15978,5657828,3,27
15979,780759,11,27
15980,2538996,7,27
15981,1456373,9,27
15982,4945064,5,27
15983,2221039,9,27
15984,2570024,1,27
15985,5063803,11,27
15986,6133213,2,27
15987,3053610,3,27
15988,4580752,10,27
15989,2808377,10,27
15990,2464229,3,27
15991,3328385,9,27
15992,3494787,12,27
15993,2712731,12,27
15994,5286269,9,27
15995,4531449,7,27
15996,164576,12,27
15997,2306937,6,27
15998,4729899,11,27
15999,4533233,5,27
16000,592638,1,27
16001,5242669,6,27
16002,5618647,8,27
16003,2506188,3,28
16004,540521,6,28
16005,3479803,12,28
16006,4187064,11,28
16007,173636,9,28
16008,1713513,11,28
16009,2536562,9,28
16010,1532405,12,28
16011,3306386,3,28
16012,5826554,1,28
16013,744576,5,28
16014,4202811,3,28
16015,4450693,10,28
16016,1133660,1,28
16017,3266429,7,28
16018,4608537,7,28
16019,183584,6,28
16020,4283914,9,28
16021,5322054,9,28
16022,1454100,10,28
16023,3547791,12,28
16024,4279139,6,28
16025,6218555,12,28
16026,3994019,10,28
16027,4126815,4,28
16028,4861465,11,28
16029,964643,3,28
16030,2504523,5,28
16031,1334464,9,28
16032,6498060,8,28
16033,5037383,1,28
16034,2179523,10,28
16035,5213417,10,28
16036,2582939,11,28
16037,3938245,9,28
16038,1780462,5,28
16039,2886052,10,28
16040,4029112,6,28
16041,5387176,5,28
16042,2095514,9,28
16043,456508,10,28
16044,992606,11,28
16045,1994055,4,28
16046,6116532,6,28
16047,5084177,6,28
16048,3664863,12,28
16049,5517818,12,28
16050,6133051,4,28
16051,1340663,7,28
16052,3261248,9,28
16053,3809721,8,28
16054,4069866,5,28
16055,4436154,4,28
16056,4438543,3,28
16057,461291,11,28
16058,896326,11,28
16059,2291667,10,28
16060,3720110,10,28
16061,4230691,12,28
16062,6007013,11,28
16063,1259576,5,28
16064,2877249,11,28
16065,2626939,11,28
16066,251665,6,28
16067,3118979,6,28
16068,4046960,12,28
16069,883136,10,28
16070,1048618,6,28
16071,958701,10,28
16072,715581,10,28
16073,5117086,10,28
16074,4408609,3,28
16075,2568682,5,28
16076,5647320,10,28
16077,3309551,1,28
16078,1019515,9,28
16079,6345600,12,28
16080,4464386,8,28
16081,6224351,8,28
16082,5316775,9,28
16083,1853021,12,28
16084,2961118,11,28
16085,3544608,11,28
16086,4716016,11,28
16087,1980430,7,28
16088,1963019,11,28
16089,5522388,10,28
16090,3849448,12,28
16091,4436567,1,28
16092,489476,12,28
16093,6237488,10,28
16094,879802,9,28
16095,3799877,8,28
16096,3385501,10,28
16097,615477,1,28
16098,3207930,12,28
16099,3408244,6,28
16100,4756460,2,28
16101,6442224,10,28
16102,4751692,12,28
16103,907290,11,28
16104,3581894,10,28
16105,3242746,11,28
16106,6089514,11,28
16107,2596330,3,28
16108,5573928,11,28
16109,3767759,2,28
16110,2400836,12,28
16111,2044736,8,28
16112,4461899,5,28
16113,2053229,11,28
16114,1707847,12,28
16115,6133213,6,28
16116,4800441,1,28
16117,4037285,11,28
16118,568358,9,28
16119,730883,9,28
16120,2716644,4,28
16121,563447,3,28
16122,4325514,11,28
16123,4756240,12,28
16124,1496310,9,28
16125,4511528,1,28
16126,320864,7,28
16127,597622,9,28
16128,6463676,11,28
16129,2883981,11,28
16130,5043958,10,28
16131,804492,6,28
16132,2482340,12,28
16133,862154,12,28
16134,5117113,1,28
16135,4319661,9,28
16136,253860,9,28
16137,1742315,5,28
16138,1099697,12,28
16139,2668469,10,28
16140,74449,9,28
16141,4164611,10,28
16142,4971335,11,28
16143,4926789,8,28
16144,1492652,6,28
16145,3260218,12,28
16146,3176443,4,28
16147,5242669,3,28
16148,3298181,8,28
16149,207279,7,28
16150,1535805,5,28
16151,3960699,9,28
16152,994564,4,28
16153,1242243,3,28
16154,5216829,1,28
16155,190629,12,28
16156,4522040,8,28
16157,5103613,9,28
16158,900847,9,28
16159,3616032,6,28
16160,267470,12,28
16161,5947808,5,28
16162,1129583,1,28
16163,1379966,5,28
16164,721980,9,28
16165,5897708,4,28
16166,3509856,9,28
16167,3882679,5,28
16168,6459996,12,28
16169,6014365,6,28
16170,2735309,1,28
16171,3451554,6,28
16172,3388742,10,28
16173,2088911,9,28
16174,3991847,12,28
16175,3057402,12,28
16176,861461,9,28
16177,3347411,12,28
16178,1305099,3,28
16179,3300574,8,28
16180,2264762,10,28
16181,6003919,5,28
16182,1160544,10,28
16183,1853837,10,28
16184,691666,6,28
16185,6095145,6,28
16186,2048750,11,28
16187,1802547,12,28
16188,6053580,11,28
16189,1965484,12,28
16190,257630,12,28
16191,1625319,11,28
16192,3805154,6,28
16193,3956558,6,28
16194,6141157,3,28
16195,5282444,12,28
16196,4181349,10,28
16197,5161997,12,28
16198,479669,10,28
16199,5522433,12,28
16200,3573928,10,28
16201,4489912,12,28
16202,4650862,10,28
16203,4307618,11,28
16204,6476499,12,28
16205,1716912,5,28
16206,587114,1,28
16207,5014041,6,28
16208,3119531,11,28
16209,6495643,6,28
16210,2077786,2,28
16211,5200608,4,28
16212,1480267,9,28
16213,6450503,8,28
16214,5723060,2,28
16215,6300073,9,28
16216,2602668,10,28
16217,2140317,8,28
16218,5170983,1,28
16219,504294,5,28
16220,340069,10,28
16221,4474501,6,28
16222,4116193,4,28
16223,2088391,6,28
16224,2504335,9,28
16225,6394574,10,28
16226,3589936,5,28
16227,4987155,12,28
16228,1278388,10,28
16229,4902409,9,28
16230,6186675,12,28
16231,3623466,10,28
16232,4572884,2,28
16233,6215090,9,28
16234,4060159,8,28
16235,5699908,5,28
16236,6324554,7,28
16237,5611132,9,28
16238,6265486,10,28
16239,6055389,11,28
16240,3973115,12,28
16241,1219153,1,28
16242,5074679,9,28
16243,2223394,6,28
16244,1166643,1,28
16245,246478,1,28
16246,4078620,8,28
16247,750394,4,28
16248,6230111,9,28
16249,4128753,8,28
16250,1886370,7,28
16251,2432288,11,28
16252,587339,12,28
16253,3531670,9,28
16254,1668151,11,28
16255,5005869,4,28
16256,2182146,9,28
16257,5660189,5,28
16258,3519251,11,28
16259,4124260,11,28
16260,1670891,10,28
16261,747525,8,28
16262,4453642,8,28
16263,5042288,10,28
16264,3091735,11,28
16265,4942522,3,28
16266,1828780,9,28
16267,5017067,1,28
16268,1936645,3,28
16269,2366843,9,28
16270,3209384,12,28
16271,3966323,10,28
16272,2340935,11,28
16273,4945064,5,28
16274,5291883,10,28
16275,6160342,6,28
16276,122416,5,28
16277,3543957,4,28
16278,4244448,11,28
16279,5332722,8,28
16280,5553341,5,28
16281,999565,8,28
16282,3425384,1,28
16283,3364479,6,28
16284,5051814,10,28
16285,2538894,12,28
16286,6081830,12,28
16287,6063653,10,28
16288,2075896,10,28
16289,444403,12,28
16290,4620411,8,28
16291,5073558,12,28
16292,5487067,10,28
16293,3564499,5,28
16294,6111761,5,28
16295,2598486,8,28
16296,1578082,9,28
16297,2695516,12,28
16298,5620635,4,28
16299,4303882,9,28
16300,1893959,10,28
16301,475511,12,28
16302,2996936,9,28
16303,722112,1,28
16304,830424,12,28
16305,409212,12,28
16306,2253027,8,28
16307,5679909,7,28
16308,4604988,11,28
16309,1945286,8,28
16310,4152286,10,28
16311,2048296,10,28
16312,4762886,10,28
16313,1161697,6,28
16314,1736091,10,28
16315,2525217,10,28
16316,4419032,7,28
16317,3847300,1,28
16318,2808377,6,28
16319,4878946,12,28
16320,408087,12,28
16321,2702202,1,28
16322,4649292,6,28
16323,846084,9,28
16324,3647072,11,28
16325,3774824,10,28
16326,6244951,12,28
16327,4820880,12,28
16328,2099794,9,28
16329,998703,12,28
16330,2376930,1,28
16331,1458285,11,28
16332,3660597,3,28
16333,6401356,9,28
16334,4329739,10,28
16335,5974410,12,28
16336,4430287,10,28
16337,6167846,10,28
16338,4511502,10,28
16339,3769532,12,28
16340,3847910,8,28
16341,2396282,10,28
16342,1525399,9,28
16343,6233204,5,28
16344,2243117,3,28
16345,3079493,8,28
16346,2479829,10,28
16347,5134676,9,28
16348,6014638,10,28
16349,5741400,6,28
16350,4317171,8,28
16351,1471249,8,28
16352,5773408,11,28
16353,3877388,4,28
16354,4397186,6,28
16355,5480048,9,28
16356,5788746,2,28
16357,1481601,1,28
16358,1246794,9,28
16359,4300060,10,28
16360,4588724,9,28
16361,3438265,6,28
16362,5434223,5,28
16363,1808600,6,28
16364,3718243,12,28
16365,566210,4,28
16366,5555762,1,28
16367,4329184,11,28
16368,4104629,2,28
16369,6343621,10,28
16370,624062,8,28
16371,2421925,12,28
16372,1690961,9,28
16373,2367790,9,28
16374,5660036,1,28
16375,5418915,12,28
16376,4688077,12,28
16377,2169998,1,28
16378,4380439,1,28
16379,2318574,5,28
16380,2999611,11,28
16381,5575237,12,28
16382,4016707,12,28
16383,6044474,11,28
16384,2882854,12,28
16385,4332119,7,28
16386,1697688,10,28
16387,2019954,11,28
16388,2801429,8,28
16389,6498783,6,28
16390,4414025,10,28
16391,4905376,10,28
16392,4002671,12,28
16393,3278097,1,28
16394,1475618,1,28
16395,6106014,12,28
16396,5273523,4,28
16397,3679302,8,28
16398,869700,1,28
16399,3321676,5,28
16400,5032618,4,28
16401,6234507,11,28
16402,2612557,4,28
16403,4613440,11,28
16404,2280643,9,28
16405,3664482,11,28
16406,3924478,1,28
16407,1392204,9,28
16408,4035797,9,28
16409,3311000,10,28
16410,3207481,5,28
16411,2321644,12,28
16412,525886,12,28
16413,6195611,8,28
16414,1601067,9,28
16415,640493,1,28
16416,5852929,3,28
16417,550281,12,28
16418,3978768,10,28
16419,2992096,10,28
16420,4811868,11,28
16421,666101,12,28
16422,545309,8,28
16423,6494381,7,28
16424,1892325,11,28
16425,2493923,5,28
16426,1907590,9,28
16427,5609054,12,28
16428,4200379,12,28
16429,3838853,9,28
16430,4638798,9,28
16431,1950960,12,28
16432,783470,2,28
16433,4548348,10,28
16434,2385325,1,28
16435,4249393,9,28
16436,1835110,12,28
16437,2375423,12,28
16438,226783,11,28
16439,990948,12,28
16440,1866932,7,28
16441,6204758,9,28
16442,3737297,6,28
16443,1518278,9,28
16444,3326112,12,28
16445,4306293,7,28
16446,5039060,10,28
16447,5823210,5,28
16448,1549718,9,28
16449,4627144,12,28
16450,2174215,11,28
16451,321864,8,28
16452,4198862,5,28
16453,513299,2,28
16454,5693249,8,28
16455,2245903,9,28
16456,5628353,6,28
16457,2930815,3,28
16458,3674278,1,28
16459,5791180,11,28
16460,5110405,11,28
16461,3439726,6,28
16462,4290504,2,28
16463,5216004,2,28
16464,2531570,7,28
16465,5141311,9,28
16466,2149609,9,28
16467,1839568,12,28
16468,3616232,5,28
16469,3668699,3,28
16470,3058798,6,28
16471,615346,9,28
16472,4437990,4,28
16473,4424118,9,28
16474,2876903,4,28
16475,2092543,11,28
16476,360708,12,28
16477,6278662,1,28
16478,4680612,9,28
16479,6022405,12,28
16480,4498450,10,28
16481,5103547,1,28
16482,3341089,11,28
16483,276917,11,28
16484,4692350,10,28
16485,97987,11,28
16486,2802233,7,28
16487,275398,7,28
16488,4350985,11,28
16489,2971701,12,28
16490,3400675,6,28
16491,3582609,11,28
16492,4540588,6,28
16493,4522790,3,28
16494,2183844,11,28
16495,1383074,4,28
16496,5376171,12,28
16497,1844757,11,28
16498,1905773,11,28
16499,6157494,9,28
16500,4328101,9,28
16501,3527514,8,28
16502,149949,6,28
16503,3890388,10,28
16504,4192761,12,28
16505,6473281,10,28
16506,1987705,9,28
16507,2658470,2,28
16508,135635,9,28
16509,4248273,10,28
16510,128550,9,28
16511,1191990,11,28
16512,2520051,7,28
16513,5801232,11,28
16514,369293,11,28
16515,1498587,12,28
16516,5043232,12,28
16517,551119,6,28
16518,743790,5,28
16519,4576555,7,28
16520,5760416,8,28
16521,3876788,3,28
16522,2292224,9,28
16523,2102413,1,28
16524,5671861,1,28
16525,3819405,8,28
16526,4419568,10,28
16527,1434990,11,28
16528,5542285,9,28
16529,3149093,12,28
16530,5888115,8,28
16531,6073530,9,28
16532,3852820,12,28
16533,1357167,4,28
16534,5011227,9,28
16535,4338389,4,28
16536,314409,4,28
16537,1923823,11,28
16538,2881730,11,28
16539,1876786,11,28
16540,5663542,8,28
16541,4005757,3,28
16542,6409773,9,28
16543,2326213,12,28
16544,4271220,6,28
16545,2770386,9,28
16546,5860622,11,28
16547,1896272,6,28
16548,3899121,11,28
16549,5425354,12,28
16550,4861276,4,28
16551,3439036,9,28
16552,1767835,2,28
16553,4955752,4,28
16554,5448865,5,28
16555,3086550,4,28
16556,4682119,10,28
16557,4405311,1,28
16558,164576,5,28
16559,2523731,12,28
16560,4398403,1,28
16561,647253,10,28
16562,2196027,9,28
16563,2233869,11,28
16564,524023,12,28
16565,2021269,6,28
16566,3123507,1,28
16567,988019,8,28
16568,4076824,4,28
16569,2772139,4,28
16570,3454553,5,28
16571,5126285,6,28
16572,949475,12,28
16573,6318793,6,28
16574,2605926,9,28
16575,2343504,8,28
16576,1788410,11,28
16577,2533072,11,28
16578,2514905,10,28
16579,4398979,10,28
16580,3349997,11,28
16581,1052079,10,28
16582,4227998,12,28
16583,4056857,6,28
16584,2733043,4,28
16585,5903151,11,28
16586,4580752,11,28
16587,3390004,1,28
16588,5750131,12,28
16589,2110687,10,28
16590,2600201,12,28
16591,861924,11,28
16592,6419018,10,28
16593,4023762,1,28
16594,3889463,12,28
16595,1282976,9,28
16596,5788021,10,29
16597,4436567,2,29
16598,4495752,8,29
16599,989099,11,29
16600,1019515,9,29
16601,4913678,3,29
16602,5890238,4,29
16603,2999442,12,29
16604,2521875,11,29
16605,6350727,10,29
16606,6394574,3,29
16607,461181,10,29
16608,2066791,11,29
16609,4303882,1,29
16610,198332,8,29
16611,3914978,11,29
16612,1918711,9,29
16613,1356423,7,29
16614,6218771,3,29
16615,1532405,7,29
16616,2702202,1,29
16617,47525,6,29
16618,5121473,1,29
16619,6133051,4,29
16620,5864621,9,29
16621,2095212,1,29
16622,435510,10,29
16623,3876788,9,29
16624,3395342,2,29
16625,1233505,7,29
16626,4649522,8,29
16627,2278479,12,29
16628,4400775,9,29
16629,1876570,1,29
16630,2598486,11,29
16631,4623748,8,29
16632,792991,5,29
16633,1757589,8,29
16634,2633483,9,29
16635,2529025,4,29
16636,4719714,1,29
16637,6157494,10,29
16638,896326,8,29
16639,5190723,10,29
16640,2464229,3,29
16641,3285455,11,29
16642,3679148,9,29
16643,5117688,1,29
16644,1980430,9,29
16645,2182912,12,29
16646,5006763,9,29
16647,1625319,6,29
16648,2979332,5,29
16649,2774782,10,29
16650,4489912,9,29
16651,3438265,11,29
16652,5575237,9,29
16653,994564,1,29
16654,3031062,11,29
16655,1923823,8,29
16656,4078620,6,29
16657,1167963,6,29
16658,5300729,6,29
16659,682114,11,29
16660,2612131,1,29
16661,2310047,4,29
16662,6404195,6,29
16663,3449472,11,29
16664,1658533,8,29
16665,4379256,4,29
16666,789183,1,29
16667,1502037,4,29
16668,3127584,12,29
16669,2225686,7,29
16670,5169851,4,29
16671,2267460,12,29
16672,825222,11,29
16673,4135807,6,29
16674,4186082,10,29
16675,4414289,11,29
16676,3769532,5,29
16677,83824,9,29
16678,3191799,6,29
16679,1032639,12,29
16680,2264762,9,29
16681,1409471,12,29
16682,5032618,11,29
16683,524023,8,29
16684,6230111,8,29
16685,2808377,11,29
16686,6293359,12,29
16687,5091774,1,29
16688,2695754,11,29
16689,5470286,6,29
16690,1235751,1,29
16691,4370584,6,29
16692,3454553,5,29
16693,63832,10,29
16694,3408244,10,29
16695,6468161,1,29
16696,2882854,6,29
16697,4290504,9,29
16698,5084127,12,29
16699,3531670,10,29
16700,2609633,9,29
16701,2319160,3,29
16702,3016643,3,29
16703,369293,11,29
16704,4279338,12,29
16705,1808600,7,29
16706,3176443,12,29
16707,2504335,9,29
16708,1052079,7,29
16709,3912753,6,29
16710,5257210,12,29
16711,4540588,12,29
16712,2790450,7,29
16713,4966537,11,29
16714,5082762,4,29
16715,5285502,11,29
16716,4861276,8,29
16717,2772139,10,29
16718,5286269,10,29
16719,3738359,12,29
16720,5628353,6,29
16721,4692350,9,29
16722,4982554,2,29
16723,5376171,9,29
16724,2575423,12,29
16725,4762886,10,29
16726,6018291,1,29
16727,2243660,4,29
16728,3242746,5,29
16729,4905652,1,29
16730,6116532,8,29
16731,2482340,6,29
16732,2661601,5,29
16733,2612557,9,29
16734,1872517,9,29
16735,5611132,8,29
16736,5355476,3,29
16737,4955752,12,29
16738,1948135,10,29
16739,5430423,8,29
16740,5307584,10,29
16741,525886,10,29
16742,46849,7,29
16743,5450314,9,29
16744,2195782,12,29
16745,2298549,1,29
16746,6326937,4,29
16747,5299460,1,29
16748,6492339,11,29
16749,5258601,5,29
16750,4629280,9,29
16751,149949,6,29
16752,696299,8,29
16753,5011227,9,29
16754,5854822,10,29
16755,5439573,10,29
16756,2021269,7,29
16757,2375423,9,29
16758,1218865,10,29
16759,53810,10,29
16760,3097882,11,29
16761,715056,11,29
16762,504294,8,29
16763,5199680,3,29
16764,2917593,2,29
16765,3923276,9,29
16766,2584956,12,29
16767,2881730,10,29
16768,907290,12,29
16769,2120892,12,29
16770,4445026,4,29
16771,495439,11,29
16772,2605926,12,29
16773,3664482,4,29
16774,1518278,10,29
16775,1598724,3,29
16776,4768478,1,29
16777,3489743,9,29
16778,1062303,10,29
16779,6232150,6,29
16780,3880587,5,29
16781,4884154,9,29
16782,3326112,10,29
16783,2236870,11,29
16784,992606,7,29
16785,4483839,11,29
16786,275398,4,29
16787,12872,9,29
16788,5813169,11,29
16789,5529636,2,29
16790,4475738,12,29
16791,320864,9,29
16792,929009,6,29
16793,4037574,10,29
16794,974807,9,29
16795,4012484,10,29
16796,57859,5,29
16797,1486476,1,29
16798,4649292,6,29
16799,4710640,11,29
16800,4318374,8,29
16801,4546275,4,29
16802,2439039,7,29
16803,4419032,6,29
16804,2546056,2,29
16805,46167,8,29
16806,1877759,11,29
16807,3761473,11,29
16808,4928873,10,29
16809,5665690,12,29
16810,1587113,5,29
16811,1933059,12,29
16812,6006958,10,29
16813,6405765,4,29
16814,1684245,10,29
16815,2221039,11,29
16816,5791180,3,29
16817,1379352,8,29
16818,3291808,9,29
16819,6086802,10,29
16820,164576,11,29
16821,879308,8,29
16822,4548348,9,29
16823,1551950,12,29
16824,1631649,10,29
16825,380178,10,29
16826,3106834,12,29
16827,3915043,7,29
16828,2936534,9,29
16829,5029170,10,29
16830,5669761,12,29
16831,3668393,1,29
16832,5933997,12,29
16833,3207481,3,29
16834,6073671,5,29
16835,5214321,10,29
16836,2843297,7,29
16837,2504523,10,29
16838,4410798,12,29
16839,2291667,5,29
16840,3063117,4,29
16841,3647072,10,29
16842,1169198,11,29
16843,1264585,4,29
16844,1516297,5,29
16845,1114578,8,29
16846,4998967,10,29
16847,5760416,6,29
16848,5736611,9,29
16849,3674278,1,29
16850,3208825,1,29
16851,5225090,9,29
16852,2196027,9,29
16853,2374380,10,29
16854,2568915,6,29
16855,3619997,11,29
16856,869424,11,29
16857,691666,3,29
16858,4256808,12,29
16859,3278942,1,29
16860,3484551,9,29
16861,1397901,10,29
16862,3431521,5,29
16863,5270707,10,29
16864,2376930,6,29
16865,4369611,12,29
16866,2615320,2,29
16867,4244448,11,29
16868,2467604,1,29
16869,5039060,10,29
16870,2086516,8,29
16871,4811868,9,29
16872,75212,12,29
16873,3873958,1,29
16874,4945064,5,29
16875,3766745,12,29
16876,1757703,12,29
16877,1176263,11,29
16878,676450,9,29
16879,4319661,12,29
16880,3080241,9,29
16881,3386838,10,29
16882,5117086,1,29
16883,2935945,11,29
16884,5271430,9,29
16885,799022,9,29
16886,893997,12,29
16887,797408,9,29
16888,7366,8,29
16889,330002,7,29
16890,1412895,10,29
16891,5169553,7,29
16892,999565,8,29
16893,6055389,11,29
16894,2434541,4,29
16895,2568682,10,29
16896,2733043,11,29
16897,6155217,4,29
16898,2626939,9,29
16899,3802744,11,29
16900,3721141,3,29
16901,5095053,12,29
16902,1080550,9,29
16903,1198748,10,29
16904,147183,1,29
16905,6214309,10,29
16906,3564499,11,29
16907,4104629,12,29
16908,6473161,9,29
16909,181809,8,29
16910,2184816,7,29
16911,3134456,12,29
16912,615346,9,29
16913,1697688,11,29
16914,360708,8,29
16915,2075896,10,29
16916,3973115,10,29
16917,3424220,9,29
16918,3674968,9,29
16919,5325200,3,29
16920,1405276,11,29
16921,455995,12,29
16922,3698100,4,29
16923,1611812,9,29
16924,4880487,10,29
16925,6469478,9,29
16926,3772323,10,29
16927,3379725,8,29
16928,6382915,9,29
16929,246478,2,29
16930,1690961,10,29
16931,5609054,10,29
16932,1278388,9,29
16933,4128753,12,29
16934,2231374,12,29
16935,5073558,12,29
16936,3494053,12,29
16937,3542408,9,29
16938,5741400,1,29
16939,2473447,9,29
16940,6234002,1,29
16941,5254957,9,29
16942,3079493,3,29
16943,6152769,7,29
16944,620488,3,29
16945,6095145,5,29
16946,1449900,4,29
16947,3748899,8,29
16948,4793432,7,29
16949,2260617,10,29
16950,3960699,6,29
16951,1861508,7,29
16952,2537373,1,29
16953,2536562,10,29
16954,6495643,9,29
16955,71580,7,29
16956,4016259,6,29
16957,4206148,12,29
16958,4430287,10,29
16959,318275,11,29
16960,6032106,10,29
16961,5158533,3,29
16962,2474754,8,29
16963,4227998,12,29
16964,4839595,12,29
16965,4879685,10,29
16966,2095514,12,29
16967,5694553,10,29
16968,472659,11,29
16969,6204758,10,29
16970,2619388,8,29
16971,4069092,9,29
16972,5573928,7,29
16973,2520200,5,29
16974,4385640,11,29
16975,2223394,10,29
16976,779006,10,29
16977,2077125,1,29
16978,1781712,10,29
16979,6439307,12,29
16980,3209384,10,29
16981,227044,4,29
16982,2886052,5,29
16983,4405311,1,29
16984,4766899,9,29
16985,5910926,5,29
16986,4091655,9,29
16987,5167613,10,29
16988,2182146,9,29
16989,3610804,10,29
16990,3176355,3,29
16991,2467092,12,29
16992,5623338,5,29
16993,973777,12,29
16994,4712836,10,29
16995,5311134,12,29
16996,3041516,10,29
16997,2712731,9,29
16998,1161697,8,29
16999,3994019,12,29
17000,4870049,5,29
17001,1582805,10,29
17002,5555762,5,29
17003,4747268,8,29
17004,5012107,4,29
17005,1117104,10,29
17006,6258800,4,29
17007,3631885,11,29
17008,2225061,10,29
17009,1668151,11,29
17010,2321644,11,29
17011,2132674,1,29
17012,551119,9,29
17013,2801429,1,29
17014,1481601,7,29
17015,6234507,10,29
17016,3291591,4,29
17017,2263732,11,29
17018,883136,9,29
17019,5620025,11,29
17020,2791621,1,29
17021,4808473,10,29
17022,577938,10,29
17023,5233125,10,29
17024,988019,9,29
17025,4249393,9,29
17026,5939953,5,29
17027,3892718,6,29
17028,1289518,11,29
17029,3153364,4,29
17030,722112,1,29
17031,2846147,10,29
17032,5444032,8,29
17033,1063698,10,29
17034,4419866,12,29
17035,931734,10,29
17036,5958481,10,29
17037,3509860,7,29
17038,3811720,6,29
17039,1665863,12,29
17040,2253027,9,29
17041,444403,10,29
17042,3498572,9,29
17043,1439327,12,29
17044,276917,10,29
17045,1810856,6,29
17046,4023762,1,29
17047,3711314,10,29
17048,5517818,9,29
17049,6320713,4,29
17050,1684292,11,29
17051,1624071,12,29
17052,5418915,10,29
17053,3869947,9,29
17054,2596330,12,29
17055,2962324,2,29
17056,6059218,1,29
17057,465449,10,29
17058,2243117,1,29
17059,2075459,8,29
17060,2116824,7,29
17061,241033,1,29
17062,4419568,4,29
17063,6198605,9,29
17064,5679909,9,29
17065,205616,1,29
17066,3057402,10,29
17067,6041753,4,29
17068,3357467,5,29
17069,1133660,1,29
17070,1091012,11,29
17071,342011,5,29
17072,1282302,3,29
17073,5663542,8,29
17074,5888215,5,29
17075,4479300,3,29
17076,3773828,9,29
17077,5788497,9,29
17078,1963019,6,29
17079,1601067,12,29
17080,3966323,10,29
17081,3128366,7,29
17082,5116337,10,29
17083,1379966,12,29
17084,879802,10,29
17085,4905376,11,29
17086,1217412,5,29
17087,5135762,9,29
17088,4373251,11,29
17089,1586859,10,29
17090,5953181,9,29
17091,6414264,8,29
17092,3121724,1,29
17093,2994614,4,29
17094,3394393,12,29
17095,5961733,7,29
17096,2961118,11,29
17097,4273236,4,29
17098,2019978,11,29
17099,3479803,11,29
17100,1392204,4,29
17101,2531570,1,29
17102,639772,6,29
17103,1698135,12,29
17104,2514905,9,29
17105,340069,4,29
17106,1383074,1,29
17107,4587958,6,29
17108,898943,3,29
17109,3376328,11,29
17110,6283833,5,29
17111,2497146,2,29
17112,1707519,5,29
17113,2183844,11,29
17114,2400836,5,29
17115,3892112,11,29
17116,3741057,12,29
17117,6463676,10,29
17118,4196256,6,29
17119,3071237,12,29
17120,3632442,4,29
17121,4049449,9,29
17122,5345259,12,29
17123,3635202,8,29
17124,5051814,10,29
17125,5110405,3,29
17126,6307456,1,29
17127,6185141,9,29
17128,1119039,10,29
17129,6243813,7,29
17130,2493923,10,29
17131,4461899,8,29
17132,4528911,10,29
17133,4769999,9,29
17134,3805154,5,29
17135,6148115,9,29
17136,4507715,12,29
17137,2450561,7,29
17138,1346446,12,29
17139,5974410,9,29
17140,2023292,2,29
17141,494341,6,29
17142,63433,9,29
17143,6291326,11,29
17144,1915474,6,29
17145,1429675,2,29
17146,2554663,11,29
17147,1285982,4,29
17148,2343504,11,29
17149,3863882,12,29
17150,2711880,9,29
17151,4187064,10,29
17152,4341519,6,29
17153,3899121,12,29
17154,4329184,9,29
17155,466125,10,29
17156,1443076,12,29
17157,543404,7,29
17158,4742921,9,29
17159,2444218,6,29
17160,4849056,10,29
17161,5446413,9,29
17162,545309,11,29
17163,3152135,11,29
17164,950723,3,29
17165,5106035,9,29
17166,2626971,10,29
17167,4398403,9,29
17168,4433623,5,29
17169,226783,11,29
17170,1907590,10,29
17171,5443557,5,29
17172,855368,5,29
17173,1498384,6,29
17174,3276609,9,29
17175,169490,10,29
17176,487753,6,29
17177,2510668,9,29
17178,1108981,5,29
17179,1933231,12,29
17180,1143013,12,29
17181,518247,8,29
17182,3358839,5,29
17183,2199292,9,29
17184,4248273,4,29
17185,4129015,4,29
17186,1611688,3,29
17187,2302045,9,29
17188,475511,10,29
17189,6063653,9,29
17190,1177663,10,29
17191,3492983,9,29
17192,4650862,12,29
17193,5826554,9,29
17194,4422413,12,29
17195,4005757,4,29
17196,3466934,11,29
17197,4701291,5,29
17198,4511528,10,29
17199,2651726,6,29
17200,2526615,5,29
17201,752834,6,29
17202,4198862,9,29
17203,1486470,5,29
17204,3720110,11,29
17205,4486163,12,29
17206,5439797,11,29
17207,2987851,8,29
17208,88290,10,29
17209,4228535,11,29
17210,4906790,9,29
17211,2777068,10,29
17212,331061,10,29
17213,372660,1,29
17214,3758791,8,29
17215,2716644,10,29
17216,3815837,10,29
17217,3890388,11,29
17218,2385325,1,29
17219,4040489,5,29
17220,4164611,4,29
17221,4588724,11,29
17222,5121237,11,29
17223,3140295,12,29
17224,409258,7,29
17225,3034964,11,29
17226,3115492,8,29
17227,3258903,5,29
17228,3509856,8,29
17229,1776555,10,29
17230,3309551,1,29
17231,5019213,4,29
17232,6473329,6,29
17233,1822213,1,29
17234,6319880,3,29
17235,6215090,12,29
17236,5762286,10,29
17237,683988,10,29
17238,4803505,9,29
17239,4341332,7,29
17240,2258298,7,29
17241,3143429,9,29
17242,587339,8,29
17243,3964138,7,29
17244,696308,12,29
17245,2174215,12,29
17246,5657446,1,29
17247,5565454,10,30
17248,5110405,3,30
17249,4483839,9,30
17250,4025997,8,30
17251,455195,6,30
17252,3669565,1,30
17253,1383074,6,30
17254,1507526,10,30
17255,3468467,5,30
17256,955629,9,30
17257,735318,10,30
17258,3882679,7,30
17259,2943045,10,30
17260,5564655,6,30
17261,5345259,7,30
17262,565606,6,30
17263,1782530,6,30
17264,804492,6,30
17265,4379256,4,30
17266,822090,9,30
17267,2726922,6,30
17268,3581894,11,30
17269,6230111,5,30
17270,4804530,11,30
17271,6148115,5,30
17272,4698568,4,30
17273,5826554,1,30
17274,2568915,6,30
17275,6201831,10,30
17276,5542285,10,30
17277,5287474,10,30
17278,779006,11,30
17279,3213014,11,30
17280,6151658,11,30
17281,1668151,9,30
17282,955831,10,30
17283,4020866,11,30
17284,371874,10,30
17285,2086516,12,30
17286,3677247,9,30
17287,2791203,9,30
17288,2670013,9,30
17289,3857353,12,30
17290,3242746,5,30
17291,715581,9,30
17292,1776555,12,30
17293,2598486,8,30
17294,4032055,8,30
17295,1083651,12,30
17296,4486176,9,30
17297,6007013,12,30
17298,1581813,6,30
17299,2270016,3,30
17300,2772139,9,30
17301,666101,11,30
17302,1882424,9,30
17303,2062416,11,30
17304,3260218,10,30
17305,67801,8,30
17306,1052079,4,30
17307,1641223,8,30
17308,3431018,10,30
17309,2236870,4,30
17310,2679500,4,30
17311,4037574,9,30
17312,1570606,5,30
17313,1193708,2,30
17314,2375423,4,30
17315,1835110,12,30
17316,494341,9,30
17317,1356423,9,30
17318,4592036,10,30
17319,620488,4,30
17320,3176443,6,30
17321,2521875,10,30
17322,3332429,6,30
17323,3584334,12,30
17324,5448865,7,30
17325,4450979,3,30
17326,587339,11,30
17327,5205475,6,30
17328,4319661,11,30
17329,241033,1,30
17330,5704429,9,30
17331,3551213,12,30
17332,3711314,9,30
17333,2376930,9,30
17334,4649292,6,30
17335,3309551,10,30
17336,4206122,12,30
17337,2095212,12,30
17338,2467604,4,30
17339,4762886,11,30
17340,3148259,10,30
17341,5133434,3,30
17342,2410673,9,30
17343,1548438,11,30
17344,5741400,6,30
17345,2462037,10,30
17346,1498384,12,30
17347,2992096,10,30
17348,2883981,4,30
17349,5284217,1,30
17350,3042450,12,30
17351,5298849,6,30
17352,3379725,9,30
17353,3405541,11,30
17354,5322054,9,30
17355,3386838,9,30
17356,4287754,8,30
17357,2520693,12,30
17358,3123507,1,30
17359,887016,11,30
17360,723019,4,30
17361,1818304,1,30
17362,2521155,12,30
17363,5056667,11,30
17364,4303882,9,30
17365,1781712,9,30
17366,4692350,12,30
17367,1582805,7,30
17368,5340613,5,30
17369,3022157,11,30
17370,5304568,11,30
17371,907290,8,30
17372,3685759,10,30
17373,2450075,5,30
17374,3207481,3,30
17375,5200608,4,30
17376,1610686,6,30
17377,4522790,4,30
17378,2424966,11,30
17379,6089514,6,30
17380,4999808,12,30
17381,5996893,10,30
17382,2196027,10,30
17383,4116193,3,30
17384,3973115,11,30
17385,4433623,8,30
17386,6402765,12,30
17387,4422413,10,30
17388,1248537,7,30
17389,5489522,4,30
17390,6236783,4,30
17391,568358,10,30
17392,604116,9,30
17393,5047894,10,30
17394,2463038,9,30
17395,4244448,11,30
17396,4747135,1,30
17397,1707847,12,30
17398,4489912,10,30
17399,5092827,5,30
17400,2520051,9,30
17401,6140348,9,30
17402,3994019,10,30
17403,6324910,10,30
17404,3484551,6,30
17405,2661601,12,30
17406,618684,10,30
17407,2497146,2,30
17408,4653978,8,30
17409,2642336,4,30
17410,3524820,10,30
17411,4104629,8,30
17412,361137,11,30
17413,5679909,8,30
17414,1167963,8,30
17415,83824,8,30
17416,5813169,10,30
17417,2291667,9,30
17418,545309,5,30
17419,1412895,4,30
17420,4928873,3,30
17421,1151729,1,30
17422,4562275,4,30
17423,3298181,10,30
17424,4017723,4,30
17425,1578082,5,30
17426,5037838,9,30
17427,380178,9,30
17428,4436567,2,30
17429,5074679,4,30
17430,5167613,5,30
17431,5211818,10,30
17432,6234002,1,30
17433,2567361,4,30
17434,2668469,9,30
17435,5947090,10,30
17436,172553,12,30
17437,5656384,11,30
17438,6404195,5,30
17439,3439726,11,30
17440,4266518,6,30
17441,6043476,12,30
17442,4979436,9,30
17443,5117113,1,30
17444,5242669,11,30
17445,3425384,1,30
17446,3979562,3,30
17447,2533760,12,30
17448,4620411,10,30
17449,3176771,2,30
17450,4123087,9,30
17451,3815837,9,30
17452,1486476,1,30
17453,4398403,3,30
17454,340069,7,30
17455,6218555,8,30
17456,3726566,6,30
17457,3196901,5,30
17458,3876788,4,30
17459,1690961,10,30
17460,3052981,3,30
17461,5470286,8,30
17462,4756460,1,30
17463,46167,5,30
17464,6198605,12,30
17465,2174215,10,30
17466,498845,11,30
17467,2545502,9,30
17468,3947294,10,30
17469,5584904,3,30
17470,3785417,11,30
17471,5670597,1,30
17472,3438265,10,30
17473,3863882,11,30
17474,5014041,3,30
17475,3725158,3,30
17476,1108981,8,30
17477,6234507,11,30
17478,276917,9,30
17479,3408244,8,30
17480,6185141,8,30
17481,3423875,4,30
17482,1690106,9,30
17483,3498572,10,30
17484,1560393,2,30
17485,2221039,10,30
17486,5141311,8,30
17487,3674968,9,30
17488,3674278,1,30
17489,5313663,10,30
17490,780759,6,30
17491,4430287,6,30
17492,1247932,11,30
17493,5032618,11,30
17494,3978768,10,30
17495,6164510,5,30
17496,6046495,3,30
17497,958701,6,30
17498,626746,6,30
17499,5434223,6,30
17500,3016776,1,30
17501,5300729,6,30
17502,4069092,9,30
17503,4848798,12,30
17504,1114477,3,30
17505,6124549,1,30
17506,2961118,9,30
17507,4595078,12,30
17508,1125899,2,30
17509,3772323,10,30
17510,3410495,9,30
17511,6476499,10,30
17512,6111761,11,30
17513,1976587,1,30
17514,3746090,12,30
17515,4759762,7,30
17516,1498587,10,30
17517,682114,6,30
17518,3479505,9,30
17519,5082762,6,30
17520,1486470,9,30
17521,247995,9,30
17522,4729899,12,30
17523,1346446,10,30
17524,937505,9,30
17525,4196256,6,30
17526,4987155,12,30
17527,2318574,9,30
17528,2568682,5,30
17529,2584956,5,30
17530,1074560,12,30
17531,2141567,2,30
17532,6409773,12,30
17533,1031850,8,30
17534,2179523,9,30
17535,3068688,8,30
17536,6174497,11,30
17537,723299,1,30
17538,5387176,5,30
17539,3331877,1,30
17540,4419866,12,30
17541,63433,8,30
17542,3358839,1,30
17543,614514,11,30
17544,5880356,11,30
17545,4904188,1,30
17546,5039060,9,30
17547,1264585,3,30
17548,3302968,10,30
17549,6063653,9,30
17550,2525217,11,30
17551,442413,10,30
17552,565234,10,30
17553,1042901,11,30
17554,1450284,1,30
17555,5680149,4,30
17556,198332,9,30
17557,282953,7,30
17558,4498450,12,30
17559,1603615,8,30
17560,1382944,3,30
17561,2096562,3,30
17562,5258601,1,30
17563,4032439,5,30
17564,5884692,1,30
17565,5169851,4,30
17566,442047,5,30
17567,2600201,10,30
17568,6055389,12,30
17569,1330225,6,30
17570,5071319,12,30
17571,3016643,7,30
17572,2292224,10,30
17573,5575237,12,30
17574,5573928,8,30
17575,5376171,12,30
17576,6220548,1,30
17577,487753,9,30
17578,3927515,10,30
17579,747525,8,30
17580,1516297,6,30
17581,282435,11,30
17582,4811868,9,30
17583,4105162,11,30
17584,1915474,5,30
17585,6389015,4,30
17586,2633483,10,30
17587,2882854,8,30
17588,1181046,11,30
17589,219167,4,30
17590,3291231,11,30
17591,6186675,9,30
17592,3258903,1,30
17593,4926789,8,30
17594,2469046,9,30
17595,5302715,3,30
17596,2858127,11,30
17597,1950960,11,30
17598,4164611,12,30
17599,1586859,9,30
17600,2432288,12,30
17601,3679148,4,30
17602,995030,12,30
17603,3201009,9,30
17604,1475618,9,30
17605,5689584,4,30
17606,4282015,8,30
17607,5947808,11,30
17608,722112,1,30
17609,1002526,4,30
17610,1649967,3,30
17611,3873958,1,30
17612,180305,5,30
17613,5654262,12,30
17614,4588724,11,30
17615,4461899,5,30
17616,6116428,7,30
17617,1379119,4,30
17618,3668393,9,30
17619,5854822,9,30
17620,2355641,9,30
17621,2881730,11,30
17622,649444,10,30
17623,5152889,5,30
17624,2189795,1,30
17625,654526,9,30
17626,5042288,10,30
17627,5036261,9,30
17628,4379911,4,30
17629,2801432,5,30
17630,1532405,10,30
17631,528415,9,30
17632,3847910,9,30
17633,327873,2,30
17634,4370736,9,30
17635,2791621,4,30
17636,6450503,6,30
17637,6264046,11,30
17638,6473161,11,30
17639,2626939,10,30
17640,2048296,1,30
17641,3541800,10,30
17642,3923276,12,30
17643,6350727,10,30
17644,6073671,8,30
17645,4096952,8,30
17646,2359287,6,30
17647,6045114,12,30
17648,4206148,7,30
17649,4902409,12,30
17650,3498432,11,30
17651,5021903,1,30
17652,2233869,11,30
17653,3683554,4,30
17654,149949,6,30
17655,3168823,9,30
17656,4240552,3,30
17657,5890211,8,30
17658,2575423,12,30
17659,3100855,9,30
17660,57859,11,30
17661,1255899,9,30
17662,2232052,1,30
17663,3142479,2,30
17664,1441176,7,30
17665,3741057,1,30
17666,1828780,5,30
17667,1844757,10,30
17668,2219282,12,30
17669,1965484,11,30
17670,3431364,1,30
17671,2167218,11,30
17672,1305099,5,30
17673,3619997,3,30
17674,6243813,8,30
17675,465449,5,30
17676,491601,4,30
17677,3344933,8,30
17678,3357467,9,30
17679,2626971,5,30
17680,6025171,7,30
17681,2529025,11,30
17682,5679773,5,30
17683,4278874,7,30
17684,623608,9,30
17685,479669,11,30
17686,1088728,12,30
17687,866802,12,30
17688,2058754,6,30
17689,47504,10,30
17690,430539,2,30
17691,273351,11,30
17692,3341409,1,30
17693,5301682,5,30
17694,2046148,6,30
17695,3979630,4,30
17696,5663542,7,30
17697,31246,6,30
17698,6141967,9,30
17699,1810856,8,30
17700,5052475,10,30
17701,5852929,6,30
17702,5713979,4,30
17703,6415310,4,30
17704,3420974,8,30
17705,615346,9,30
17706,883136,6,30
17707,4841726,1,30
17708,5067402,7,30
17709,524023,11,30
17710,1598724,3,30
17711,4436154,4,30
17712,2253027,7,30
17713,6138860,10,30
17714,4955752,3,30
17715,4552528,3,30
17716,934881,12,30
17717,1630886,11,30
17718,5532818,5,30
17719,3091950,10,30
17720,6440036,2,30
17721,2520200,5,30
17722,3086041,4,30
17723,3186913,1,30
17724,3941730,10,30
17725,700612,10,30
17726,1866932,4,30
17727,3280598,9,30
17728,3300574,6,30
17729,1731482,7,30
17730,2639434,9,30
17731,57274,10,30
17732,2712731,5,30
17733,2514905,12,30
17734,2092543,1,30
17735,2887540,3,30
17736,3209384,11,30
17737,1631649,3,30
17738,2506188,1,30
17739,3266429,9,30
17740,5135762,10,30
17741,3543957,1,30
17742,3509856,9,30
17743,3836231,9,30
17744,3306577,6,30
17745,6394574,12,30
17746,4169212,4,30
17747,1063698,10,30
17748,2088911,12,30
17749,47525,10,30
17750,2306937,12,30
17751,191444,11,30
17752,5121473,1,30
17753,1091012,11,30
17754,2184816,9,30
17755,1379352,10,30
17756,3966323,10,30
17757,896326,12,30
17758,420555,11,30
17759,12872,12,30
17760,3509860,11,30
17761,2589079,1,30
17762,1822213,2,30
17763,2940613,9,30
17764,2721822,1,30
17765,2619388,12,30
17766,5050748,12,30
17767,3080241,10,30
17768,2189373,11,30
17769,5199680,12,30
17770,5064715,10,30
17771,2412427,11,30
17772,6233204,4,30
17773,3466934,9,30
17774,4419568,9,30
17775,4298469,12,30
17776,3111026,9,30
17777,4474851,9,30
17778,4751692,9,30
17779,1481601,4,30
17780,193339,12,30
17781,3616032,11,30
17782,74449,11,30
17783,2770386,11,30
17784,3261552,6,30
17785,5660189,5,30
17786,5736611,11,30
17787,2145393,3,30
17788,6459996,9,30
17789,4318647,12,30
17790,1594219,10,30
17791,2182146,11,30
17792,4410798,10,30
17793,818798,11,30
17794,3838853,6,30
17795,3153380,12,30
17796,135635,12,30
17797,5957978,3,30
17798,2169998,3,30
17799,3073838,12,30
17800,4240544,8,30
17801,4192761,9,30
17802,797408,9,30
17803,5623338,11,30
17804,1733752,10,30
17805,69753,10,30
17806,998703,11,30
17807,6133051,3,30
17808,5897708,3,30
17809,2596330,9,30
17810,3504983,9,30
17811,1502504,11,30
17812,2132674,1,30
17813,3221470,9,30
17814,1520066,8,30
17815,4187083,7,30
17816,5145320,3,30
17817,3133864,9,30
17818,1611688,3,30
17819,4338155,6,30
17820,1905773,8,30
17821,1743549,6,30
17822,2225061,12,30
17823,3449472,6,30
17824,5748315,8,30
17825,6319880,5,30
17826,4576555,7,30
17827,409212,9,30
17828,5910926,11,30
17829,1684292,10,30
17830,2348351,8,30
17831,2633965,12,30
17832,2225686,9,30
17833,6343621,8,30
17834,3494053,6,30
17835,1896272,12,30
17836,3311384,1,30
17837,6116532,7,30
17838,900820,12,30
17839,5057857,9,30
17840,3152135,12,30
17841,6370930,4,30
17842,1923823,10,30
17843,3658130,10,30
17844,4350241,9,30
17845,838834,12,30
17846,4861276,4,30
17847,2042603,1,31
17848,353751,10,31
17849,408087,10,31
17850,1570606,8,31
17851,6293359,11,31
17852,3242746,11,31
17853,5657446,1,31
17854,3485712,12,31
17855,2882854,11,31
17856,2219282,10,31
17857,4926789,8,31
17858,3623466,10,31
17859,3431521,10,31
17860,879802,11,31
17861,2233869,6,31
17862,2430360,11,31
17863,1518907,10,31
17864,1736470,2,31
17865,1502851,7,31
17866,5901170,6,31
17867,1208299,11,31
17868,3726566,3,31
17869,2174545,8,31
17870,183584,5,31
17871,5211818,3,31
17872,6459996,9,31
17873,1448576,5,31
17874,2526615,6,31
17875,3632442,3,31
17876,4938157,9,31
17877,6278662,1,31
17878,2506188,3,31
17879,1713513,6,31
17880,1965484,8,31
17881,1379966,8,31
17882,3500325,8,31
17883,3080241,9,31
17884,4747268,9,31
17885,3238282,1,31
17886,2608378,5,31
17887,1247517,10,31
17888,5071319,5,31
17889,3153364,6,31
17890,4762604,12,31
17891,2605926,12,31
17892,3621904,3,31
17893,2545524,1,31
17894,4768478,10,31
17895,3022157,9,31
17896,2366843,9,31
17897,5773408,12,31
17898,2648541,9,31
17899,160178,12,31
17900,5177635,12,31
17901,3403677,9,31
17902,2248119,12,31
17903,3120519,10,31
17904,250780,12,31
17905,2267460,10,31
17906,5522433,8,31
17907,1753067,12,31
17908,2837685,6,31
17909,327221,10,31
17910,3924478,1,31
17911,4375127,9,31
17912,2504335,11,31
17913,4338155,7,31
17914,327873,8,31
17915,5122627,9,31
17916,3024785,3,31
17917,3082413,12,31
17918,1844757,11,31
17919,3038525,5,31
17920,5889375,3,31
17921,2394356,9,31
17922,1776555,9,31
17923,888013,9,31
17924,5037838,9,31
17925,2538894,12,31
17926,6204758,7,31
17927,4577177,4,31
17928,2079266,1,31
17929,5859109,5,31
17930,2469046,3,31
17931,1435454,4,31
17932,2167218,7,31
17933,6106014,11,31
17934,3960699,12,31
17935,5584904,3,31
17936,4803505,8,31
17937,2612131,1,31
17938,3882679,3,31
17939,2355641,9,31
17940,5091774,8,31
17941,6382915,6,31
17942,4998967,9,31
17943,2318574,11,31
17944,4898172,11,31
17945,4485740,12,31
17946,1412112,10,31
17947,3278942,1,31
17948,5660036,6,31
17949,5011227,9,31
17950,4650862,5,31
17951,695620,12,31
17952,988019,9,31
17953,6468161,11,31
17954,1887150,5,31
17955,3298181,10,31
17956,5311134,2,31
17957,6124522,10,31
17958,284383,9,31
17959,5067402,10,31
17960,5170983,1,31
17961,5021903,1,31
17962,1619950,10,31
17963,3741774,6,31
17964,3119531,9,31
17965,5609054,11,31
17966,1379352,12,31
17967,2179523,11,31
17968,726283,9,31
17969,1151729,1,31
17970,883136,11,31
17971,4126815,4,31
17972,147528,11,31
17973,641522,4,31
17974,3859939,11,31
17975,3494787,8,31
17976,1269887,12,31
17977,2517554,8,31
17978,282953,11,31
17979,3564499,7,31
17980,6324554,7,31
17981,2292224,5,31
17982,6227391,12,31
17983,3679148,11,31
17984,3774824,5,31
17985,541336,2,31
17986,3874991,10,31
17987,4987155,6,31
17988,3285455,12,31
17989,3359270,1,31
17990,2877249,12,31
17991,934881,7,31
17992,2670013,4,31
17993,5974410,5,31
17994,1598724,1,31
17995,3280598,10,31
17996,4341299,4,31
17997,3431364,11,31
17998,6473281,5,31
17999,2800695,3,31
18000,1028456,5,31
18001,6111761,9,31
18002,5801232,9,31
18003,4489912,10,31
18004,1169697,11,31
18005,3258791,8,31
18006,3892112,5,31
18007,1114477,7,31
18008,3632712,11,31
18009,3978768,12,31
18010,5665690,12,31
18011,1456373,10,31
18012,3899121,10,31
18013,2612557,10,31
18014,3468467,6,31
18015,6414264,11,31
18016,5012107,12,31
18017,6492339,6,31
18018,2019978,12,31
18019,6370050,12,31
18020,1410672,8,31
18021,3005450,4,31
18022,3589936,4,31
18023,4113128,8,31
18024,6139191,1,31
18025,6116532,4,31
18026,4002726,6,31
18027,4740320,8,31
18028,4025997,11,31
18029,4410798,10,31
18030,4140754,1,31
18031,3949925,9,31
18032,2127915,6,31
18033,4938704,6,31
18034,2253027,7,31
18035,5694553,11,31
18036,172553,9,31
18037,5910926,10,31
18038,1909348,11,31
18039,2075896,9,31
18040,3141073,9,31
18041,4474851,9,31
18042,822090,12,31
18043,1083040,11,31
18044,2651726,10,31
18045,5166644,5,31
18046,3349997,10,31
18047,6403604,9,31
18048,241033,1,31
18049,233960,9,31
18050,5037383,4,31
18051,4049449,3,31
18052,1032639,9,31
18053,1255899,9,31
18054,4192761,8,31
18055,1750655,11,31
18056,792991,9,31
18057,1074560,12,31
18058,2317126,8,31
18059,3381547,10,31
18060,2236870,10,31
18061,1060522,6,31
18062,1151416,9,31
18063,3531670,10,31
18064,1132010,8,31
18065,2260617,4,31
18066,6307718,10,31
18067,4710640,6,31
18068,5542285,10,31
18069,4604988,11,31
18070,6439307,11,31
18071,2846147,9,31
18072,1535805,4,31
18073,2264762,7,31
18074,3364479,6,31
18075,2513542,4,31
18076,5602941,12,31
18077,2344941,11,31
18078,6237488,11,31
18079,1063000,5,31
18080,4608537,12,31
18081,5669761,8,31
18082,4405311,3,31
18083,3889463,6,31
18084,641842,12,31
18085,3527514,12,31
18086,1587138,9,31
18087,973777,5,31
18088,4294205,5,31
18089,47525,6,31
18090,3671215,10,31
18091,2315229,12,31
18092,3112565,10,31
18093,1690961,11,31
18094,6245238,2,31
18095,467625,1,31
18096,5480049,6,31
18097,1709974,7,31
18098,219473,8,31
18099,5888215,5,31
18100,409212,11,31
18101,4527954,4,31
18102,6370930,4,31
18103,2189373,9,31
18104,4719714,1,31
18105,3914978,9,31
18106,2063941,12,31
18107,407501,6,31
18108,180504,5,31
18109,2843464,7,31
18110,3857353,3,31
18111,1821775,3,31
18112,6469478,9,31
18113,4373030,8,31
18114,231659,10,31
18115,1603615,3,31
18116,886242,6,31
18117,1346446,7,31
18118,620488,11,31
18119,3551213,12,31
18120,2586038,12,31
18121,615346,9,31
18122,5714395,12,31
18123,691834,4,31
18124,3489743,9,31
18125,227323,10,31
18126,2215156,8,31
18127,1178870,11,31
18128,3168425,10,31
18129,561619,4,31
18130,3498432,11,31
18131,4623748,5,31
18132,4329184,9,31
18133,696308,6,31
18134,1894044,10,31
18135,937505,9,31
18136,3052981,4,31
18137,5019374,11,31
18138,219167,3,31
18139,1025839,1,31
18140,1191990,10,31
18141,568358,9,31
18142,3809077,7,31
18143,4244448,11,31
18144,861461,7,31
18145,3227039,12,31
18146,855368,9,31
18147,69105,12,31
18148,2757947,3,31
18149,2205017,12,31
18150,2232052,1,31
18151,1282302,4,31
18152,5640462,6,31
18153,1469266,3,31
18154,63433,12,31
18155,3311384,7,31
18156,2302045,10,31
18157,4178173,6,31
18158,2539395,2,31
18159,1288091,9,31
18160,3151070,2,31
18161,5169553,7,31
18162,5742254,5,31
18163,950723,4,31
18164,935843,10,31
18165,3479803,9,31
18166,5284217,6,31
18167,4242838,9,31
18168,4848798,12,31
18169,551119,6,31
18170,1457568,5,31
18171,5145320,9,31
18172,1193708,1,31
18173,5343135,9,31
18174,6445003,3,31
18175,1589302,12,31
18176,3819405,12,31
18177,543404,8,31
18178,5112629,10,31
18179,1810856,6,31
18180,896326,12,31
18181,3784555,9,31
18182,2567361,1,31
18183,812601,11,31
18184,3981732,11,31
18185,2598486,9,31
18186,628380,5,31
18187,3494053,9,31
18188,5699214,9,31
18189,3208964,9,31
18190,435510,8,31
18191,4716016,5,31
18192,5006763,9,31
18193,5117961,11,31
18194,3400675,5,31
18195,5470286,6,31
18196,2905298,12,31
18197,1954053,9,31
18198,487753,9,31
18199,986245,10,31
18200,1176263,12,31
18201,5740378,11,31
18202,1242243,6,31
18203,4279338,9,31
18204,1697688,9,31
18205,2314151,4,31
18206,3785417,3,31
18207,5167613,12,31
18208,1292434,11,31
18209,4371583,3,31
18210,1456382,10,31
18211,1160544,1,31
18212,639772,8,31
18213,2943045,10,31
18214,4587958,12,31
18215,5480048,11,31
18216,2600201,12,31
18217,2974455,4,31
18218,4774971,12,31
18219,3698100,3,31
18220,1119039,8,31
18221,1981231,11,31
18222,4925209,3,31
18223,4277469,9,31
18224,2668469,10,31
18225,11947,6,31
18226,4326237,11,31
18227,4706795,12,31
18228,420555,9,31
18229,624973,10,31
18230,721980,10,31
18231,3395342,6,31
18232,3314374,8,31
18233,2944542,11,31
18234,4649292,6,31
18235,5826554,1,31
18236,4240552,8,31
18237,861924,12,31
18238,4421443,12,31
18239,5376171,11,31
18240,3153380,10,31
18241,3303146,1,31
18242,6324910,11,31
18243,1845543,3,31
18244,3725158,11,31
18245,614514,11,31
18246,3647072,8,31
18247,6350727,3,31
18248,1353588,10,31
18249,5897708,5,31
18250,1601067,12,31
18251,3168823,11,31
18252,3216525,1,31
18253,2278479,5,31
18254,793889,12,31
18255,1217412,5,31
18256,749233,11,31
18257,4115987,9,31
18258,2626971,3,31
18259,1471249,9,31
18260,5880356,12,31
18261,526864,8,31
18262,5135337,10,31
18263,6133051,4,31
18264,4731466,7,31
18265,2536562,9,31
18266,4906790,12,31
18267,5933997,12,31
18268,3341409,1,31
18269,5117113,1,31
18270,998703,11,31
18271,2991105,9,31
18272,4032439,4,31
18273,4861276,3,31
18274,3805154,6,31
18275,4419866,12,31
18276,2521875,10,31
18277,4204065,2,31
18278,3196901,11,31
18279,848582,5,31
18280,3127584,11,31
18281,3071237,6,31
18282,565234,10,31
18283,3186913,3,31
18284,4248273,4,31
18285,4955752,4,31
18286,3386999,8,31
18287,990948,4,31
18288,1331963,5,31
18289,3176443,4,31
18290,3479505,7,31
18291,5020845,3,31
18292,5136040,9,31
18293,4828858,6,31
18294,3711314,9,31
18295,730883,12,31
18296,3260218,10,31
18297,3379725,12,31
18298,1743549,6,31
18299,3209384,5,31
18300,2996334,9,31
18301,3791104,3,31
18302,3934933,7,31
18303,1259576,12,31
18304,1980430,6,31
18305,2568682,3,31
18306,5223564,9,31
18307,4436567,1,31
18308,3149093,8,31
18309,3302968,10,31
18310,1283336,3,31
18311,758615,5,31
18312,6148115,9,31
18313,361137,11,31
18314,5890238,4,31
18315,2772139,8,31
18316,577938,11,31
18317,5418915,11,31
18318,3258903,5,31
18319,2883943,5,31
18320,498845,8,31
18321,1170681,10,31
18322,3492311,9,31
18323,4037574,4,31
18324,181809,11,31
18325,994564,1,31
18326,5287474,5,31
18327,6262854,9,31
18328,2153658,4,31
18329,4928873,11,31
18330,4187064,12,31
18331,5741400,6,31
18332,2450075,1,31
18333,2525217,7,31
18334,5257210,9,31
18335,5301088,7,31
18336,4969125,10,31
18337,1270083,10,31
18338,2808377,3,31
18339,2507895,9,31
18340,2615046,10,31
18341,3337421,1,31
18342,1571369,11,31
18343,226783,11,31
18344,4350241,11,31
18345,1873558,4,31
18346,4729899,6,31
18347,6165827,3,31
18348,4432918,3,31
18349,5623338,12,31
18350,128550,9,31
18351,4479350,10,31
18352,4700467,9,31
18353,481784,6,31
18354,5501083,10,31
18355,4945064,5,31
18356,4256808,11,31
18357,2237249,2,31
18358,5953181,10,31
18359,2633483,10,31
18360,3152135,10,31
18361,804492,8,31
18362,618684,3,31
18363,3207481,7,31
18364,3332429,1,31
18365,4300060,12,31
18366,5903151,10,31
18367,5343249,4,31
18368,1437266,11,31
18369,5121473,10,31
18370,3201009,8,31
18371,6468165,6,31
18372,5092827,12,31
18373,4338389,4,31
18374,4982554,1,31
18375,1853837,10,31
18376,240771,11,31
18377,6032106,9,31
18378,442413,8,31
18379,6476499,10,31
18380,779092,11,31
18381,205616,2,31
18382,1882424,5,31
18383,4069866,6,31
18384,3542408,12,31
18385,594235,9,31
18386,2956344,11,31
18387,1507526,12,31
18388,6252061,9,31
18389,4278874,6,31
18390,5693249,5,31
18391,71580,8,31
18392,4879685,6,31
18393,4206148,11,31
18394,3405541,9,31
18395,691992,12,31
18396,4741690,10,31
18397,5630173,8,31
18398,4164611,3,31
18399,4811663,10,31
18400,3300574,11,31
18401,1305949,9,31
18402,3664482,9,31
18403,3805576,11,31
18404,6014638,10,31
18405,2140317,10,31
18406,5225090,12,31
18407,1928850,10,31
18408,2088911,5,31
18409,3063117,1,31
18410,5958481,6,31
18411,3674278,1,31
18412,1578082,5,31
18413,3798593,12,31
18414,24090,12,31
18415,6182753,7,32
18416,5056667,11,32
18417,568703,11,32
18418,2467092,3,32
18419,4507715,11,32
18420,3238282,1,32
18421,1331963,11,32
18422,3685759,9,32
18423,3152135,7,32
18424,524023,8,32
18425,3347411,9,32
18426,1893959,11,32
18427,3319179,10,32
18428,2514905,9,32
18429,2554663,10,32
18430,5584904,3,32
18431,2668469,9,32
18432,3698100,8,32
18433,5795026,4,32
18434,3032076,6,32
18435,2549404,6,32
18436,5685904,10,32
18437,3314121,11,32
18438,3683554,3,32
18439,5048928,1,32
18440,4698568,6,32
18441,5682977,5,32
18442,2132674,1,32
18443,3638097,12,32
18444,2521875,9,32
18445,1994055,4,32
18446,6233204,10,32
18447,4037574,7,32
18448,4397362,9,32
18449,282435,8,32
18450,1702854,9,32
18451,6492339,12,32
18452,361137,11,32
18453,3836231,9,32
18454,11947,11,32
18455,1754074,8,32
18456,2726922,3,32
18457,5081550,1,32
18458,6382915,6,32
18459,1861508,3,32
18460,1305949,9,32
18461,2676970,4,32
18462,6173579,11,32
18463,2547609,4,32
18464,4489912,12,32
18465,1361983,3,32
18466,5070680,6,32
18467,2278479,12,32
18468,2546056,2,32
18469,1758986,6,32
18470,4032439,6,32
18471,1114477,12,32
18472,1456382,11,32
18473,2152092,1,32
18474,3221470,10,32
18475,231659,10,32
18476,4688077,12,32
18477,1839568,10,32
18478,5654262,6,32
18479,5522433,5,32
18480,1409471,4,32
18481,53810,10,32
18482,12872,12,32
18483,4878946,3,32
18484,3492311,1,32
18485,5233125,10,32
18486,2917593,8,32
18487,628380,11,32
18488,3664482,8,32
18489,6095670,8,32
18490,4433623,9,32
18491,3494053,11,32
18492,3766745,9,32
18493,4319355,1,32
18494,1707847,9,32
18495,6227391,5,32
18496,5145320,5,32
18497,4413193,8,32
18498,4516903,5,32
18499,4762886,11,32
18500,6073530,11,32
18501,3417802,1,32
18502,5464845,11,32
18503,6411555,5,32
18504,1259576,7,32
18505,6300844,9,32
18506,4373030,8,32
18507,2782931,5,32
18508,4689303,12,32
18509,1239096,12,32
18510,4279338,9,32
18511,3504983,12,32
18512,3215905,6,32
18513,3883037,1,32
18514,1866932,11,32
18515,1610017,7,32
18516,691992,10,32
18517,3791212,11,32
18518,4375127,12,32
18519,2716644,6,32
18520,6140348,9,32
18521,647253,11,32
18522,2302045,9,32
18523,1048618,11,32
18524,3038525,9,32
18525,1397901,8,32
18526,4278874,12,32
18527,4938704,5,32
18528,5734273,3,32
18529,1379352,10,32
18530,300086,10,32
18531,5005869,10,32
18532,2179523,9,32
18533,3425934,9,32
18534,3193240,12,32
18535,5760416,4,32
18536,2961118,6,32
18537,2406521,10,32
18538,2169998,1,32
18539,2491263,7,32
18540,4721476,7,32
18541,2877249,11,32
18542,4436567,3,32
18543,3887839,10,32
18544,538667,9,32
18545,1398788,12,32
18546,1713513,10,32
18547,6139191,1,32
18548,3308605,12,32
18549,3208964,6,32
18550,4613440,10,32
18551,6334938,5,32
18552,5660036,2,32
18553,618684,5,32
18554,5161997,12,32
18555,1167963,5,32
18556,3357467,5,32
18557,2223394,11,32
18558,556350,12,32
18559,2538894,12,32
18560,5418915,9,32
18561,6148115,10,32
18562,5933997,9,32
18563,3752851,10,32
18564,2497146,3,32
18565,1884873,10,32
18566,439787,8,32
18567,2366843,11,32
18568,4253187,3,32
18569,4066044,8,32
18570,318275,10,32
18571,4400489,10,32
18572,4419032,5,32
18573,1198748,12,32
18574,4278943,1,32
18575,3664110,10,32
18576,911098,5,32
18577,3073838,7,32
18578,3097882,8,32
18579,1911133,7,32
18580,2353229,2,32
18581,4248273,1,32
18582,1548438,2,32
18583,2846147,10,32
18584,5117961,4,32
18585,3931683,4,32
18586,1441176,12,32
18587,6389015,5,32
18588,176623,10,32
18589,3285455,12,32
18590,592638,1,32
18591,2996334,12,32
18592,4206148,12,32
18593,601943,1,32
18594,2199292,10,32
18595,1810856,11,32
18596,623608,12,32
18597,2991105,10,32
18598,6018291,4,32
18599,4414025,10,32
18600,2243660,12,32
18601,5419861,2,32
18602,430539,1,32
18603,3403677,9,32
18604,4769999,8,32
18605,2243117,1,32
18606,6214309,9,32
18607,4154344,9,32
18608,2355641,9,32
18609,931734,7,32
18610,3524820,5,32
18611,3303146,1,32
18612,5289015,7,32
18613,2084214,7,32
18614,779006,12,32
18615,883136,3,32
18616,6266325,6,32
18617,879802,12,32
18618,3934933,5,32
18619,855368,4,32
18620,1434990,11,32
18621,5745385,8,32
18622,5736629,5,32
18623,5536803,10,32
18624,4562275,9,32
18625,1440856,6,32
18626,526864,8,32
18627,3176355,4,32
18628,4945064,5,32
18629,1393345,8,32
18630,6164510,4,32
18631,442413,8,32
18632,3621921,12,32
18633,481784,10,32
18634,2376930,12,32
18635,1591144,1,32
18636,1876786,11,32
18637,2464229,4,32
18638,5136040,10,32
18639,3311168,5,32
18640,3341089,11,32
18641,6220548,1,32
18642,730883,9,32
18643,755414,3,32
18644,5032618,10,32
18645,3406041,9,32
18646,71852,12,32
18647,3326112,6,32
18648,5470286,6,32
18649,2526615,5,32
18650,691666,5,32
18651,5270707,11,32
18652,5769152,5,32
18653,5922965,9,32
18654,541336,5,32
18655,2561405,9,32
18656,3623681,3,32
18657,1457568,11,32
18658,2282900,11,32
18659,1367335,11,32
18660,2800695,5,32
18661,797408,5,32
18662,380178,9,32
18663,6218771,3,32
18664,5271527,11,32
18665,3265642,4,32
18666,4701051,9,32
18667,626746,9,32
18668,3331877,1,32
18669,6116532,8,32
18670,3302968,12,32
18671,5114959,2,32
18672,1288091,12,32
18673,4329184,10,32
18674,747525,9,32
18675,3498432,12,32
18676,4056857,12,32
18677,750394,10,32
18678,792991,6,32
18679,886242,12,32
18680,3468467,10,32
18681,5355476,4,32
18682,2231374,10,32
18683,3859939,3,32
18684,5211818,9,32
18685,5017067,2,32
18686,568358,12,32
18687,3767759,10,32
18688,46849,1,32
18689,2359287,10,32
18690,2510668,10,32
18691,695620,12,32
18692,4271220,8,32
18693,2568682,6,32
18694,945607,9,32
18695,1063698,10,32
18696,2183844,11,32
18697,214642,11,32
18698,2665775,12,32
18699,812601,9,32
18700,1690106,9,32
18701,4240544,12,32
18702,2092543,10,32
18703,5826554,11,32
18704,6414264,8,32
18705,2451178,10,32
18706,3349997,12,32
18707,1853021,11,32
18708,3266429,9,32
18709,1219434,11,32
18710,355929,11,32
18711,970264,3,32
18712,3068688,9,32
18713,1201660,9,32
18714,4023211,10,32
18715,5126285,6,32
18716,2319160,4,32
18717,1170681,3,32
18718,6463676,9,32
18719,4016269,8,32
18720,4329739,6,32
18721,1008573,3,32
18722,3999790,10,32
18723,3086041,1,32
18724,627367,10,32
18725,5903151,9,32
18726,4942188,10,32
18727,4128753,7,32
18728,3769532,12,32
18729,4638791,12,32
18730,1624071,10,32
18731,3773828,10,32
18732,2649283,12,32
18733,2298803,11,32
18734,1469266,4,32
18735,3075770,11,32
18736,1502851,5,32
18737,354426,4,32
18738,135635,12,32
18739,6293729,4,32
18740,2326213,12,32
18741,261287,3,32
18742,5914534,8,32
18743,3805576,9,32
18744,5152889,5,32
18745,4181349,1,32
18746,4516051,1,32
18747,5859109,4,32
18748,6219913,10,32
18749,5980975,4,32
18750,5057857,9,32
18751,4035891,10,32
18752,696299,10,32
18753,2746361,1,32
18754,2116824,9,32
18755,5021903,1,32
18756,5828659,12,32
18757,1169697,9,32
18758,4325514,10,32
18759,4638798,12,32
18760,5660189,5,32
18761,3249107,3,32
18762,2292224,5,32
18763,4414289,1,32
18764,5258601,12,32
18765,7366,6,32
18766,5630173,8,32
18767,2463038,9,32
18768,404479,9,32
18769,4040489,11,32
18770,3431364,8,32
18771,4821405,5,32
18772,4200998,10,32
18773,3960699,12,32
18774,2728997,5,32
18775,4069092,11,32
18776,696308,6,32
18777,6406438,8,32
18778,2848668,10,32
18779,1601067,9,32
18780,5647320,11,32
18781,4495773,11,32
18782,2721822,1,32
18783,2520693,8,32
18784,5921939,9,32
18785,6116428,9,32
18786,4279139,1,32
18787,5591436,10,32
18788,3300574,4,32
18789,3201009,6,32
18790,3547791,9,32
18791,4805576,10,32
18792,420555,9,32
18793,219473,9,32
18794,3757651,10,32
18795,5432400,11,32
18796,3123507,1,32
18797,1757589,12,32
18798,322218,10,32
18799,6234507,12,32
18800,57274,9,32
18801,3425384,1,32
18802,5736611,11,32
18803,964643,1,32
18804,1887150,11,32
18805,884365,10,32
18806,4898172,11,32
18807,2482340,12,32
18808,3242746,11,32
18809,1270187,9,32
18810,1221322,6,32
18811,948408,6,32
18812,2886052,11,32
18813,624973,11,32
18814,2605926,12,32
18815,4955752,4,32
18816,5992339,10,32
18817,3509856,11,32
18818,3509860,11,32
18819,3885354,4,32
18820,343310,8,32
18821,4710640,8,32
18822,2343504,12,32
18823,2882854,9,32
18824,5106035,11,32
18825,226783,12,32
18826,2982262,12,32
18827,3067775,5,32
18828,1193708,12,32
18829,2582939,9,32
18830,4105162,9,32
18831,4169212,8,32
18832,1905773,5,32
18833,934979,11,32
18834,4728975,6,32
18835,240378,3,32
18836,1292434,10,32
18837,2757947,9,32
18838,3466183,4,32
18839,4369611,10,32
18840,5618647,8,32
18841,3711314,10,32
18842,6204758,11,32
18843,3341409,12,32
18844,6498060,11,32
18845,5169553,7,32
18846,5553341,8,32
18847,6152769,8,32
18848,2961189,7,32
18849,2054613,6,32
18850,284383,3,32
18851,2042603,5,32
18852,628513,6,32
18853,3149093,12,32
18854,4163355,3,32
18855,4747268,12,32
18856,2034452,6,32
18857,276955,11,32
18858,1255899,9,32
18859,955831,10,32
18860,1454100,9,32
18861,3774824,10,32
18862,2712731,7,32
18863,4768478,1,32
18864,1697688,7,32
18865,3581894,12,32
18866,489476,11,32
18867,2225061,1,32
18868,4060159,11,32
18869,3659885,4,32
18870,682114,11,32
18871,3589936,5,32
18872,3679148,12,32
18873,2048296,4,32
18874,4345928,5,32
18875,3609162,3,32
18876,3448211,11,32
18877,5112629,6,32
18878,2189373,8,32
18879,4228535,9,32
18880,3647318,12,32
18881,4479300,3,32
18882,3532006,2,32
18883,1707519,10,32
18884,1724302,6,32
18885,856142,9,32
18886,4404637,9,32
18887,5254957,9,32
18888,6025171,4,32
18889,1276713,9,32
18890,1392204,4,32
18891,1498587,10,32
18892,3278942,1,32
18893,723806,3,32
18894,988019,11,32
18895,2791621,1,32
18896,4762604,7,32
18897,2367350,7,32
18898,3674968,11,32
18899,6262854,9,32
18900,4328101,12,32
18901,5122627,8,32
18902,4902604,11,32
18903,5205475,11,32
18904,3874991,10,32
18905,6402765,12,32
18906,6293359,9,32
18907,147528,8,32
18908,5300729,3,32
18909,3386999,8,32
18910,2979332,6,32
18911,5672165,2,32
18912,5788021,12,32
18913,5800939,5,32
18914,1176263,9,32
18915,4938157,11,32
18916,2584956,11,32
18917,3127584,5,32
18918,990948,3,32
18919,4870049,7,32
18920,5135762,10,32
18921,3726566,5,32
18922,3274135,7,32
18923,4996164,12,32
18924,321864,9,32
18925,1360947,11,32
18926,5609054,9,32
18927,2843464,11,32
18928,806759,11,32
18929,6044474,8,32
18930,3634221,9,32
18931,900847,11,32
18932,2504523,3,32
18933,4649292,4,32
18934,4692350,9,32
18935,3981732,10,32
18936,4227998,12,32
18937,4834638,12,32
18938,3454553,5,32
18939,1315890,10,32
18940,504294,7,32
18941,937505,1,32
18942,139954,10,32
18943,3280598,6,32
18944,2149609,9,32
18945,5748315,5,32
18946,2374380,10,32
18947,5450314,8,32
18948,1050344,11,32
18949,5079397,11,32
18950,6193664,2,32
18951,3647053,8,32
18952,2910586,9,32
18953,1544458,1,32
18954,6355376,10,32
18955,6326937,1,32
18956,885039,10,32
18957,6187285,12,32
18958,4485740,6,32
18959,2575423,12,32
18960,3332429,1,32
18961,4861276,3,32
18962,615346,11,32
18963,4191161,11,32
18964,1480267,11,32
18965,6003919,8,32
18966,5301682,4,32
18967,2141567,1,32
18968,1766448,10,32
18969,1060522,4,32
18970,752834,12,32
18971,5200608,4,32
18972,6081830,10,32
18973,1753067,8,32
18974,2019978,9,32
18975,3298181,10,32
18976,2367790,10,32
18977,1731482,5,32
18978,6032045,7,32
18979,4419568,11,32
18980,2175759,6,32
18981,5135259,4,32
18982,1684245,4,32
18983,5248442,1,32
18984,2184816,9,32
18985,3469095,10,32
18986,2834555,12,32
18987,4198862,1,32
18988,248590,11,32
18989,460677,3,32
18990,1133660,1,32
18991,1520066,9,32
18992,3772323,12,32
18993,825222,8,32
18994,3258903,9,32
18995,83824,12,32
18996,1570606,9,32
18997,2661601,12,32
18998,2263732,9,32
18999,233960,12,32
19000,3889415,12,33
19001,5285502,3,33
19002,3726566,5,33
19003,4522790,4,33
19004,74449,9,33
19005,968860,5,33
19006,3990768,12,33
19007,4129015,4,33
19008,6436107,5,33
19009,4096952,12,33
19010,3227039,10,33
19011,3957000,1,33
19012,2167218,9,33
19013,5254957,6,33
19014,5921939,1,33
19015,4303882,1,33
19016,167634,1,33
19017,3885354,12,33
19018,273351,12,33
19019,1357167,9,33
19020,3616932,8,33
19021,4248273,1,33
19022,5669761,11,33
19023,818798,6,33
19024,4718627,11,33
19025,2182912,8,33
19026,1270083,8,33
19027,2282900,11,33
19028,70117,6,33
19029,3216525,9,33
19030,3326112,10,33
19031,4240544,8,33
19032,4023762,2,33
19033,3720110,9,33
19034,647253,9,33
19035,418930,11,33
19036,5614268,11,33
19037,5438361,10,33
19038,6434508,10,33
19039,5609054,9,33
19040,726075,8,33
19041,3266829,9,33
19042,4266518,10,33
19043,2373712,8,33
19044,3957800,6,33
19045,1781712,1,33
19046,4283914,9,33
19047,5522433,10,33
19048,2514905,9,33
19049,2451178,12,33
19050,4206148,10,33
19051,2132674,7,33
19052,5180533,11,33
19053,3802744,9,33
19054,318275,9,33
19055,460677,6,33
19056,4037574,9,33
19057,2526615,6,33
19058,2482340,10,33
19059,4315327,10,33
19060,1766448,10,33
19061,3974526,7,33
19062,4128766,12,33
19063,1684245,10,33
19064,988019,9,33
19065,4244448,11,33
19066,430539,1,33
19067,1810856,6,33
19068,3647072,12,33
19069,1379352,11,33
19070,5947090,9,33
19071,4206122,10,33
19072,3638097,5,33
19073,1844757,5,33
19074,4945064,7,33
19075,3209384,5,33
19076,6300844,12,33
19077,4091305,9,33
19078,5489522,3,33
19079,5051814,10,33
19080,3208964,11,33
19081,565234,10,33
19082,2554663,10,33
19083,4592315,8,33
19084,2943045,11,33
19085,2327733,6,33
19086,6186675,10,33
19087,5387176,10,33
19088,3153364,4,33
19089,3581894,11,33
19090,5812519,3,33
19091,955629,11,33
19092,5171771,10,33
19093,1330225,9,33
19094,5289015,10,33
19095,2321644,12,33
19096,5922965,12,33
19097,4600578,9,33
19098,1450247,11,33
19099,6008171,9,33
19100,3149093,9,33
19101,3260218,10,33
19102,750891,10,33
19103,4546275,4,33
19104,2710569,8,33
19105,3073838,9,33
19106,2839188,11,33
19107,6492339,10,33
19108,2269053,3,33
19109,5679773,5,33
19110,4122217,10,33
19111,1816354,4,33
19112,3086041,4,33
19113,4487540,11,33
19114,504294,10,33
19115,1665491,9,33
19116,3435750,1,33
19117,6022405,8,33
19118,1980430,8,33
19119,3718243,6,33
19120,5520925,10,33
19121,2626939,12,33
19122,3332429,1,33
19123,5675825,10,33
19124,2561405,12,33
19125,282953,11,33
19126,1013497,3,33
19127,1866932,2,33
19128,6462992,12,33
19129,6343751,10,33
19130,1288091,12,33
19131,3315749,5,33
19132,937505,10,33
19133,70791,10,33
19134,2552034,10,33
19135,1114477,9,33
19136,5121473,1,33
19137,4756240,9,33
19138,1598724,3,33
19139,3966323,10,33
19140,5333794,11,33
19141,1169697,9,33
19142,5699490,9,33
19143,4682150,11,33
19144,5826554,4,33
19145,2141567,10,33
19146,12872,11,33
19147,4762886,10,33
19148,3308605,11,33
19149,149949,6,33
19150,4902604,10,33
19151,4385640,11,33
19152,5273523,1,33
19153,5418915,9,33
19154,4436567,1,33
19155,1176519,3,33
19156,747525,11,33
19157,5006763,10,33
19158,5773408,11,33
19159,2772468,2,33
19160,1929492,1,33
19161,5271527,11,33
19162,5910926,10,33
19163,6014365,4,33
19164,5713979,2,33
19165,2195782,9,33
19166,5169553,12,33
19167,2314151,12,33
19168,4397186,1,33
19169,2366843,12,33
19170,812601,9,33
19171,2679500,1,33
19172,2480002,1,33
19173,5788021,6,33
19174,3664482,10,33
19175,2092543,12,33
19176,1270187,11,33
19177,4377857,1,33
19178,1520066,6,33
19179,2881730,6,33
19180,3847300,1,33
19181,716640,11,33
19182,3524820,7,33
19183,5173938,10,33
19184,6057906,5,33
19185,2179523,12,33
19186,6106014,8,33
19187,276955,8,33
19188,722112,1,33
19189,4577177,4,33
19190,2825544,9,33
19191,3291591,8,33
19192,1170681,4,33
19193,3127584,8,33
19194,5953181,11,33
19195,3753879,9,33
19196,950723,3,33
19197,5169851,3,33
19198,3509860,1,33
19199,6406438,10,33
19200,4350241,10,33
19201,3947294,3,33
19202,1853021,6,33
19203,4296773,1,33
19204,6409773,12,33
19205,3509856,5,33
19206,1665863,10,33
19207,5623338,9,33
19208,715804,9,33
19209,479669,11,33
19210,67801,11,33
19211,6218771,4,33
19212,3024785,11,33
19213,4010321,4,33
19214,5794156,5,33
19215,4710640,11,33
19216,2951889,6,33
19217,5301088,10,33
19218,3785417,11,33
19219,2434541,1,33
19220,4593336,4,33
19221,1398788,9,33
19222,2800695,8,33
19223,372660,11,33
19224,1086492,12,33
19225,4163869,6,33
19226,1204273,8,33
19227,2450075,12,33
19228,3819405,12,33
19229,232866,11,33
19230,2714838,4,33
19231,5656384,8,33
19232,3351762,6,33
19233,284383,4,33
19234,1083651,11,33
19235,3878224,9,33
19236,4878946,12,33
19237,4620411,11,33
19238,233818,11,33
19239,4982554,6,33
19240,3176355,4,33
19241,3207481,3,33
19242,442413,11,33
19243,2757947,12,33
19244,5605789,9,33
19245,4379911,3,33
19246,4200998,5,33
19247,4902409,10,33
19248,1731482,5,33
19249,1437266,10,33
19250,2350437,4,33
19251,5694553,6,33
19252,1502504,12,33
19253,4485740,8,33
19254,2355641,9,33
19255,1340663,10,33
19256,4099040,11,33
19257,5480048,5,33
19258,6353435,6,33
19259,2670013,4,33
19260,1242243,9,33
19261,525886,11,33
19262,4762604,6,33
19263,5719238,11,33
19264,1853837,10,33
19265,4380010,6,33
19266,4719714,1,33
19267,587114,4,33
19268,2690306,9,33
19269,1185399,10,33
19270,2199292,12,33
19271,3669565,12,33
19272,2116824,10,33
19273,3097882,11,33
19274,1911133,1,33
19275,1486470,12,33
19276,5974603,3,33
19277,4566378,11,33
19278,1356423,8,33
19279,5430423,3,33
19280,715056,11,33
19281,1454100,5,33
19282,758615,12,33
19283,5740378,3,33
19284,2023164,3,33
19285,2152092,1,33
19286,1074560,11,33
19287,3466183,11,33
19288,4585969,10,33
19289,6296210,9,33
19290,5719188,10,33
19291,2999611,11,33
19292,3679302,10,33
19293,2174215,9,33
19294,4318647,12,33
19295,6252061,9,33
19296,4373251,5,33
19297,3973115,12,33
19298,3519251,12,33
19299,5958481,12,33
19300,846084,10,33
19301,1979955,11,33
19302,1629880,10,33
19303,2535103,1,33
19304,2936534,9,33
19305,4325514,11,33
19306,1843461,12,33
19307,561619,6,33
19308,1780462,10,33
19309,3558455,12,33
19310,6415310,12,33
19311,4939406,9,33
19312,4031419,10,33
19313,5487067,9,33
19314,4966537,10,33
19315,998703,12,33
19316,5788497,12,33
19317,122416,3,33
19318,4227998,12,33
19319,1601067,10,33
19320,2782931,5,33
19321,6076264,8,33
19322,3201009,6,33
19323,371874,11,33
19324,6116532,8,33
19325,1882424,3,33
19326,5050748,12,33
19327,2233869,10,33
19328,1915474,6,33
19329,1876786,10,33
19330,3805154,6,33
19331,3978768,9,33
19332,16953,1,33
19333,5671861,12,33
19334,401390,12,33
19335,6192304,8,33
19336,3738359,6,33
19337,1443901,12,33
19338,753158,7,33
19339,3052981,4,33
19340,6204758,10,33
19341,4329739,11,33
19342,2999442,4,33
19343,2624982,1,33
19344,180305,6,33
19345,5961733,4,33
19346,3069943,9,33
19347,3258791,7,33
19348,1581813,7,33
19349,3403677,11,33
19350,5864621,12,33
19351,2019954,11,33
19352,169490,5,33
19353,2917593,11,33
19354,5494253,11,33
19355,4820880,6,33
19356,1614232,6,33
19357,1052079,9,33
19358,135635,9,33
19359,3394393,9,33
19360,1586859,10,33
19361,3425934,9,33
19362,694908,1,33
19363,5828659,11,33
19364,6450877,9,33
19365,2758468,7,33
19366,5940589,6,33
19367,6498783,10,33
19368,4308495,12,33
19369,3494787,9,33
19370,4604988,9,33
19371,5079397,1,33
19372,1409471,11,33
19373,6432378,8,33
19374,4271220,9,33
19375,4800441,1,33
19376,275398,9,33
19377,4069866,7,33
19378,5419861,8,33
19379,1702854,10,33
19380,3016776,1,33
19381,6198605,12,33
19382,900847,10,33
19383,1908332,12,33
19384,2415791,9,33
19385,5322054,11,33
19386,4803505,8,33
19387,1761379,11,33
19388,5216829,8,33
19389,898943,6,33
19390,321864,7,33
19391,5866639,4,33
19392,973777,9,33
19393,2510668,12,33
19394,4713670,12,33
19395,6237488,10,33
19396,3725158,9,33
19397,1208299,11,33
19398,342011,2,33
19399,2495289,12,33
19400,1489505,9,33
19401,3674968,12,33
19402,180504,11,33
19403,3417802,4,33
19404,1198748,10,33
19405,5527427,12,33
19406,3193240,3,33
19407,2770386,12,33
19408,5443557,8,33
19409,2084530,3,33
19410,2175759,9,33
19411,3358839,5,33
19412,3915043,9,33
19413,227044,5,33
19414,5042288,11,33
19415,2099794,10,33
19416,2260612,11,33
19417,3520364,10,33
19418,539935,12,33
19419,5529636,1,33
19420,5181912,2,33
19421,6343621,7,33
19422,1821775,5,33
19423,3067775,12,33
19424,2243660,10,33
19425,69105,7,33
19426,250733,3,33
19427,691666,3,33
19428,3769532,10,33
19429,6218555,11,33
19430,1689467,8,33
19431,1560393,10,33
19432,900820,7,33
19433,2695516,7,33
19434,5628353,6,33
19435,879802,11,33
19436,1808600,5,33
19437,3239012,1,33
19438,2271310,6,33
19439,6234507,10,33
19440,1813236,2,33
19441,2464229,4,33
19442,3892718,6,33
19443,5542285,10,33
19444,5067402,1,33
19445,545309,10,33
19446,4827780,7,33
19447,4723435,1,33
19448,3573928,12,33
19449,1448576,5,33
19450,6195611,7,33
19451,6382915,6,33
19452,5600618,4,33
19453,1396298,12,33
19454,5788746,10,33
19455,5064715,5,33
19456,3303146,5,33
19457,3163587,9,33
19458,4834638,7,33
19459,5890211,12,33
19460,990948,4,33
19461,883136,4,33
19462,4430287,10,33
19463,3932316,10,33
19464,3099346,10,33
19465,96036,3,33
19466,5517818,12,33
19467,5268829,10,33
19468,896326,11,33
19469,1392204,3,33
19470,1008573,1,33
19471,5092827,11,33
19472,4516903,4,33
19473,4486176,10,33
19474,739886,6,33
19475,487753,11,33
19476,1248537,10,33
19477,4924190,3,33
19478,5304568,11,33
19479,4955014,12,33
19480,369293,12,33
19481,2533072,9,33
19482,848582,1,33
19483,3788288,6,33
19484,1625319,7,33
19485,5233125,10,33
19486,5992339,9,33
19487,3265642,6,33
19488,5837908,10,33
19489,2846147,7,33
19490,1994055,2,33
19491,1063000,8,33
19492,2533760,10,33
19493,5992356,12,33
19494,2521875,7,33
19495,3979988,8,33
19496,6432190,8,33
19497,4400489,10,33
19498,1002526,10,33
19499,300086,9,33
19500,6152769,4,33
19501,4152286,10,33
19502,5444032,5,33
19503,4400775,12,33
19504,4398403,9,33
19505,5225090,6,33
19506,2236870,12,33
19507,4934328,10,33
19508,2270016,4,33
19509,3494053,8,33
19510,460974,5,33
19511,648293,3,33
19512,4204065,2,33
19513,5167613,9,33
19514,2201478,12,33
19515,3621904,1,33
19516,2536562,10,33
19517,626746,11,33
19518,4375127,9,33
19519,4350815,7,33
19520,5750131,12,33
19521,4472976,4,33
19522,1007797,6,33
19523,4987155,9,33
19524,3196901,11,33
19525,5271430,9,33
19526,6018291,1,33
19527,5851561,1,33
19528,6059218,1,33
19529,3658130,10,33
19530,5199680,12,33
19531,3570636,11,33
19532,4483839,12,33
19533,2088391,10,33
19534,3359270,1,33
19535,1305949,12,33
19536,2649843,6,33
19537,964643,5,33
19538,890618,11,33
19539,4318374,3,33
19540,709060,8,33
19541,5791180,9,33
19542,1535805,4,33
19543,5603595,11,33
19544,5005869,4,33
19545,3133864,9,33
19546,3086550,9,33
19547,1475618,1,33
19548,5665690,8,33
19549,2458642,4,33
19550,2797322,8,33
19551,5376171,12,33
19552,1247517,10,33
19553,475511,11,33
19554,5522388,10,33
19555,2546056,1,33
19556,3373646,6,33
19557,250780,5,33
19558,327221,5,33
19559,1707519,8,33
19560,934881,11,33
19561,4442713,12,33
19562,19889,10,33
19563,3549197,8,33
19564,2680675,8,33
19565,1315890,6,33
19566,1129583,1,33
19567,5278046,1,33
19568,5620025,11,33
19569,5183170,9,33
19570,5670597,3,33
19571,2385899,8,33
19572,4419866,9,33
19573,1434990,5,33
19574,2504523,9,33
19575,1518278,9,33
19576,3741774,12,33
19577,955831,3,33
19578,804492,5,33
19579,2610133,1,33
19580,6450503,5,33
19581,855368,11,33
19582,5723060,1,33
19583,4105162,5,33
19584,4527954,3,33
19585,728683,9,33
19586,3338602,1,33
19587,467625,6,33
19588,931734,12,33
19589,1480267,9,33
19590,654526,11,33
19591,6089514,12,33
19592,5660189,6,33
19593,2971701,12,33
19594,4474851,9,33
19595,5374507,3,33
19596,1548438,4,33
19597,3931683,4,33
19598,5682977,12,33
19599,779006,9,33
19600,5844033,9,33
19601,5584904,3,33
19602,4308495,6,34
19603,624973,10,34
19604,3423875,12,34
19605,4379911,3,34
19606,3402470,4,34
19607,644636,4,34
19608,3386999,7,34
19609,2917593,10,34
19610,4278874,3,34
19611,1905773,11,34
19612,5251619,9,34
19613,6347052,9,34
19614,1841705,4,34
19615,1063698,10,34
19616,3746090,9,34
19617,1042901,12,34
19618,2086516,8,34
19619,455195,6,34
19620,1129583,1,34
19621,3099346,12,34
19622,1454100,11,34
19623,2282900,9,34
19624,5082762,11,34
19625,3141073,9,34
19626,2996936,10,34
19627,1750655,11,34
19628,5565454,10,34
19629,5919160,10,34
19630,3157209,12,34
19631,4202683,7,34
19632,467697,3,34
19633,649444,9,34
19634,332173,9,34
19635,2991105,11,34
19636,3994019,9,34
19637,2106093,6,34
19638,5640462,10,34
19639,4474851,5,34
19640,4421443,3,34
19641,3815837,6,34
19642,1853837,10,34
19643,5138416,10,34
19644,843427,11,34
19645,4204065,12,34
19646,141088,3,34
19647,5794156,1,34
19648,1707519,9,34
19649,691992,5,34
19650,4435947,9,34
19651,4187064,10,34
19652,793889,10,34
19653,1620477,4,34
19654,4759762,1,34
19655,5092827,8,34
19656,2633965,12,34
19657,4527954,4,34
19658,4025997,11,34
19659,825222,6,34
19660,4040489,8,34
19661,3341409,8,34
19662,3337421,10,34
19663,1457568,5,34
19664,1204273,10,34
19665,4200998,5,34
19666,5091774,1,34
19667,233818,1,34
19668,3176443,6,34
19669,504294,12,34
19670,1731482,4,34
19671,2951889,1,34
19672,2741667,9,34
19673,2431580,9,34
19674,2507117,11,34
19675,430539,6,34
19676,2843297,9,34
19677,2149609,9,34
19678,4516903,5,34
19679,3616489,9,34
19680,487753,9,34
19681,6234507,5,34
19682,1463753,11,34
19683,3892718,10,34
19684,278889,6,34
19685,6219105,11,34
19686,57859,12,34
19687,2753239,10,34
19688,1560393,5,34
19689,1469266,9,34
19690,5795026,4,34
19691,700612,8,34
19692,4164611,12,34
19693,2340935,9,34
19694,4397186,8,34
19695,3032076,6,34
19696,1169198,11,34
19697,3359270,1,34
19698,2343504,12,34
19699,2469046,10,34
19700,1635501,4,34
19701,2090137,3,34
19702,6450503,3,34
19703,1404299,9,34
19704,4084986,3,34
19705,3168425,9,34
19706,3888154,5,34
19707,2506188,12,34
19708,4507715,12,34
19709,3957000,1,34
19710,5823210,9,34
19711,241033,1,34
19712,3635202,12,34
19713,1923823,12,34
19714,968860,12,34
19715,5233125,10,34
19716,4576555,6,34
19717,3042656,12,34
19718,6445003,11,34
19719,2791621,1,34
19720,3063117,1,34
19721,641522,1,34
19722,1143013,9,34
19723,2554663,12,34
19724,71580,8,34
19725,3544498,1,34
19726,3518984,12,34
19727,1907726,8,34
19728,1315890,10,34
19729,2248119,9,34
19730,5173938,1,34
19731,3314672,9,34
19732,1151416,12,34
19733,5910926,10,34
19734,1456382,12,34
19735,6406438,11,34
19736,1019515,3,34
19737,4196256,6,34
19738,5694553,7,34
19739,900820,8,34
19740,16347,3,34
19741,3300574,12,34
19742,2298378,1,34
19743,628380,8,34
19744,5810003,1,34
19745,2876903,2,34
19746,2467092,8,34
19747,587339,11,34
19748,864858,9,34
19749,5953181,9,34
19750,6468165,9,34
19751,4701291,9,34
19752,2388471,11,34
19753,898943,11,34
19754,3170715,5,34
19755,2479829,6,34
19756,3889415,4,34
19757,869700,1,34
19758,3509860,9,34
19759,2318574,9,34
19760,361137,11,34
19761,4025929,10,34
19762,3674278,1,34
19763,4928873,11,34
19764,2886052,10,34
19765,5043232,7,34
19766,5037838,6,34
19767,1440856,5,34
19768,4419032,6,34
19769,2567361,7,34
19770,6040429,10,34
19771,3406041,9,34
19772,5501083,10,34
19773,5663542,11,34
19774,1396298,10,34
19775,3193240,10,34
19776,3483942,6,34
19777,709060,10,34
19778,4723435,10,34
19779,3309551,1,34
19780,6245238,2,34
19781,1498384,12,34
19782,4244448,9,34
19783,6415310,8,34
19784,5553341,10,34
19785,1808600,12,34
19786,5522433,5,34
19787,372660,10,34
19788,2291667,9,34
19789,2373712,6,34
19790,5079397,10,34
19791,1518278,7,34
19792,2355641,4,34
19793,1116728,10,34
19794,3767759,7,34
19795,846084,12,34
19796,4240552,12,34
19797,1437266,10,34
19798,1372354,10,34
19799,3779666,11,34
19800,5190723,5,34
19801,2314151,4,34
19802,3632617,6,34
19803,4020866,10,34
19804,2183844,10,34
19805,3142479,8,34
19806,4325514,3,34
19807,1713513,12,34
19808,2467604,4,34
19809,1610686,9,34
19810,3390004,11,34
19811,1535805,5,34
19812,4996164,12,34
19813,4126815,3,34
19814,1007557,11,34
19815,4328101,8,34
19816,327221,9,34
19817,1261236,9,34
19818,4350815,11,34
19819,3127584,10,34
19820,3438265,9,34
19821,3960699,3,34
19822,5032618,11,34
19823,2315229,12,34
19824,6088522,10,34
19825,6053580,9,34
19826,3485712,8,34
19827,2552034,9,34
19828,3541800,6,34
19829,3679148,12,34
19830,2451178,12,34
19831,3524399,10,34
19832,2974455,4,34
19833,721980,5,34
19834,1630886,8,34
19835,2450075,8,34
19836,526864,6,34
19837,4638798,6,34
19838,3836231,12,34
19839,364733,3,34
19840,5517818,1,34
19841,6396862,10,34
19842,6419018,12,34
19843,3408244,1,34
19844,525886,3,34
19845,114813,7,34
19846,2909417,3,34
19847,970403,1,34
19848,3016643,8,34
19849,3118979,4,34
19850,1412112,9,34
19851,3570530,6,34
19852,5117086,9,34
19853,1270187,5,34
19854,243327,12,34
19855,5947090,9,34
19856,6380977,7,34
19857,3547791,9,34
19858,5149816,9,34
19859,2808377,9,34
19860,2668469,3,34
19861,4318374,4,34
19862,1668151,12,34
19863,2633483,10,34
19864,861461,5,34
19865,5764435,11,34
19866,6442224,11,34
19867,726075,9,34
19868,3519251,10,34
19869,1689467,9,34
19870,1893959,9,34
19871,4768773,6,34
19872,3306577,3,34
19873,4604988,12,34
19874,1950960,10,34
19875,4878946,11,34
19876,2605926,9,34
19877,1986065,11,34
19878,6495643,5,34
19879,4035797,3,34
19880,890618,3,34
19881,949506,5,34
19882,3057454,2,34
19883,1613953,3,34
19884,271521,6,34
19885,592638,11,34
19886,2237249,10,34
19887,4601117,5,34
19888,5470286,6,34
19889,5897708,12,34
19890,818798,10,34
19891,2482340,10,34
19892,385617,4,34
19893,1450284,11,34
19894,1822213,4,34
19895,6215090,12,34
19896,3741774,10,34
19897,3298181,12,34
19898,3494787,10,34
19899,1170681,4,34
19900,1695507,10,34
19901,2278479,12,34
19902,2541039,9,34
19903,1788410,8,34
19904,1458285,9,34
19905,5037608,1,34
19906,2732176,5,34
19907,404479,8,34
19908,4373030,11,34
19909,4762886,11,34
19910,4945064,9,34
19911,1486470,11,34
19912,4511502,5,34
19913,592406,5,34
19914,1905381,10,34
19915,2626939,10,34
19916,6133051,4,34
19917,1007797,6,34
19918,4479300,7,34
19919,3924478,11,34
19920,6402765,9,34
19921,1848740,12,34
19922,6243813,3,34
19923,97987,10,34
19924,201823,12,34
19925,3498572,10,34
19926,4924190,10,34
19927,5333794,9,34
19928,3079970,4,34
19929,4861276,6,34
19930,1624071,9,34
19931,1496310,4,34
19932,2182912,8,34
19933,5084127,12,34
19934,6041753,6,34
19935,3977605,6,34
19936,1810856,12,34
19937,6394574,11,34
19938,3115492,11,34
19939,3308605,9,34
19940,5302715,5,34
19941,3990768,9,34
19942,2179523,11,34
19943,752069,11,34
19944,2048750,5,34
19945,879802,9,34
19946,1933231,11,34
19947,1201660,9,34
19948,273351,11,34
19949,6403604,11,34
19950,2201478,6,34
19951,3280598,10,34
19952,257630,11,34
19953,2971701,1,34
19954,4933263,10,34
19955,2106775,6,34
19956,63832,3,34
19957,219473,9,34
19958,4768478,1,34
19959,2327733,6,34
19960,2718335,12,34
19961,75212,7,34
19962,574493,9,34
19963,5675825,12,34
19964,5493355,10,34
19965,5992356,11,34
19966,5974410,12,34
19967,2839188,9,34
19968,3196901,11,34
19969,5313174,11,34
19970,5464741,1,34
19971,2012640,1,34
19972,2929591,10,34
19973,2846147,7,34
19974,205513,9,34
19975,4623748,12,34
19976,3772244,3,34
19977,1758986,3,34
19978,6262854,8,34
19979,5439573,9,34
19980,2292224,10,34
19981,5121473,12,34
19982,992606,10,34
19983,2415791,9,34
19984,2546056,2,34
19985,4870049,10,34
19986,2510668,10,34
19987,3266429,9,34
19988,2434541,1,34
19989,5868558,4,34
19990,949475,10,34
19991,6014638,5,34
19992,911098,12,34
19993,2767754,12,34
19994,2670013,12,34
19995,1097750,4,34
19996,6006958,12,34
19997,5792640,3,34
19998,2121782,12,34
19999,3791104,3,34
20000,2084214,12,34
20001,2432288,11,34
20002,2796050,12,34
20003,2497146,2,34
20004,2877249,10,34
20005,6186675,9,34
20006,4938518,3,34
20007,1198748,10,34
20008,5992937,7,34
20009,2790450,8,34
20010,3351762,8,34
20011,855368,11,34
20012,4206148,6,34
20013,3176355,10,34
20014,5300729,4,34
20015,498845,8,34
20016,5620025,12,34
20017,2853764,11,34
20018,4032439,5,34
20019,5812519,6,34
20020,6498060,11,34
20021,4400489,7,34
20022,1409471,12,34
20023,6204758,5,34
20024,3196145,9,34
20025,5947808,9,34
20026,2120892,12,34
20027,4849432,8,34
20028,1601067,12,34
20029,1314083,8,34
20030,5723060,6,34
20031,1843461,9,34
20032,4351884,9,34
20033,4925209,9,34
20034,5446996,9,34
20035,3516359,1,34
20036,3999976,3,34
20037,88290,10,34
20038,3571583,9,34
20039,1176519,3,34
20040,970264,3,34
20041,2253027,7,34
20042,5489522,4,34
20043,6492339,12,34
20044,3520364,9,34
20045,2735309,1,34
20046,2127915,11,34
20047,2138270,5,34
20048,4438053,9,34
20049,4791266,6,34
20050,1780462,5,34
20051,3201009,8,34
20052,322218,10,34
20053,6292251,1,34
20054,4955752,6,34
20055,5070680,4,34
20056,6148115,11,34
20057,3774824,10,34
20058,2651726,11,34
20059,1193708,12,34
20060,3120519,10,34
20061,2132674,1,34
20062,276955,9,34
20063,275398,4,34
20064,4968406,6,34
20065,5734879,10,34
20066,3479505,10,34
20067,1690106,2,34
20068,1255899,8,34
20069,365836,12,34
20070,5903151,12,34
20071,183584,6,34
20072,3758791,11,34
20073,1828780,4,34
20074,3659885,1,34
20075,4629280,10,34
20076,181809,8,34
20077,4516051,1,34
20078,2575423,12,34
20079,3857353,10,34
20080,5067402,6,34
20081,3431364,9,34
20082,1379352,8,34
20083,6073671,10,34
20084,5381676,9,34
20085,1876570,4,34
20086,6345600,10,34
20087,1981231,11,34
20088,2698630,9,34
20089,3447003,10,34
20090,4191161,11,34
20091,1532405,8,34
20092,3303146,1,34
20093,2092543,10,34
20094,4413193,9,34
20095,3879927,6,34
20096,4234294,3,34
20097,3859939,4,34
20098,5773408,10,34
20099,5682977,10,34
20100,3373646,10,34
20101,6436107,5,34
20102,2723719,8,34
20103,1936645,9,34
20104,5800939,10,34
20105,2298423,11,34
20106,6128090,8,34
20107,2610133,1,34
20108,3905760,11,34
20109,2225686,8,34
20110,3668393,11,34
20111,5213417,2,34
20112,5851561,1,34
20113,5542285,10,34
20114,1367335,4,34
20115,4728975,10,34
20116,2702202,12,34
20117,5826554,11,34
20118,340069,5,34
20119,3403677,12,34
20120,5322054,9,34
20121,5116337,9,34
20122,4450979,3,34
20123,3671215,9,34
20124,6116428,10,34
20125,907290,9,34
20126,1498587,11,34
20127,5699214,10,34
20128,3016776,5,34
20129,91436,12,34
20130,409212,5,34
20131,6059563,11,34
20132,3527514,11,34
20133,4315327,6,34
20134,3802744,11,34
20135,318275,11,34
20136,5760416,7,34
20137,2658470,9,34
20138,797408,10,34
20139,3524820,8,34
20140,4163355,3,34
20141,1050344,10,34
20142,3847300,1,34
20143,4424118,11,34
20144,2122208,12,34
20145,4248273,6,34
20146,4397362,1,34
20147,3451554,6,34
20148,47504,9,34
20149,1361983,6,34
20150,1553396,3,34
20151,3209384,3,34
20152,3753879,10,34
20153,694908,1,34
20154,753158,10,34
20155,842523,12,34
20156,3358839,9,34
20157,1080550,3,34
20158,4080918,5,34
20159,6469478,10,34
20160,5679773,12,34
20161,3213014,9,34
20162,1733752,12,34
20163,5271527,11,34
20164,5434223,6,34
20165,251665,3,34
20166,4486176,9,34
20167,935843,11,34
20168,4379256,3,34
20169,6044474,11,34
20170,4649292,6,34
20171,1379119,1,34
20172,3457443,5,34
20173,2883943,10,34
20174,6230111,9,34
20175,3038525,2,34
20176,4329184,10,34
20177,4432918,12,34
20178,4839836,12,34
20179,4350241,10,34
20180,6266325,11,34
20181,2023292,1,34
20182,862071,1,34
20183,4414289,4,34
20184,3798593,11,35
20185,4105162,12,35
20186,2520515,7,35
20187,5154723,11,35
20188,4528911,11,35
20189,5604503,1,35
20190,3873958,1,35
20191,5699214,10,35
20192,428886,10,35
20193,2167218,12,35
20194,2410673,9,35
20195,2917593,10,35
20196,1928350,4,35
20197,5682977,7,35
20198,1097750,2,35
20199,4786683,3,35
20200,31246,6,35
20201,2088911,10,35
20202,3516524,1,35
20203,2110687,6,35
20204,3987754,10,35
20205,4318374,7,35
20206,504294,7,35
20207,6278108,9,35
20208,4202683,10,35
20209,5675825,8,35
20210,1907590,12,35
20211,2497146,3,35
20212,1456382,9,35
20213,2292303,5,35
20214,4164611,9,35
20215,5443557,9,35
20216,736100,8,35
20217,2019954,8,35
20218,3863882,12,35
20219,5974410,12,35
20220,5333794,11,35
20221,3892112,8,35
20222,4193200,6,35
20223,1782530,6,35
20224,6380977,4,35
20225,271521,12,35
20226,4877232,9,35
20227,696308,6,35
20228,1317300,6,35
20229,725727,4,35
20230,3581894,8,35
20231,640493,1,35
20232,5067402,3,35
20233,2361002,5,35
20234,911098,8,35
20235,4905652,12,35
20236,5795026,6,35
20237,6394574,12,35
20238,6192304,10,35
20239,4398403,9,35
20240,1114477,12,35
20241,3990768,9,35
20242,3779666,10,35
20243,4623748,1,35
20244,6291326,11,35
20245,5630222,2,35
20246,2450075,3,35
20247,5141311,12,35
20248,4271220,6,35
20249,4328101,11,35
20250,5381676,2,35
20251,4968406,6,35
20252,563447,10,35
20253,6473281,9,35
20254,5213417,6,35
20255,6376710,12,35
20256,3275362,1,35
20257,5669761,11,35
20258,353048,9,35
20259,6311140,6,35
20260,4971335,12,35
20261,3153364,4,35
20262,5792640,3,35
20263,935843,9,35
20264,1587138,12,35
20265,1618024,12,35
20266,2624982,1,35
20267,3140295,10,35
20268,2350437,3,35
20269,5719238,11,35
20270,3238282,1,35
20271,3623681,3,35
20272,4307618,8,35
20273,4273236,9,35
20274,4572884,6,35
20275,2507895,5,35
20276,2099794,8,35
20277,5656384,11,35
20278,5056667,9,35
20279,3923276,10,35
20280,318275,11,35
20281,2546056,2,35
20282,5128646,9,35
20283,3021471,5,35
20284,3337421,8,35
20285,2596330,12,35
20286,948408,6,35
20287,2195782,11,35
20288,1330225,10,35
20289,6195611,4,35
20290,5047894,10,35
20291,5190723,12,35
20292,1844757,10,35
20293,539935,9,35
20294,181809,10,35
20295,6334938,1,35
20296,6292251,1,35
20297,6245238,1,35
20298,31546,10,35
20299,949506,5,35
20300,233818,1,35
20301,3659885,2,35
20302,4053938,5,35
20303,5285045,10,35
20304,1986065,10,35
20305,6152769,8,35
20306,2570024,9,35
20307,2034452,12,35
20308,3425384,5,35
20309,1185399,9,35
20310,300086,12,35
20311,5749470,12,35
20312,1404299,9,35
20313,2753239,6,35
20314,1276713,11,35
20315,6139191,1,35
20316,4453642,9,35
20317,2388471,9,35
20318,2132504,10,35
20319,5686912,7,35
20320,1684292,8,35
20321,4192689,9,35
20322,1007797,6,35
20323,481784,10,35
20324,2122208,12,35
20325,3638097,10,35
20326,1496310,9,35
20327,3075770,2,35
20328,3142479,12,35
20329,5258601,1,35
20330,1437266,6,35
20331,1731482,8,35
20332,3869947,10,35
20333,3571583,11,35
20334,3457262,12,35
20335,4955014,12,35
20336,3311000,9,35
20337,2121782,11,35
20338,5947090,9,35
20339,4839843,6,35
20340,2458642,10,35
20341,6052644,12,35
20342,2233869,8,35
20343,4924190,10,35
20344,4078620,10,35
20345,5961733,1,35
20346,3494787,12,35
20347,4400489,4,35
20348,2578191,2,35
20349,3815837,9,35
20350,2774782,3,35
20351,6469478,8,35
20352,4472976,2,35
20353,4256808,9,35
20354,4719714,4,35
20355,251665,10,35
20356,3767759,12,35
20357,3332429,1,35
20358,5713979,2,35
20359,2215156,11,35
20360,6402765,12,35
20361,2579954,4,35
20362,6004919,12,35
20363,3656317,12,35
20364,3621921,10,35
20365,5522433,2,35
20366,1780462,5,35
20367,4204065,2,35
20368,628513,10,35
20369,4625869,3,35
20370,6224351,11,35
20371,3052981,4,35
20372,4414289,10,35
20373,792991,10,35
20374,6014638,10,35
20375,6284810,12,35
20376,5092827,5,35
20377,6343751,8,35
20378,2491609,5,35
20379,4803505,12,35
20380,4638798,9,35
20381,320864,10,35
20382,5743215,11,35
20383,4821405,8,35
20384,835819,10,35
20385,1986764,4,35
20386,3492311,6,35
20387,624973,12,35
20388,6252061,12,35
20389,5609054,9,35
20390,4327875,11,35
20391,4221359,5,35
20392,3616232,10,35
20393,3494053,4,35
20394,5248442,3,35
20395,4126815,1,35
20396,3163587,11,35
20397,5289015,5,35
20398,372660,1,35
20399,3448211,11,35
20400,1427690,3,35
20401,3071237,10,35
20402,3647318,9,35
20403,3785417,10,35
20404,6495643,11,35
20405,641522,1,35
20406,88290,10,35
20407,5376171,11,35
20408,1198748,9,35
20409,3774824,10,35
20410,2236870,4,35
20411,879802,11,35
20412,4091305,11,35
20413,6320713,9,35
20414,3274135,6,35
20415,5750131,9,35
20416,4870049,9,35
20417,4516903,5,35
20418,2533072,11,35
20419,5397313,1,35
20420,5859109,8,35
20421,3498572,10,35
20422,5993732,11,35
20423,6148115,10,35
20424,5828659,11,35
20425,2046148,6,35
20426,5940589,12,35
20427,5300729,1,35
20428,4338155,8,35
20429,3300574,8,35
20430,2319160,3,35
20431,5039060,11,35
20432,6319880,9,35
20433,2263732,10,35
20434,5132104,11,35
20435,5116337,9,35
20436,2434541,1,35
20437,4710640,12,35
20438,1699767,11,35
20439,1690106,10,35
20440,5823210,12,35
20441,4066044,11,35
20442,4564948,5,35
20443,385617,4,35
20444,4360902,1,35
20445,2732176,9,35
20446,2504523,12,35
20447,6165827,4,35
20448,6498783,1,35
20449,5178863,9,35
20450,284383,6,35
20451,3566744,12,35
20452,4435947,11,35
20453,3915043,10,35
20454,2182146,6,35
20455,5694553,8,35
20456,401390,5,35
20457,5634124,1,35
20458,4498450,10,35
20459,4972577,12,35
20460,2668469,12,35
20461,1170681,4,35
20462,1609758,10,35
20463,2196027,10,35
20464,2556918,1,35
20465,5272161,10,35
20466,5063803,9,35
20467,5640462,4,35
20468,2171709,8,35
20469,2608984,7,35
20470,2048296,11,35
20471,2990746,10,35
20472,3186913,1,35
20473,2876903,11,35
20474,3280598,11,35
20475,2567361,11,35
20476,466125,8,35
20477,5268829,10,35
20478,2298423,10,35
20479,2367350,7,35
20480,5307584,9,35
20481,1553396,4,35
20482,822361,6,35
20483,83824,12,35
20484,4209152,6,35
20485,4120263,9,35
20486,3133864,10,35
20487,6324910,12,35
20488,4037285,9,35
20489,4580752,12,35
20490,6473161,5,35
20491,1994055,4,35
20492,735318,6,35
20493,4684875,9,35
20494,5091774,1,35
20495,4540588,4,35
20496,4040489,12,35
20497,198332,10,35
20498,601943,4,35
20499,5006763,3,35
20500,457987,3,35
20501,5910926,9,35
20502,3349222,1,35
20503,4069866,6,35
20504,6486296,8,35
20505,2153658,9,35
20506,937505,10,35
20507,6183821,3,35
20508,1409471,3,35
20509,3438265,11,35
20510,1853837,10,35
20511,479669,12,35
20512,4419568,9,35
20513,2956344,6,35
20514,1758986,8,35
20515,270622,6,35
20516,4839836,12,35
20517,2506188,8,35
20518,1133607,11,35
20519,6439307,10,35
20520,6116532,5,35
20521,3570530,6,35
20522,1665491,9,35
20523,2996334,12,35
20524,1450284,7,35
20525,1331963,6,35
20526,3157209,9,35
20527,1268530,7,35
20528,1586859,8,35
20529,4096952,12,35
20530,1630886,9,35
20531,4450979,4,35
20532,4244448,11,35
20533,2314151,12,35
20534,5868558,3,35
20535,4319355,3,35
20536,4612202,9,35
20537,3948960,10,35
20538,3385501,8,35
20539,5889375,11,35
20540,2355641,12,35
20541,1270187,10,35
20542,3137178,1,35
20543,5736611,12,35
20544,1161697,9,35
20545,591328,8,35
20546,887016,12,35
20547,3847300,1,35
20548,1689467,9,35
20549,1050344,8,35
20550,5591436,10,35
20551,4325514,10,35
20552,2649843,4,35
20553,2199453,10,35
20554,1463753,11,35
20555,5826554,1,35
20556,758615,8,35
20557,1828780,6,35
20558,1458145,10,35
20559,3551213,9,35
20560,5620635,4,35
20561,3752851,3,35
20562,4445026,8,35
20563,1114578,10,35
20564,2535103,7,35
20565,6476499,9,35
20566,3024785,5,35
20567,275398,12,35
20568,3123507,10,35
20569,950723,4,35
20570,2710569,8,35
20571,601769,12,35
20572,5887730,9,35
20573,442413,9,35
20574,2374380,8,35
20575,549724,9,35
20576,3351762,3,35
20577,4627144,12,35
20578,5011227,12,35
20579,1193708,11,35
20580,2077125,1,35
20581,4016269,11,35
20582,5618647,11,35
20583,5482056,8,35
20584,5298849,6,35
20585,2260617,3,35
20586,4037574,8,35
20587,2376930,6,35
20588,3152135,10,35
20589,5271430,7,35
20590,1486476,1,35
20591,5794156,1,35
20592,5584904,4,35
20593,2174545,10,35
20594,2189373,11,35
20595,4507715,10,35
20596,3877388,7,35
20597,5657446,2,35
20598,4759762,2,35
20599,2651726,10,35
20600,648293,10,35
20601,592406,12,35
20602,1270083,8,35
20603,1893959,12,35
20604,3726566,8,35
20605,487753,9,35
20606,1578082,9,35
20607,4025997,12,35
20608,722112,1,35
20609,5050748,12,35
20610,1767332,6,35
20611,5660036,3,35
20612,6300844,12,35
20613,615346,9,35
20614,4350241,9,35
20615,1548438,3,35
20616,945607,9,35
20617,3261552,6,35
20618,5311134,9,35
20619,2306937,10,35
20620,1434990,11,35
20621,5470286,5,35
20622,3341089,11,35
20623,2077665,11,35
20624,2951889,5,35
20625,4999808,9,35
20626,1392204,3,35
20627,2987851,11,35
20628,3722094,12,35
20629,4511502,11,35
20630,1199572,1,35
20631,1119039,8,35
20632,4595078,5,35
20633,4294205,9,35
20634,1412112,10,35
20635,4166868,9,35
20636,6370050,9,35
20637,5257210,9,35
20638,4029112,4,35
20639,5734273,4,35
20640,2843297,12,35
20641,721300,12,35
20642,1707519,9,35
20643,5140999,11,35
20644,3836231,9,35
20645,4755368,8,35
20646,4414025,10,35
20647,5419861,3,35
20648,1841705,7,35
20649,2552034,9,35
20650,2568682,10,35
20651,1492217,1,35
20652,5628353,6,35
20653,6024083,9,35
20654,6045114,12,35
20655,4878946,9,35
20656,3791104,10,35
20657,4979436,7,35
20658,248590,10,35
20659,2270016,4,35
20660,5169214,5,35
20661,2461367,12,35
20662,592638,1,35
20663,5788021,12,35
20664,2796050,9,35
20665,4287754,11,35
20666,5301682,9,35
20667,992606,8,35
20668,4613440,12,35
20669,2602360,9,35
20670,1412878,4,35
20671,676450,9,35
20672,3741057,1,35
20673,2600201,11,35
20674,2092543,10,35
20675,2132674,1,35
20676,2539395,12,35
20677,4914416,5,35
20678,5680149,1,35
20679,2023292,6,35
20680,974807,9,35
20681,1469266,4,35
20682,2782931,5,35
20683,4800441,1,35
20684,3211472,9,35
20685,1405276,11,35
20686,4159777,6,35
20687,744576,11,35
20688,2243660,10,35
20689,460974,3,35
20690,4969125,6,35
20691,4296773,8,35
20692,1125899,8,35
20693,6143606,6,35
20694,74449,10,35
20695,687726,3,35
20696,3500325,5,35
20697,4608537,5,35
20698,418930,5,35
20699,341740,5,35
20700,4945064,5,35
20701,3239456,10,35
20702,5748315,11,35
20703,1911560,10,35
20704,3311168,10,35
20705,5665690,12,35
20706,5005869,1,35
20707,4682119,11,35
20708,2278479,12,35
20709,3303146,1,35
20710,3791212,9,35
20711,3091735,11,35
20712,6220548,1,35
20713,4898172,11,35
20714,1217412,12,35
20715,2626939,10,35
20716,67801,7,35
20717,1945286,1,35
20718,3196901,9,35
20719,2929591,5,35
20720,4140754,1,35
20721,5542285,11,35
20722,4028688,1,35
20723,6257432,11,35
20724,4278874,10,35
20725,6109293,4,35
20726,1518897,1,35
20727,1181046,9,35
20728,1518278,10,35
20729,2633483,10,35
20730,1151416,12,35
20731,71580,4,35
20732,3934933,3,35
20733,3466934,10,35
20734,1641223,8,35
20735,2914343,12,35
20736,715056,11,35
20737,565606,4,35
20738,2575423,10,35
20739,4419866,12,35
20740,2237249,11,35
20741,4996164,6,35
20742,4266518,9,35
20743,3207930,12,35
20744,3711314,10,35
20745,4650862,5,35
20746,6073671,10,35
20747,4902409,12,35
20748,4430287,12,35
20749,5117688,1,35
20750,1892325,11,35
20751,5813169,11,35
20752,5350989,12,35
20753,1839568,10,35
20754,2992096,9,35
20755,2723719,8,35
20756,3632712,9,35
20757,3358839,3,35
20758,2245654,9,35
20759,4432918,9,35
20760,5493355,6,35
20761,4564758,8,35
20762,4706795,6,35
20763,6022405,9,35
20764,3635202,10,35
20765,172553,6,35
20766,1379119,1,35
20767,709060,11,35
20768,2264762,12,35
20769,3994019,10,35
20770,1288091,12,35
20771,1698135,5,35
20772,472659,9,35
20773,6138860,9,35
20774,4240544,6,35
20775,4228535,10,35
20776,973777,8,35
20777,626746,7,35
20778,804492,11,35
20779,1611688,4,35
20780,1933231,8,35
20781,6462992,12,35
20782,1915112,11,35
20783,5183170,10,35
20784,1340663,1,35
20785,4768478,1,35
20786,1280583,7,35
20787,4375127,9,35
20788,4178954,4,35
20789,2602668,9,35
20790,6161670,6,35
20791,2510668,10,35
20792,3973115,6,35
20793,5603595,12,35
20794,2871734,5,35
20795,5313174,7,35
20796,6201831,8,35
20797,1282302,3,35
20798,6008171,9,35
20799,5117961,3,35
20800,5243680,1,35
20801,5788746,11,35
20802,2791203,8,35
20803,683988,9,35
20804,3455235,10,35
20805,6164510,12,36
20806,1596961,6,36
20807,5271527,12,36
20808,5602941,10,36
20809,4838460,7,36
20810,3431521,4,36
20811,1603615,8,36
20812,4902604,5,36
20813,2048750,5,36
20814,709060,5,36
20815,214642,12,36
20816,1609758,10,36
20817,3578507,11,36
20818,4712836,11,36
20819,5116337,9,36
20820,2152092,1,36
20821,4599139,10,36
20822,88290,10,36
20823,5301682,5,36
20824,4198862,7,36
20825,640493,1,36
20826,723019,3,36
20827,4600578,5,36
20828,4651260,5,36
20829,5940589,9,36
20830,3859939,4,36
20831,3494787,10,36
20832,1631649,11,36
20833,4675474,10,36
20834,5672800,7,36
20835,623608,5,36
20836,2791203,11,36
20837,3457262,1,36
20838,1247517,8,36
20839,3042656,10,36
20840,4968406,1,36
20841,3390004,2,36
20842,5860622,4,36
20843,1502504,11,36
20844,4206122,8,36
20845,793889,12,36
20846,3571583,5,36
20847,2058754,6,36
20848,1986764,1,36
20849,475511,11,36
20850,427566,9,36
20851,1076267,2,36
20852,5604503,4,36
20853,4572884,8,36
20854,3887839,8,36
20855,2169998,11,36
20856,6301218,4,36
20857,2575423,12,36
20858,1518278,11,36
20859,4074976,9,36
20860,2406521,9,36
20861,5564655,10,36
20862,2184816,8,36
20863,6133531,1,36
20864,5628353,6,36
20865,4191161,9,36
20866,1861508,10,36
20867,1282976,11,36
20868,804492,8,36
20869,2337536,12,36
20870,986245,9,36
20871,6415310,3,36
20872,3757651,10,36
20873,5284217,1,36
20874,696308,9,36
20875,4500783,6,36
20876,1695507,9,36
20877,3137178,1,36
20878,63433,9,36
20879,3120519,10,36
20880,2846147,10,36
20881,250780,11,36
20882,1928850,12,36
20883,3373646,9,36
20884,2917593,5,36
20885,2385325,9,36
20886,4805576,1,36
20887,1867005,1,36
20888,968860,9,36
20889,4023211,12,36
20890,6492339,6,36
20891,3779666,5,36
20892,2195782,11,36
20893,5092827,4,36
20894,3877388,6,36
20895,2431580,10,36
20896,2271310,10,36
20897,988019,10,36
20898,5961733,10,36
20899,1392204,5,36
20900,4511502,12,36
20901,5682977,9,36
20902,6494381,11,36
20903,196427,1,36
20904,4240552,9,36
20905,5213417,1,36
20906,2626939,10,36
20907,943197,9,36
20908,2935945,12,36
20909,3349222,1,36
20910,998703,11,36
20911,574493,9,36
20912,4002671,9,36
20913,2096562,12,36
20914,5095052,9,36
20915,1340663,1,36
20916,3632230,12,36
20917,4841726,1,36
20918,3878224,6,36
20919,251236,7,36
20920,5345259,8,36
20921,149949,10,36
20922,2903444,11,36
20923,172553,7,36
20924,2457094,9,36
20925,6498060,12,36
20926,541336,1,36
20927,1780462,9,36
20928,2307466,1,36
20929,2291667,12,36
20930,2366892,8,36
20931,2596330,9,36
20932,3669565,9,36
20933,812601,9,36
20934,1853021,9,36
20935,761403,4,36
20936,2375423,9,36
20937,4803505,10,36
20938,3991800,5,36
20939,3079970,1,36
20940,3848705,5,36
20941,1063698,1,36
20942,5605789,9,36
20943,4053938,4,36
20944,128550,1,36
20945,2467604,1,36
20946,4389151,11,36
20947,4485740,1,36
20948,2556918,9,36
20949,3057988,12,36
20950,5618647,6,36
20951,180305,10,36
20952,2670013,4,36
20953,1844757,12,36
20954,4096952,9,36
20955,2495289,7,36
20956,1954053,5,36
20957,3889463,12,36
20958,5307584,5,36
20959,2605926,12,36
20960,2141567,2,36
20961,2223970,2,36
20962,4878946,1,36
20963,2994614,5,36
20964,183584,6,36
20965,460974,5,36
20966,5020845,3,36
20967,1398788,8,36
20968,4922879,9,36
20969,4955752,10,36
20970,2326213,12,36
20971,4435947,11,36
20972,3071237,10,36
20973,5828659,12,36
20974,3978768,12,36
20975,2168548,7,36
20976,647253,10,36
20977,4839595,9,36
20978,4206148,9,36
20979,2633483,10,36
20980,479669,11,36
20981,1469266,5,36
20982,995546,4,36
20983,4037574,9,36
20984,2639434,9,36
20985,2092543,12,36
20986,2430360,10,36
20987,1610686,9,36
20988,1928350,7,36
20989,4130036,11,36
20990,4479300,6,36
20991,4020866,9,36
20992,950723,9,36
20993,2189373,11,36
20994,4522790,5,36
20995,2491263,5,36
20996,332173,6,36
20997,5716200,12,36
20998,6218555,11,36
20999,949475,11,36
21000,2914575,12,36
21001,2568915,6,36
21002,5910926,10,36
21003,4419866,12,36
21004,251665,3,36
21005,4516051,1,36
21006,2310047,4,36
21007,193339,10,36
21008,500859,11,36
21009,973777,8,36
21010,2099794,10,36
21011,2665775,12,36
21012,6495643,12,36
21013,5136040,11,36
21014,5171771,10,36
21015,3642729,2,36
21016,4379911,4,36
21017,3359270,1,36
21018,4187087,8,36
21019,6138860,9,36
21020,3547791,9,36
21021,4546275,3,36
21022,4058245,9,36
21023,318275,8,36
21024,4564758,3,36
21025,1684245,5,36
21026,4535556,10,36
21027,4035797,3,36
21028,2360662,12,36
21029,4023762,1,36
21030,1935756,12,36
21031,4078620,12,36
21032,5448672,10,36
21033,592406,9,36
21034,4123087,12,36
21035,1915112,9,36
21036,4369611,9,36
21037,5183170,12,36
21038,2538894,10,36
21039,4869809,10,36
21040,3631885,10,36
21041,2388471,9,36
21042,1894044,9,36
21043,3133864,6,36
21044,2602668,10,36
21045,5522388,11,36
21046,3266429,10,36
21047,4522040,2,36
21048,380178,5,36
21049,5298849,6,36
21050,716640,5,36
21051,5788021,10,36
21052,349116,12,36
21053,4380439,10,36
21054,5647320,9,36
21055,3438265,12,36
21056,218369,8,36
21057,4242838,6,36
21058,3519251,11,36
21059,4700467,10,36
21060,4253187,9,36
21061,2081509,12,36
21062,4774930,3,36
21063,3516359,1,36
21064,1472087,12,36
21065,2607591,5,36
21066,5358538,4,36
21067,5826554,3,36
21068,96036,3,36
21069,4308495,10,36
21070,1369990,1,36
21071,1587138,6,36
21072,1486476,9,36
21073,4933263,4,36
21074,1532405,9,36
21075,2317126,12,36
21076,6469478,10,36
21077,862071,1,36
21078,2658470,1,36
21079,1915474,6,36
21080,5520467,7,36
21081,1066929,9,36
21082,3741774,11,36
21083,2014263,2,36
21084,779092,12,36
21085,3449472,12,36
21086,5656384,8,36
21087,5699214,10,36
21088,6183821,6,36
21089,2140317,6,36
21090,931734,9,36
21091,5095053,4,36
21092,4701291,9,36
21093,4122217,7,36
21094,861924,11,36
21095,776469,9,36
21096,1994055,4,36
21097,587339,6,36
21098,1471249,12,36
21099,5285045,10,36
21100,1285982,10,36
21101,1670891,9,36
21102,3885354,1,36
21103,5750131,11,36
21104,3163587,10,36
21105,4296773,1,36
21106,1884873,11,36
21107,3516524,1,36
21108,1002526,6,36
21109,2057971,11,36
21110,4116193,10,36
21111,3815837,10,36
21112,848582,4,36
21113,472659,11,36
21114,4450979,5,36
21115,2148461,9,36
21116,4060159,11,36
21117,4925209,5,36
21118,2132674,1,36
21119,5322054,12,36
21120,2106775,11,36
21121,1892325,3,36
21122,2042603,1,36
21123,970264,3,36
21124,3570530,12,36
21125,2507117,10,36
21126,1853837,8,36
21127,2444218,4,36
21128,6116532,12,36
21129,992606,10,36
21130,5689584,3,36
21131,2292303,5,36
21132,5742254,2,36
21133,409258,12,36
21134,6318793,12,36
21135,2651726,11,36
21136,747814,9,36
21137,5039060,7,36
21138,3176443,7,36
21139,937505,11,36
21140,4934328,8,36
21141,3504983,5,36
21142,1782530,5,36
21143,1242243,12,36
21144,4729899,9,36
21145,5680149,1,36
21146,1808600,10,36
21147,2450075,10,36
21148,504294,7,36
21149,6320713,5,36
21150,1766448,12,36
21151,1947283,6,36
21152,2974455,4,36
21153,5972691,12,36
21154,990948,1,36
21155,4604988,12,36
21156,3728627,3,36
21157,1282302,1,36
21158,5769152,9,36
21159,721300,12,36
21160,4080918,5,36
21161,4975631,8,36
21162,2390937,6,36
21163,205513,12,36
21164,5890211,9,36
21165,2991105,10,36
21166,4056733,10,36
21167,4040489,11,36
21168,2253027,5,36
21169,3987754,7,36
21170,1074560,10,36
21171,275398,7,36
21172,4839836,12,36
21173,3016643,11,36
21174,1235751,1,36
21175,4056857,12,36
21176,4373030,8,36
21177,1965484,8,36
21178,6079324,1,36
21179,6128090,10,36
21180,460774,11,36
21181,783470,2,36
21182,5121473,4,36
21183,4042491,9,36
21184,2971701,5,36
21185,6284810,9,36
21186,5439573,10,36
21187,5734879,12,36
21188,696299,1,36
21189,5464845,5,36
21190,5859994,3,36
21191,1736470,1,36
21192,4965003,4,36
21193,970403,1,36
21194,3063117,6,36
21195,624973,10,36
21196,6394574,10,36
21197,282953,11,36
21198,842523,10,36
21199,1386924,3,36
21200,5522433,3,36
21201,3168425,2,36
21202,3551213,6,36
21203,5311134,7,36
21204,3979562,9,36
21205,836310,8,36
21206,1083040,3,36
21207,2461367,11,36
21208,5419861,1,36
21209,1409471,7,36
21210,5021903,1,36
21211,747525,9,36
21212,4271220,9,36
21213,4902409,8,36
21214,5376171,9,36
21215,6293359,6,36
21216,3973115,11,36
21217,5031365,6,36
21218,1841705,9,36
21219,4967145,8,36
21220,1811206,10,36
21221,3403677,5,36
21222,2196027,10,36
21223,6403604,3,36
21224,1008573,10,36
21225,1810856,10,36
21226,3201009,10,36
21227,5688637,10,36
21228,3609162,3,36
21229,3785417,8,36
21230,2753239,6,36
21231,4196256,6,36
21232,5169553,12,36
21233,1598724,3,36
21234,648293,6,36
21235,1133607,12,36
21236,3332429,1,36
21237,4163355,3,36
21238,2415791,12,36
21239,1571369,9,36
21240,487753,12,36
21241,4728975,11,36
21242,6468165,11,36
21243,240771,12,36
21244,1360947,12,36
21245,627367,10,36
21246,3635202,6,36
21247,2609633,9,36
21248,5233125,11,36
21249,905005,9,36
21250,548072,9,36
21251,896326,8,36
21252,4438053,12,36
21253,1459602,1,36
21254,3341409,2,36
21255,4318374,4,36
21256,2436592,10,36
21257,6462992,1,36
21258,4329440,10,36
21259,2361002,10,36
21260,4200998,11,36
21261,5773408,12,36
21262,4591539,4,36
21263,5318655,10,36
21264,4290504,9,36
21265,1736771,5,36
21266,5470286,6,36
21267,2714838,12,36
21268,5243680,1,36
21269,1199572,1,36
21270,4713670,9,36
21271,2546056,2,36
21272,4601117,12,36
21273,5903151,12,36
21274,5304568,10,36
21275,6376710,10,36
21276,820380,11,36
21277,736100,8,36
21278,3956558,6,36
21279,6436107,11,36
21280,1489505,9,36
21281,5719188,11,36
21282,726075,8,36
21283,1379352,9,36
21284,6406438,8,36
21285,3767759,9,36
21286,1619950,7,36
21287,3616232,12,36
21288,6446416,9,36
21289,4861276,6,36
21290,5609054,6,36
21291,3278097,11,36
21292,1083879,10,36
21293,5901170,6,36
21294,2175759,6,36
21295,3196145,9,36
21296,2757947,12,36
21297,5135762,9,36
21298,1938054,12,36
21299,298389,10,36
21300,5675825,8,36
21301,2517554,4,36
21302,1292434,12,36
21303,2506188,3,36
21304,4945064,11,36
21305,1630886,9,36
21306,465449,9,36
21307,6219105,5,36
21308,6109293,12,36
21309,1355182,9,36
21310,4808473,1,36
21311,5418915,8,36
21312,2735309,1,36
21313,526864,6,36
21314,3176771,1,36
21315,1893959,5,36
21316,5868558,3,36
21317,4577177,4,36
21318,3841223,4,36
21319,4430287,9,36
21320,4742049,10,36
21321,1758986,6,36
21322,2951889,1,36
21323,2299566,10,36
21324,6419018,9,36
21325,3341089,9,36
21326,695620,7,36
21327,6245238,2,36
21328,1198748,10,36
21329,4540588,11,36
21330,1724302,11,36
21331,5081550,1,36
21332,2568682,10,36
21333,2533760,12,36
21334,5921939,2,36
21335,4025997,2,36
21336,5216004,7,36
21337,454302,4,36
21338,641522,1,36
21339,6053580,9,36
21340,365836,10,36
21341,6258800,5,36
21342,491601,4,36
21343,3494053,9,36
21344,5584904,2,36
21345,1450284,12,36
21346,3520364,9,36
21347,4528911,10,36
21348,6234507,4,36
21349,4904188,1,36
21350,91436,12,36
21351,1218865,4,36
21352,1867936,12,36
21353,2615046,4,36
21354,6006958,11,36
21355,3435750,1,36
21356,2149609,12,36
21357,4718627,4,36
21358,3994019,11,36
21359,730883,12,36
21360,4329184,4,36
21361,2600201,10,36
21362,3410495,9,36
21363,2695516,12,36
21364,442047,3,36
21365,3425384,1,36
21366,284383,6,36
21367,5788497,1,36
21368,3238282,1,36
21369,666101,5,36
21370,1729736,12,36
21371,6370050,12,36
21372,3734137,1,36
21373,6081830,12,36
21374,3337421,11,36
21375,243327,10,36
21376,4580752,11,36
21377,3889415,3,36
21378,2166831,12,36
21379,6274818,9,36
21380,846084,9,36
21381,4200379,11,36
21382,1151416,12,36
21383,3291231,3,36
21384,1456143,5,36
21385,2434541,1,36
21386,6010262,12,36
21387,5469266,9,36
21388,2223394,5,36
21389,4319355,1,36
21390,5117961,8,36
21391,3979630,6,36
21392,2526615,4,36
21393,219473,8,36
21394,2586038,11,36
21395,1434990,10,36
21396,4878946,10,37
21397,6004919,12,37
21398,2467604,1,37
21399,3836231,9,37
21400,4175830,1,37
21401,3509860,11,37
21402,5170983,1,37
21403,4924190,10,37
21404,2558765,10,37
21405,6036135,9,37
21406,5169553,7,37
21407,6262854,9,37
21408,525886,9,37
21409,4604988,10,37
21410,6236783,1,37
21411,5753368,7,37
21412,3358839,2,37
21413,818798,1,37
21414,360708,8,37
21415,2519348,1,37
21416,2961118,11,37
21417,2801432,9,37
21418,949475,11,37
21419,1631649,9,37
21420,943197,11,37
21421,2994614,4,37
21422,5800939,9,37
21423,5313663,5,37
21424,33169,9,37
21425,2353229,6,37
21426,601943,10,37
21427,1449900,10,37
21428,2714838,6,37
21429,5890238,4,37
21430,1954053,10,37
21431,3941730,11,37
21432,4608537,11,37
21433,1276713,10,37
21434,3420974,7,37
21435,2619388,9,37
21436,4240544,11,37
21437,488776,10,37
21438,5859109,7,37
21439,1928350,4,37
21440,327221,5,37
21441,2237249,10,37
21442,461181,9,37
21443,5345259,10,37
21444,696299,2,37
21445,709060,11,37
21446,2359287,2,37
21447,141088,3,37
21448,6224351,10,37
21449,5224668,8,37
21450,6343621,9,37
21451,4069866,10,37
21452,5387176,8,37
21453,2195782,12,37
21454,5136040,9,37
21455,2882854,10,37
21456,4244448,10,37
21457,4016707,6,37
21458,4046960,12,37
21459,5248442,1,37
21460,6109293,4,37
21461,6124522,12,37
21462,6198605,9,37
21463,5145320,1,37
21464,3976278,9,37
21465,3658130,10,37
21466,793889,9,37
21467,70791,8,37
21468,3732525,11,37
21469,2243117,1,37
21470,66291,9,37
21471,227044,3,37
21472,31546,10,37
21473,6411555,10,37
21474,4060159,3,37
21475,2552034,4,37
21476,4435947,6,37
21477,3819405,9,37
21478,4650862,10,37
21479,726075,11,37
21480,3932316,11,37
21481,4620411,3,37
21482,2350437,4,37
21483,934979,6,37
21484,5067402,4,37
21485,1456373,9,37
21486,76815,9,37
21487,3152135,11,37
21488,6463676,9,37
21489,5132104,4,37
21490,1458145,3,37
21491,6010262,11,37
21492,3650185,12,37
21493,5719238,9,37
21494,491612,12,37
21495,726283,7,37
21496,3341089,4,37
21497,6296210,6,37
21498,2184816,5,37
21499,3191799,11,37
21500,566210,7,37
21501,1994055,3,37
21502,4227998,11,37
21503,369293,12,37
21504,3841223,6,37
21505,5522433,5,37
21506,3331877,1,37
21507,3157209,9,37
21508,167634,5,37
21509,5736611,10,37
21510,4756460,4,37
21511,2600201,9,37
21512,5532818,11,37
21513,5177635,12,37
21514,2106775,12,37
21515,4706795,3,37
21516,3798593,12,37
21517,1008573,1,37
21518,4838460,12,37
21519,974807,9,37
21520,4815607,1,37
21521,3885354,1,37
21522,6243813,7,37
21523,3899121,9,37
21524,2468867,1,37
21525,460677,5,37
21526,3725158,9,37
21527,354426,10,37
21528,3298181,9,37
21529,2120892,9,37
21530,1853837,2,37
21531,722112,1,37
21532,701309,8,37
21533,3767759,12,37
21534,2698630,10,37
21535,3863882,9,37
21536,518247,9,37
21537,4755368,9,37
21538,5823210,10,37
21539,6382915,6,37
21540,691666,1,37
21541,4649292,6,37
21542,6300844,9,37
21543,5773408,12,37
21544,1409471,3,37
21545,562626,10,37
21546,4303882,2,37
21547,2236156,3,37
21548,1256343,8,37
21549,3882679,3,37
21550,3431521,7,37
21551,5251619,9,37
21552,6204758,11,37
21553,1386924,10,37
21554,122416,10,37
21555,378928,1,37
21556,284576,10,37
21557,275398,5,37
21558,1448576,5,37
21559,2586038,7,37
21560,1587113,7,37
21561,2317126,3,37
21562,1544458,1,37
21563,848582,1,37
21564,3949925,12,37
21565,1357167,11,37
21566,4692350,11,37
21567,5846304,8,37
21568,3532006,4,37
21569,3425934,10,37
21570,4774930,6,37
21571,4164611,11,37
21572,2526424,1,37
21573,3679302,11,37
21574,5793579,1,37
21575,3500325,3,37
21576,5922965,10,37
21577,625994,12,37
21578,6387969,10,37
21579,1630886,9,37
21580,2434541,1,37
21581,4547514,9,37
21582,373755,5,37
21583,112864,10,37
21584,5417751,7,37
21585,4430287,10,37
21586,1935756,9,37
21587,6278662,1,37
21588,5604753,2,37
21589,6233675,12,37
21590,5542285,12,37
21591,3504983,10,37
21592,215079,12,37
21593,4747268,12,37
21594,223511,8,37
21595,90639,6,37
21596,988019,1,37
21597,879802,10,37
21598,4972577,10,37
21599,4934328,9,37
21600,5285045,10,37
21601,5304568,10,37
21602,1822213,6,37
21603,1933231,10,37
21604,4315327,6,37
21605,4512033,9,37
21606,1025839,1,37
21607,3153364,3,37
21608,236653,6,37
21609,4120263,10,37
21610,292417,12,37
21611,628513,4,37
21612,1867936,9,37
21613,6123684,9,37
21614,4782163,12,37
21615,261287,10,37
21616,4869809,10,37
21617,4762604,6,37
21618,2797797,10,37
21619,282953,11,37
21620,5493355,9,37
21621,937505,12,37
21622,3349997,5,37
21623,618684,3,37
21624,3703447,10,37
21625,1119039,3,37
21626,5992356,3,37
21627,3449472,5,37
21628,4350241,9,37
21629,1986764,12,37
21630,6456765,4,37
21631,682114,11,37
21632,2063941,9,37
21633,5307584,9,37
21634,1938054,8,37
21635,71852,9,37
21636,6401356,8,37
21637,1050344,10,37
21638,3066281,3,37
21639,2243660,5,37
21640,4487540,9,37
21641,1031850,10,37
21642,1962334,7,37
21643,5409947,11,37
21644,3395342,6,37
21645,2457094,10,37
21646,5014041,4,37
21647,1586859,5,37
21648,3024785,6,37
21649,2996936,12,37
21650,2503175,1,37
21651,6237488,1,37
21652,2546056,7,37
21653,1074560,7,37
21654,3006963,9,37
21655,862071,2,37
21656,2278479,9,37
21657,2023292,4,37
21658,3099346,11,37
21659,3883037,1,37
21660,4728975,12,37
21661,5729212,9,37
21662,3912753,10,37
21663,2066791,5,37
21664,5021903,1,37
21665,6320713,6,37
21666,4721476,5,37
21667,3278097,12,37
21668,4811663,1,37
21669,3055779,11,37
21670,4516051,1,37
21671,4811868,9,37
21672,1603615,10,37
21673,3038525,3,37
21674,2960702,5,37
21675,3852820,8,37
21676,2582939,9,37
21677,5227250,8,37
21678,1177663,10,37
21679,3176355,4,37
21680,2726547,9,37
21681,321864,9,37
21682,1459602,5,37
21683,439787,12,37
21684,2291667,7,37
21685,396899,3,37
21686,1713513,9,37
21687,6375164,9,37
21688,71580,4,37
21689,3278942,1,37
21690,1743549,8,37
21691,6143606,12,37
21692,3141073,12,37
21693,5794156,1,37
21694,1613900,9,37
21695,5699490,12,37
21696,846084,12,37
21697,6320374,1,37
21698,1976587,4,37
21699,3438265,12,37
21700,3302968,12,37
21701,3632442,12,37
21702,2680675,3,37
21703,4152286,11,37
21704,2046148,6,37
21705,2085419,8,37
21706,2269053,11,37
21707,4745256,1,37
21708,5190723,12,37
21709,6081830,12,37
21710,2479829,10,37
21711,4074976,12,37
21712,5921939,7,37
21713,1396298,1,37
21714,6446416,9,37
21715,4065354,9,37
21716,3774824,10,37
21717,4522040,10,37
21718,3344933,11,37
21719,495439,12,37
21720,615346,11,37
21721,1217412,8,37
21722,5992339,12,37
21723,1758986,6,37
21724,1235751,1,37
21725,4902409,5,37
21726,2042603,6,37
21727,649444,11,37
21728,276955,2,37
21729,5171771,8,37
21730,1736470,5,37
21731,2152092,10,37
21732,2525403,12,37
21733,736100,11,37
21734,6174497,9,37
21735,1535805,5,37
21736,886242,4,37
21737,862154,12,37
21738,2354590,4,37
21739,752069,11,37
21740,5020845,12,37
21741,2589079,1,37
21742,645580,11,37
21743,6462992,3,37
21744,4535556,12,37
21745,3201009,8,37
21746,1201660,7,37
21747,3741774,11,37
21748,433376,9,37
21749,5272161,11,37
21750,4720515,9,37
21751,842523,12,37
21752,3386999,4,37
21753,640493,8,37
21754,1242243,6,37
21755,2521155,6,37
21756,5609054,5,37
21757,4155591,10,37
21758,149949,6,37
21759,6073671,12,37
21760,1587138,12,37
21761,4129015,5,37
21762,1843461,5,37
21763,3956558,7,37
21764,5666877,12,37
21765,4029112,10,37
21766,139954,10,37
21767,549724,12,37
21768,267470,10,37
21769,1261236,11,37
21770,5213417,10,37
21771,233818,4,37
21772,1360947,7,37
21773,4163355,6,37
21774,1268530,10,37
21775,4839836,12,37
21776,3071237,9,37
21777,666101,12,37
21778,3509856,11,37
21779,2048750,10,37
21780,4585969,10,37
21781,1928850,11,37
21782,4799330,11,37
21783,1670891,9,37
21784,1247517,7,37
21785,6284810,10,37
21786,5376171,11,37
21787,180504,9,37
21788,3091735,6,37
21789,1548438,4,37
21790,1614232,6,37
21791,3314121,9,37
21792,2929591,6,37
21793,2127915,5,37
21794,565234,5,37
21795,5719188,9,37
21796,3987157,4,37
21797,75212,12,37
21798,3379725,6,37
21799,2568915,3,37
21800,1549718,9,37
21801,4414289,1,37
21802,5135337,10,37
21803,1582805,4,37
21804,4308495,10,37
21805,4765681,10,37
21806,6014638,8,37
21807,5741400,6,37
21808,6370050,12,37
21809,3769532,10,37
21810,3042656,9,37
21811,761403,4,37
21812,1208299,8,37
21813,543404,12,37
21814,4159777,6,37
21815,2307466,1,37
21816,1804922,1,37
21817,4700467,12,37
21818,231659,11,37
21819,1086492,11,37
21820,806759,5,37
21821,6133051,3,37
21822,1610686,5,37
21823,4612202,8,37
21824,4675474,10,37
21825,592638,3,37
21826,4485740,5,37
21827,3485712,12,37
21828,4326040,11,37
21829,5348277,9,37
21830,2718335,11,37
21831,4511502,7,37
21832,4360902,3,37
21833,5287474,10,37
21834,1486470,9,37
21835,6257432,4,37
21836,4925209,10,37
21837,1766448,9,37
21838,2292303,12,37
21839,4835378,11,37
21840,2537373,4,37
21841,4307618,1,37
21842,62338,10,37
21843,1658533,9,37
21844,1981231,11,37
21845,992606,10,37
21846,240771,2,37
21847,563447,11,37
21848,1280583,12,37
21849,5333794,9,37
21850,3349451,1,37
21851,5313174,12,37
21852,4379256,3,37
21853,4373251,10,37
21854,885039,4,37
21855,3403677,6,37
21856,63433,11,37
21857,4329184,10,37
21858,2450075,9,37
21859,2088911,11,37
21860,3957000,1,37
21861,5169740,3,37
21862,2314151,4,37
21863,3757706,11,37
21864,6266325,1,37
21865,801637,5,37
21866,4945064,1,37
21867,3791104,9,37
21868,2914575,9,37
21869,3538066,12,37
21870,1841705,4,37
21871,6044474,9,37
21872,5128646,9,37
21873,2095212,5,37
21874,1641223,10,37
21875,4402112,3,37
21876,1618024,10,37
21877,6293729,1,37
21878,6157494,10,37
21879,2774218,8,37
21880,4266518,7,37
21881,2633483,8,37
21882,6432190,7,37
21883,2175759,4,37
21884,723806,4,37
21885,4593336,6,37
21886,2507117,11,37
21887,3609162,12,37
21888,2974455,4,37
21889,2431580,12,37
21890,2058754,5,37
21891,4206148,8,37
21892,3127584,6,37
21893,4718627,6,37
21894,3977605,8,37
21895,5031365,8,37
21896,2791621,1,37
21897,2317223,11,37
21898,4325514,5,37
21899,3889415,4,37
21900,3494053,10,37
21901,385617,3,37
21902,3877388,12,37
21903,2612131,1,37
21904,3632230,12,37
21905,3221470,9,37
21906,4710640,9,37
21907,1696406,10,37
21908,1269887,11,37
21909,4848798,9,37
21910,1434990,5,37
21911,5285502,5,37
21912,1397720,7,37
21913,4987155,10,37
21914,3859939,4,37
21915,5064715,12,37
21916,4874322,1,37
21917,627367,10,37
21918,1591144,2,37
21919,3176384,1,37
21920,5271430,9,37
21921,1980430,7,37
21922,4587958,8,37
21923,3341409,5,37
21924,2321644,11,37
21925,3541800,11,37
21926,4187087,6,37
21927,3979562,11,37
21928,5958481,10,37
21929,2444218,1,37
21930,300086,9,37
21931,504294,12,37
21932,1083651,12,37
21933,4016259,11,37
21934,3469095,11,37
21935,2450561,5,37
21936,6436107,8,37
21937,3642729,2,37
21938,3520364,9,37
21939,5470286,5,37
21940,3216525,11,37
21941,989099,5,37
21942,5199680,4,37
21943,6377872,1,37
21944,4938518,9,37
21945,6442224,5,37
21946,1450284,10,37
21947,5824379,3,37
21948,176623,10,37
21949,755414,9,37
21950,4091305,4,37
21951,4227552,2,37
21952,3632617,9,37
21953,2554663,5,37
21954,4202811,10,37
21955,2140317,6,37
21956,2440842,10,37
21957,2154687,9,37
21958,6195611,4,37
21959,1757589,11,37
21960,365836,6,37
21961,4649438,9,37
21962,2665775,9,37
21963,4729899,5,37
21964,4516903,5,37
21965,6292251,1,37
21966,1611812,10,37
21967,320864,3,37
21968,3249107,6,37
21969,4955752,1,37
21970,4595078,11,37
21971,4669998,1,37
21972,4397186,1,37
21973,1979904,1,37
21974,5381676,8,37
21975,1999392,5,37
21976,6350727,3,37
21977,6294183,1,37
21978,3720110,4,37
21979,4558417,11,37
21980,1356423,12,37
21981,5301682,5,37
21982,3134456,12,37
21983,1724302,6,37
21984,4218613,11,37
21985,3999976,12,37
21986,5311363,4,37
21987,2570344,2,37
21988,4527954,4,37
21989,1845543,3,37
21990,5682977,12,37
21991,6278108,11,37
21992,498845,1,37
21993,1439327,9,37
21994,1608708,6,37
21995,467697,7,37
21996,2843297,1,38
21997,3757706,6,38
21998,1877759,10,38
21999,428886,9,38
22000,3547791,9,38
22001,4058245,5,38
22002,4350241,11,38
22003,5285045,9,38
22004,3213014,9,38
22005,563447,10,38
22006,5788746,10,38
22007,1502851,12,38
22008,1548644,4,38
22009,5301167,10,38
22010,498845,11,38
22011,5669761,9,38
22012,6226853,3,38
22013,6143606,9,38
22014,5620025,9,38
22015,5169553,7,38
22016,812233,8,38
22017,1383074,1,38
22018,1357167,9,38
22019,5138416,10,38
22020,2019954,5,38
22021,1108981,11,38
22022,4766899,11,38
22023,5019374,10,38
22024,4130036,9,38
22025,2366843,12,38
22026,2376930,4,38
22027,4329184,8,38
22028,2340935,9,38
22029,6376710,12,38
22030,879802,11,38
22031,4527954,4,38
22032,896326,9,38
22033,3091735,8,38
22034,3571583,12,38
22035,2774218,7,38
22036,4228535,9,38
22037,4486163,8,38
22038,491601,4,38
22039,4938534,9,38
22040,1731482,5,38
22041,656095,4,38
22042,2237249,10,38
22043,2298803,1,38
22044,624973,11,38
22045,3767759,11,38
22046,3791212,9,38
22047,5933997,8,38
22048,5591436,11,38
22049,1471249,10,38
22050,2568682,10,38
22051,112864,12,38
22052,5828659,10,38
22053,3386999,12,38
22054,5734273,1,38
22055,5957978,11,38
22056,4498450,11,38
22057,3298181,8,38
22058,3889415,12,38
22059,1392204,1,38
22060,3741774,11,38
22061,487753,8,38
22062,5268829,9,38
22063,4298469,11,38
22064,4649438,8,38
22065,2546056,1,38
22066,5686912,6,38
22067,106348,12,38
22068,2199292,9,38
22069,3664110,9,38
22070,696308,4,38
22071,4588724,12,38
22072,2676970,4,38
22073,2081509,12,38
22074,1163804,9,38
22075,4242259,11,38
22076,2649843,2,38
22077,5135762,9,38
22078,3728627,4,38
22079,4419866,9,38
22080,2482340,10,38
22081,4905652,12,38
22082,3300574,8,38
22083,1449900,10,38
22084,4955014,7,38
22085,5161997,12,38
22086,3734137,1,38
22087,6038241,3,38
22088,4041755,10,38
22089,4902604,10,38
22090,57859,9,38
22091,1247932,2,38
22092,6224351,10,38
22093,4934328,11,38
22094,1619950,2,38
22095,3892718,8,38
22096,3656317,6,38
22097,1603615,11,38
22098,2106775,5,38
22099,1821775,5,38
22100,5473739,1,38
22101,353751,9,38
22102,518247,12,38
22103,2690306,11,38
22104,6456765,10,38
22105,4135807,10,38
22106,241033,1,38
22107,937505,8,38
22108,1841705,5,38
22109,4580752,5,38
22110,1733752,12,38
22111,2608984,11,38
22112,5823210,10,38
22113,2463543,6,38
22114,4713670,1,38
22115,3847910,10,38
22116,2306937,8,38
22117,22430,9,38
22118,3669565,7,38
22119,4955752,3,38
22120,4023762,2,38
22121,1086492,12,38
22122,1800273,12,38
22123,2366892,10,38
22124,5301682,9,38
22125,4080918,4,38
22126,5325200,6,38
22127,2665775,12,38
22128,3956558,4,38
22129,2589079,12,38
22130,6185141,3,38
22131,6494381,7,38
22132,3351762,8,38
22133,5937178,11,38
22134,723299,1,38
22135,6243813,8,38
22136,5914534,10,38
22137,139954,10,38
22138,3938245,10,38
22139,2944542,10,38
22140,430539,1,38
22141,3558455,12,38
22142,6497565,8,38
22143,3032076,4,38
22144,2680675,12,38
22145,4835378,5,38
22146,3021471,3,38
22147,2529025,10,38
22148,843427,3,38
22149,3346433,4,38
22150,3079970,1,38
22151,4373030,11,38
22152,298389,9,38
22153,1548438,5,38
22154,2086516,8,38
22155,5604503,12,38
22156,4375127,9,38
22157,2270016,4,38
22158,1080550,9,38
22159,4924190,12,38
22160,1502037,10,38
22161,4485740,6,38
22162,5974410,9,38
22163,1840497,10,38
22164,2458642,12,38
22165,864024,8,38
22166,1766448,9,38
22167,4430287,9,38
22168,1743549,7,38
22169,5542285,9,38
22170,88290,6,38
22171,4710640,11,38
22172,504294,5,38
22173,6450877,6,38
22174,888013,6,38
22175,6237840,8,38
22176,5333794,11,38
22177,5794156,1,38
22178,5225090,10,38
22179,6165827,4,38
22180,2014709,11,38
22181,6355376,10,38
22182,2236156,4,38
22183,4200998,5,38
22184,3746090,9,38
22185,4716016,11,38
22186,6214309,10,38
22187,4839836,6,38
22188,1853837,10,38
22189,4158394,11,38
22190,4319355,1,38
22191,550281,11,38
22192,644636,1,38
22193,196427,1,38
22194,3774824,10,38
22195,2360662,6,38
22196,6215090,9,38
22197,615477,9,38
22198,5348277,9,38
22199,5322054,8,38
22200,1129583,12,38
22201,1459602,5,38
22202,2467604,9,38
22203,6142168,5,38
22204,1108553,9,38
22205,6300844,10,38
22206,846084,6,38
22207,5640462,2,38
22208,5753368,9,38
22209,3621921,10,38
22210,1412895,1,38
22211,4638798,7,38
22212,3788288,6,38
22213,2116824,11,38
22214,2881730,11,38
22215,6350727,7,38
22216,5121473,2,38
22217,3772244,6,38
22218,4572884,5,38
22219,4827780,7,38
22220,2507895,9,38
22221,526864,6,38
22222,6192304,4,38
22223,3057454,1,38
22224,525886,11,38
22225,3006963,9,38
22226,5947090,10,38
22227,258372,12,38
22228,314409,1,38
22229,1125899,7,38
22230,1083651,11,38
22231,1702854,10,38
22232,5271527,1,38
22233,6053580,9,38
22234,6381229,9,38
22235,4060159,5,38
22236,3509856,10,38
22237,6436107,12,38
22238,275398,4,38
22239,2085419,3,38
22240,3265642,4,38
22241,3186913,1,38
22242,5729212,10,38
22243,4069092,9,38
22244,5015443,12,38
22245,4187087,6,38
22246,4017723,1,38
22247,1883734,1,38
22248,4547514,9,38
22249,3325179,10,38
22250,282435,11,38
22251,70117,3,38
22252,5157501,5,38
22253,479669,8,38
22254,4800441,1,38
22255,3532006,5,38
22256,6294183,10,38
22257,3990768,10,38
22258,1783169,3,38
22259,5494253,10,38
22260,5704429,12,38
22261,1690106,11,38
22262,3802744,11,38
22263,2651726,9,38
22264,3193240,10,38
22265,5183170,10,38
22266,862071,1,38
22267,4595078,10,38
22268,945607,9,38
22269,2034452,2,38
22270,3500325,8,38
22271,4178954,4,38
22272,191444,2,38
22273,1193708,10,38
22274,4078620,12,38
22275,1610017,2,38
22276,2943045,12,38
22277,3538066,12,38
22278,3516524,1,38
22279,3544498,1,38
22280,2298378,11,38
22281,4747268,12,38
22282,385617,9,38
22283,2796050,10,38
22284,1330225,7,38
22285,319307,11,38
22286,1305949,6,38
22287,4966537,9,38
22288,6176047,10,38
22289,1929492,10,38
22290,4564758,11,38
22291,885039,11,38
22292,1280583,10,38
22293,3349997,3,38
22294,1782530,1,38
22295,320864,4,38
22296,2797797,9,38
22297,3619997,6,38
22298,776469,4,38
22299,2092543,12,38
22300,4414289,1,38
22301,6429799,9,38
22302,5135259,6,38
22303,3659885,3,38
22304,664836,8,38
22305,3439726,8,38
22306,725727,5,38
22307,568358,8,38
22308,2823351,3,38
22309,3957000,9,38
22310,5073558,11,38
22311,949475,11,38
22312,4610102,9,38
22313,2450075,3,38
22314,3773828,12,38
22315,5067402,3,38
22316,4535556,12,38
22317,1816354,5,38
22318,122416,9,38
22319,715804,10,38
22320,2319160,4,38
22321,2434541,1,38
22322,2778402,6,38
22323,2929591,4,38
22324,371874,11,38
22325,4511502,5,38
22326,4945064,5,38
22327,4327875,9,38
22328,1007797,6,38
22329,267470,12,38
22330,4608537,11,38
22331,5859109,4,38
22332,6052644,5,38
22333,2149609,12,38
22334,6396862,10,38
22335,346449,12,38
22336,3303146,6,38
22337,3722094,9,38
22338,1458145,5,38
22339,4849432,10,38
22340,3373415,11,38
22341,1915112,10,38
22342,5688637,12,38
22343,4065354,10,38
22344,6003919,5,38
22345,369293,12,38
22346,3570530,10,38
22347,812601,10,38
22348,331061,3,38
22349,2695516,7,38
22350,4488254,9,38
22351,1599728,5,38
22352,6293359,11,38
22353,74449,10,38
22354,3457443,7,38
22355,4096952,10,38
22356,120895,11,38
22357,1443901,10,38
22358,5666877,1,38
22359,1630886,11,38
22360,3632712,11,38
22361,640493,1,38
22362,2935945,12,38
22363,6377872,1,38
22364,3932316,8,38
22365,6382915,6,38
22366,2321644,11,38
22367,1876786,10,38
22368,1256343,11,38
22369,269131,11,38
22370,5958481,9,38
22371,4169212,1,38
22372,141088,3,38
22373,1788410,11,38
22374,3258791,8,38
22375,2510668,9,38
22376,4402526,8,38
22377,6444191,8,38
22378,5091774,1,38
22379,3819405,10,38
22380,2526615,4,38
22381,6320374,3,38
22382,4613440,11,38
22383,3176384,6,38
22384,1614232,6,38
22385,4380010,11,38
22386,3952244,4,38
22387,3152135,10,38
22388,723019,5,38
22389,3698100,10,38
22390,3841223,4,38
22391,1866932,6,38
22392,4998967,2,38
22393,3412776,11,38
22394,1845543,5,38
22395,3876788,3,38
22396,3127584,9,38
22397,1843461,9,38
22398,5061084,12,38
22399,6081830,8,38
22400,3057402,10,38
22401,565234,9,38
22402,2278479,12,38
22403,3494053,9,38
22404,1143013,8,38
22405,2232052,12,38
22406,5897708,9,38
22407,3923276,10,38
22408,4698568,10,38
22409,3703447,10,38
22410,1618024,11,38
22411,160841,10,38
22412,246478,6,38
22413,5993732,3,38
22414,4283914,9,38
22415,6463676,12,38
22416,284576,10,38
22417,1987705,8,38
22418,1091012,12,38
22419,1198748,10,38
22420,460677,12,38
22421,5005869,4,38
22422,3883037,1,38
22423,3239012,1,38
22424,4155591,12,38
22425,4202683,3,38
22426,2343504,8,38
22427,6036135,10,38
22428,2223394,4,38
22429,6419018,9,38
22430,2802233,12,38
22431,3981732,10,38
22432,2619388,12,38
22433,6066457,10,38
22434,6432190,2,38
22435,2519348,1,38
22436,3960740,6,38
22437,2537373,11,38
22438,4369611,9,38
22439,3306577,11,38
22440,744576,9,38
22441,5171771,11,38
22442,5602941,9,38
22443,4938518,12,38
22444,6305326,1,38
22445,5177635,10,38
22446,460774,8,38
22447,3504983,6,38
22448,5299460,1,38
22449,4350815,10,38
22450,715056,11,38
22451,2624982,1,38
22452,2549635,5,38
22453,3551213,5,38
22454,5522433,9,38
22455,3847300,1,38
22456,1269887,12,38
22457,1867005,9,38
22458,890618,8,38
22459,1894044,12,38
22460,2233869,11,38
22461,4834638,11,38
22462,2575423,11,38
22463,3764169,9,38
22464,5052674,7,38
22465,3994019,10,38
22466,5056667,9,38
22467,6462992,5,38
22468,67801,9,38
22469,5864344,9,38
22470,5520467,10,38
22471,601943,1,38
22472,6174497,5,38
22473,6111761,9,38
22474,3071237,9,38
22475,46849,7,38
22476,5304568,11,38
22477,4522790,4,38
22478,2607591,8,38
22479,1181046,8,38
22480,6498060,8,38
22481,4999808,12,38
22482,1496310,10,38
22483,750891,12,38
22484,1268530,10,38
22485,5430423,1,38
22486,1609758,10,38
22487,2710569,9,38
22488,5387176,10,38
22489,1386924,1,38
22490,2088911,3,38
22491,3924478,1,38
22492,3455235,9,38
22493,5527427,10,38
22494,200655,8,38
22495,3151007,11,38
22496,4762604,6,38
22497,5464741,1,38
22498,4350985,10,38
22499,1695507,9,38
22500,4808473,5,38
22501,1463753,10,38
22502,4979436,12,38
22503,855368,9,38
22504,1670891,10,38
22505,3650185,12,38
22506,6140348,9,38
22507,750394,9,38
22508,5719188,10,38
22509,3931683,8,38
22510,1907726,6,38
22511,1151416,9,38
22512,2718335,9,38
22513,4115762,6,38
22514,3423422,6,38
22515,4487540,11,38
22516,2615046,10,38
22517,1544458,1,38
22518,380178,8,38
22519,5918165,10,38
22520,2122208,9,38
22521,2138270,2,38
22522,4925209,10,38
22523,2223970,8,38
22524,3278942,1,38
22525,2132674,1,38
22526,5764435,11,38
22527,4884722,4,38
22528,5343249,4,38
22529,3425934,11,38
22530,5618647,11,38
22531,5736629,1,38
22532,6356190,3,38
22533,6278108,10,38
22534,1730184,3,38
22535,3674278,1,38
22536,2159224,10,38
22537,4627144,12,38
22538,3276609,12,38
22539,6219105,9,38
22540,1409471,11,38
22541,2883943,10,38
22542,5602879,12,38
22543,1169697,12,38
22544,5760416,6,38
22545,3441769,12,38
22546,6343751,12,38
22547,4649292,6,38
22548,3514907,5,38
22549,3417802,11,38
22550,1242243,10,38
22551,1928350,11,38
22552,2586038,11,38
22553,3249107,6,38
22554,4389151,1,38
22555,1114477,11,38
22556,1099697,10,38
22557,3403677,9,38
22558,2602668,11,38
22559,4084986,9,38
22560,4650862,10,38
22561,2698630,10,38
22562,3443884,8,38
22563,3948960,4,38
22564,4723435,12,38
22565,3123507,1,38
22566,2733043,12,38
22567,5135762,11,39
22568,5432400,9,39
22569,6187285,9,39
22570,4511502,10,39
22571,467697,6,39
22572,4742049,6,39
22573,1750655,12,39
22574,3328385,7,39
22575,6059563,12,39
22576,949475,8,39
22577,3073838,6,39
22578,3802744,11,39
22579,2360662,12,39
22580,5660189,5,39
22581,4629280,8,39
22582,1610686,6,39
22583,2596330,8,39
22584,267470,9,39
22585,1665863,12,39
22586,183584,10,39
22587,5284217,12,39
22588,5734879,9,39
22589,6116428,3,39
22590,4729899,9,39
22591,6095670,9,39
22592,5141311,9,39
22593,2752045,10,39
22594,1200423,3,39
22595,862071,1,39
22596,1305949,10,39
22597,2843297,10,39
22598,2735309,3,39
22599,1923823,6,39
22600,3127584,12,39
22601,2169998,4,39
22602,1219434,9,39
22603,5169214,11,39
22604,4104629,8,39
22605,65497,10,39
22606,141088,9,39
22607,4436154,6,39
22608,3302968,4,39
22609,1707519,7,39
22610,273351,9,39
22611,5022903,9,39
22612,4769364,5,39
22613,2012640,1,39
22614,3439726,10,39
22615,1161697,12,39
22616,2690306,11,39
22617,4279338,9,39
22618,1610017,10,39
22619,3841223,4,39
22620,33904,10,39
22621,5794156,1,39
22622,5773408,9,39
22623,3710206,4,39
22624,2415791,9,39
22625,3438265,12,39
22626,200655,9,39
22627,4046960,9,39
22628,2624982,1,39
22629,820380,10,39
22630,1980430,7,39
22631,2195782,9,39
22632,3767759,9,39
22633,5042288,4,39
22634,3196145,10,39
22635,2077786,4,39
22636,3638097,9,39
22637,2458213,10,39
22638,322218,8,39
22639,2651726,11,39
22640,6448701,5,39
22641,5216004,7,39
22642,5095052,8,39
22643,292417,11,39
22644,5144327,9,39
22645,6040429,5,39
22646,5568223,9,39
22647,4998967,3,39
22648,390110,10,39
22649,5564655,10,39
22650,6157494,9,39
22651,5417751,7,39
22652,2326213,5,39
22653,6116532,5,39
22654,5889375,6,39
22655,5135259,7,39
22656,6155217,4,39
22657,2432288,9,39
22658,614514,9,39
22659,3849448,4,39
22660,491612,5,39
22661,3746090,12,39
22662,5600618,5,39
22663,2639434,9,39
22664,548072,10,39
22665,4375127,9,39
22666,3769532,12,39
22667,6293359,10,39
22668,275398,7,39
22669,5565454,9,39
22670,2626939,10,39
22671,3308822,10,39
22672,3057454,1,39
22673,4649292,6,39
22674,5719188,10,39
22675,2935945,9,39
22676,1804922,1,39
22677,2605926,12,39
22678,752069,10,39
22679,4550237,12,39
22680,3876788,6,39
22681,2374380,12,39
22682,1133607,10,39
22683,5663542,8,39
22684,4256230,9,39
22685,2099794,10,39
22686,6307456,11,39
22687,3616232,11,39
22688,6160342,12,39
22689,5117113,1,39
22690,365836,4,39
22691,5397313,10,39
22692,5138416,9,39
22693,4200998,5,39
22694,1108981,12,39
22695,5011227,12,39
22696,6495643,10,39
22697,4172668,10,39
22698,1853021,11,39
22699,3978768,10,39
22700,4954550,4,39
22701,4041755,12,39
22702,4432682,12,39
22703,1733752,9,39
22704,2952816,10,39
22705,2378317,8,39
22706,4074976,11,39
22707,6141967,9,39
22708,1356423,7,39
22709,1372354,9,39
22710,5602879,9,39
22711,5345259,9,39
22712,6112630,7,39
22713,3006963,12,39
22714,3752851,4,39
22715,1544458,5,39
22716,3131453,8,39
22717,1713513,9,39
22718,1986065,10,39
22719,2298803,11,39
22720,4278874,10,39
22721,2013154,5,39
22722,3349997,9,39
22723,5117086,8,39
22724,3121724,2,39
22725,3086041,4,39
22726,1486470,8,39
22727,2243660,10,39
22728,404614,11,39
22729,4326040,9,39
22730,4283914,12,39
22731,5117688,3,39
22732,4971335,8,39
22733,1548438,5,39
22734,6469478,3,39
22735,3176355,7,39
22736,3581894,10,39
22737,1883734,1,39
22738,2434541,1,39
22739,4926789,8,39
22740,3766629,9,39
22741,2611937,5,39
22742,1605648,6,39
22743,3314672,10,39
22744,4535556,8,39
22745,2549635,9,39
22746,1535805,5,39
22747,4827780,7,39
22748,70117,9,39
22749,1437266,4,39
22750,3999976,6,39
22751,2929591,4,39
22752,4700467,8,39
22753,843427,12,39
22754,3734137,8,39
22755,5103613,9,39
22756,3642729,1,39
22757,2289018,1,39
22758,3264921,9,39
22759,57859,10,39
22760,1780462,8,39
22761,2225686,8,39
22762,1492217,1,39
22763,4306293,6,39
22764,6300844,10,39
22765,1262699,9,39
22766,4410798,8,39
22767,4902604,5,39
22768,851058,5,39
22769,5682977,9,39
22770,1835110,10,39
22771,5700786,8,39
22772,73654,6,39
22773,3791212,11,39
22774,2065409,6,39
22775,931734,9,39
22776,1268530,9,39
22777,4756240,9,39
22778,879802,12,39
22779,1841705,3,39
22780,1404299,10,39
22781,3431521,5,39
22782,5091774,9,39
22783,3321676,9,39
22784,3905760,9,39
22785,1707847,8,39
22786,1603615,11,39
22787,33169,11,39
22788,486424,12,39
22789,2096562,4,39
22790,1844757,9,39
22791,4169212,6,39
22792,789183,1,39
22793,3888154,3,39
22794,5278086,6,39
22795,1076267,9,39
22796,4191161,11,39
22797,5591436,11,39
22798,4012484,9,39
22799,2080833,11,39
22800,6389015,11,39
22801,5205475,8,39
22802,4373251,6,39
22803,5064715,10,39
22804,6498060,11,39
22805,528415,12,39
22806,3186913,1,39
22807,5480049,6,39
22808,2506188,3,39
22809,1979955,10,39
22810,4032439,8,39
22811,5993732,10,39
22812,3069943,9,39
22813,4294205,9,39
22814,3543957,5,39
22815,2589079,1,39
22816,5117961,4,39
22817,4516051,1,39
22818,1716912,12,39
22819,958701,9,39
22820,4599139,10,39
22821,181809,12,39
22822,4839836,11,39
22823,1894044,12,39
22824,2679500,1,39
22825,1986764,1,39
22826,4298469,12,39
22827,3764169,12,39
22828,5464741,1,39
22829,372660,1,39
22830,623608,10,39
22831,2467604,3,39
22832,466125,8,39
22833,83824,12,39
22834,460974,5,39
22835,696308,11,39
22836,6165827,4,39
22837,6243813,3,39
22838,5689584,4,39
22839,1050344,8,39
22840,896326,11,39
22841,6462992,11,39
22842,475539,2,39
22843,1008573,3,39
22844,1730184,3,39
22845,846084,7,39
22846,3957000,2,39
22847,1108553,9,39
22848,4430287,10,39
22849,3331877,10,39
22850,4424118,10,39
22851,5225090,11,39
22852,2464229,7,39
22853,4712842,3,39
22854,995030,9,39
22855,3337421,8,39
22856,1456143,12,39
22857,6036135,9,39
22858,656095,9,39
22859,5092827,8,39
22860,2348351,4,39
22861,3162293,3,39
22862,1698135,11,39
22863,6463676,3,39
22864,3885354,10,39
22865,3524820,9,39
22866,3658130,11,39
22867,4060159,4,39
22868,3457443,5,39
22869,4332933,8,39
22870,1406385,12,39
22871,1270083,3,39
22872,6148115,11,39
22873,2676970,7,39
22874,1458145,10,39
22875,4338389,4,39
22876,3952244,5,39
22877,5740378,10,39
22878,2857640,12,39
22879,4540588,7,39
22880,4835378,10,39
22881,3153364,4,39
22882,4996164,9,39
22883,5489522,4,39
22884,6429799,12,39
22885,396899,5,39
22886,1811815,9,39
22887,160841,12,39
22888,3249107,4,39
22889,1469285,11,39
22890,5764435,5,39
22891,5156561,9,39
22892,5423941,1,39
22893,3913573,7,39
22894,1383074,1,39
22895,2539395,2,39
22896,1808600,10,39
22897,4128753,8,39
22898,2424966,11,39
22899,430539,1,39
22900,4522790,4,39
22901,5618647,8,39
22902,3403677,8,39
22903,744576,8,39
22904,1938054,8,39
22905,2670013,3,39
22906,591328,10,39
22907,2837685,1,39
22908,4765681,2,39
22909,1936645,3,39
22910,4682119,6,39
22911,6419018,9,39
22912,5464845,5,39
22913,723299,1,39
22914,694908,2,39
22915,3516524,10,39
22916,524023,10,39
22917,2905298,6,39
22918,5132104,8,39
22919,4799330,4,39
22920,5992339,10,39
22921,1264585,2,39
22922,5443557,9,39
22923,4572884,9,39
22924,2718335,12,39
22925,5301167,1,39
22926,725727,4,39
22927,2160203,3,39
22928,1905773,6,39
22929,3193240,9,39
22930,2796050,10,39
22931,3541800,12,39
22932,5522433,12,39
22933,1317578,2,39
22934,4692350,10,39
22935,5128646,10,39
22936,5116337,8,39
22937,4369611,9,39
22938,2772468,4,39
22939,3280598,12,39
22940,2549404,9,39
22941,2278479,9,39
22942,689092,5,39
22943,4069092,11,39
22944,3584334,10,39
22945,5623338,9,39
22946,4091305,4,39
22947,2359287,8,39
22948,1801851,10,39
22949,236653,1,39
22950,1396298,8,39
22951,4404637,9,39
22952,111422,9,39
22953,1023885,9,39
22954,1684292,9,39
22955,5169553,7,39
22956,1379352,12,39
22957,3291591,5,39
22958,6219105,9,39
22959,3386999,8,39
22960,624973,10,39
22961,3209384,5,39
22962,2219282,3,39
22963,3115492,9,39
22964,3558455,3,39
22965,454302,3,39
22966,4958469,7,39
22967,5903151,12,39
22968,3912753,11,39
22969,2999611,11,39
22970,22430,10,39
22971,6106014,10,39
22972,2206774,6,39
22973,1336204,11,39
22974,1788410,11,39
22975,1571369,12,39
22976,5620025,11,39
22977,1246794,1,39
22978,726075,3,39
22979,565234,5,39
22980,2777068,6,39
22981,4849056,12,39
22982,3055779,9,39
22983,3075770,11,39
22984,1477745,3,39
22985,1292434,9,39
22986,3623681,1,39
22987,5813169,11,39
22988,6143606,10,39
22989,3659885,3,39
22990,4706795,5,39
22991,4436567,1,39
22992,314409,1,39
22993,2132674,1,39
22994,2073937,1,39
22995,2994614,12,39
22996,5542285,12,39
22997,682114,8,39
22998,1278388,8,39
22999,2680675,6,39
23000,4314065,8,39
23001,1331963,10,39
23002,2608984,11,39
23003,3994019,9,39
23004,5501083,10,39
23005,4084986,5,39
23006,4035797,5,39
23007,3656317,10,39
23008,46849,7,39
23009,6376710,10,39
23010,2264762,4,39
23011,4319355,1,39
23012,3674278,1,39
23013,4256808,8,39
23014,1201660,12,39
23015,3720110,8,39
23016,1261236,9,39
23017,4795482,12,39
23018,1476871,9,39
23019,3785417,8,39
23020,4650862,10,39
23021,3791104,10,39
23022,5061084,9,39
23023,6218771,3,39
23024,4948900,9,39
23025,6311140,6,39
23026,3349222,1,39
23027,1459602,11,39
23028,369293,9,39
23029,2467092,8,39
23030,2726547,10,39
23031,2354590,11,39
23032,726283,12,39
23033,4564758,10,39
23034,812601,11,39
23035,4955014,12,39
23036,4240552,5,39
23037,5419861,10,39
23038,4604988,9,39
23039,3209387,9,39
23040,5299460,1,39
23041,2461367,9,39
23042,233818,3,39
23043,5311363,8,39
23044,5672800,2,39
23045,2430360,10,39
23046,271521,9,39
23047,2457094,11,39
23048,4861465,11,39
23049,1054311,5,39
23050,1729736,8,39
23051,4164611,11,39
23052,1612410,8,39
23053,1352584,10,39
23054,16347,11,39
23055,3133864,9,39
23056,232866,8,39
23057,2317223,10,39
23058,6201831,8,39
23059,1386924,11,39
23060,2307466,1,39
23061,1629880,11,39
23062,1143013,12,39
23063,5067402,3,39
23064,6456765,9,39
23065,6167846,12,39
23066,5387176,5,39
23067,3309551,1,39
23068,4716016,10,39
23069,2991105,10,39
23070,3857194,3,39
23071,3431364,11,39
23072,4325514,11,39
23073,2054613,4,39
23074,2533072,11,39
23075,492660,11,39
23076,205513,10,39
23077,5609054,7,39
23078,625994,12,39
23079,4370736,9,39
23080,4421443,3,39
23081,2373712,12,39
23082,442413,10,39
23083,4092455,11,39
23084,3819405,12,39
23085,53810,8,39
23086,3728627,7,39
23087,282435,11,39
23088,247995,1,39
23089,2533760,9,39
23090,1355182,8,39
23091,4380439,1,39
23092,361137,10,39
23093,6291326,11,39
23094,504294,6,39
23095,5604503,4,39
23096,1269887,5,39
23097,4221359,1,39
23098,720199,9,39
23099,3119531,10,39
23100,5671861,12,39
23101,4385640,8,39
23102,5914534,5,39
23103,3924478,5,39
23104,3176384,1,39
23105,2667546,5,39
23106,4485740,6,39
23107,240771,11,39
23108,6363590,10,39
23109,5272161,8,39
23110,1025839,1,39
23111,3999790,7,39
23112,4296773,10,39
23113,3532006,3,39
23114,4914416,11,39
23115,804235,8,39
23116,1689467,9,39
23117,3358839,1,39
23118,691834,4,39
23119,2917593,4,39
23120,4414289,1,39
23121,2318574,11,39
23122,4065354,11,39
23123,5416928,7,39
23124,3314121,10,39
23125,3086550,12,39
23126,1328227,5,39
23127,2048750,11,39
23128,3412776,6,39
23129,1140465,10,39
23130,4115987,9,39
23131,5169851,8,39
23132,172829,11,39
23133,3847300,1,39
23134,6138860,11,39
23135,3772244,6,39
23136,3071237,10,39
23137,4414462,3,39
23138,4839595,10,39
23139,2568915,6,39
23140,3067775,10,39
23141,1443901,3,39
23142,4402526,8,39
23143,4577177,4,39
23144,1176263,10,39
23145,1839568,5,39
23146,2084530,5,39
23147,6218555,12,39
23148,3498432,12,39
23149,442047,5,39
23150,3532903,4,39
23151,4874322,1,39
23152,407501,10,39
23153,5302715,6,39
23154,3873958,1,39
23155,1816354,5,39
23156,2243117,1,39
23157,6014638,10,39
23158,3703447,9,39
23159,1346446,9,39
23160,4762604,6,39
23161,6198605,12,39
23162,1443076,12,39
23163,3836231,8,39
23164,2369340,1,39
23165,4595078,10,39
23166,4610102,1,39
23167,1613953,4,39
23168,1151416,6,39
23169,349116,12,39
23170,5734273,1,39
23171,1242243,6,39
23172,1587138,8,40
23173,2270016,11,40
23174,4914416,3,40
23175,390110,8,40
23176,1170681,4,40
23177,1492652,9,40
23178,4435947,11,40
23179,4562275,11,40
23180,2206774,12,40
23181,192539,11,40
23182,2999442,8,40
23183,4193200,5,40
23184,3791104,12,40
23185,3703447,10,40
23186,3148259,4,40
23187,1201660,10,40
23188,4287754,7,40
23189,2506188,12,40
23190,3753879,5,40
23191,3079970,1,40
23192,63433,11,40
23193,3721141,3,40
23194,776469,3,40
23195,219473,8,40
23196,715056,10,40
23197,4741690,12,40
23198,3538066,1,40
23199,4516903,3,40
23200,2791621,1,40
23201,1933231,10,40
23202,3300574,5,40
23203,5565454,10,40
23204,3346433,4,40
23205,1193708,11,40
23206,2568682,8,40
23207,5660036,4,40
23208,3741774,10,40
23209,3994019,12,40
23210,2602668,10,40
23211,5880356,12,40
23212,2752045,11,40
23213,4158394,9,40
23214,1169198,12,40
23215,2463543,10,40
23216,4058245,4,40
23217,644636,3,40
23218,3298181,10,40
23219,3664110,10,40
23220,2579954,2,40
23221,2148461,9,40
23222,4817994,8,40
23223,1684292,5,40
23224,3466183,11,40
23225,4029112,12,40
23226,3057454,1,40
23227,4129015,1,40
23228,271521,10,40
23229,1150312,3,40
23230,2558765,10,40
23231,5073558,10,40
23232,460677,5,40
23233,4035891,10,40
23234,4591539,4,40
23235,1305099,4,40
23236,1151416,9,40
23237,932111,5,40
23238,2048750,9,40
23239,5494253,10,40
23240,2987851,7,40
23241,4046960,11,40
23242,968860,11,40
23243,3207930,12,40
23244,71580,7,40
23245,6306655,7,40
23246,2661601,9,40
23247,4677592,11,40
23248,1247982,10,40
23249,943197,12,40
23250,1766448,12,40
23251,3067775,4,40
23252,3772244,10,40
23253,1724302,10,40
23254,5813169,11,40
23255,3500325,5,40
23256,4612202,10,40
23257,275398,7,40
23258,1867936,9,40
23259,1453849,10,40
23260,2589079,8,40
23261,5012107,4,40
23262,6377872,1,40
23263,5156561,10,40
23264,2264762,12,40
23265,1999392,10,40
23266,1839568,12,40
23267,1028456,5,40
23268,5522433,3,40
23269,3718243,5,40
23270,4221359,1,40
23271,1379119,1,40
23272,1459602,5,40
23273,1074560,10,40
23274,1731482,12,40
23275,3764169,10,40
23276,243327,8,40
23277,6003919,5,40
23278,2539395,1,40
23279,3669565,9,40
23280,3209384,3,40
23281,6284810,10,40
23282,563447,11,40
23283,487753,9,40
23284,1844757,5,40
23285,591603,1,40
23286,6450503,6,40
23287,958701,5,40
23288,898943,10,40
23289,2823845,11,40
23290,3357467,4,40
23291,3981732,11,40
23292,601769,8,40
23293,1456373,9,40
23294,4861465,11,40
23295,3120519,11,40
23296,461181,12,40
23297,812233,12,40
23298,5103547,12,40
23299,3068688,1,40
23300,1578082,9,40
23301,1405679,11,40
23302,3457443,1,40
23303,6138860,12,40
23304,4432918,9,40
23305,1383074,1,40
23306,856142,10,40
23307,5634124,1,40
23308,6473329,8,40
23309,4447780,12,40
23310,5213417,12,40
23311,5791180,4,40
23312,6243813,4,40
23313,6283998,9,40
23314,3405541,11,40
23315,4228535,10,40
23316,4308495,10,40
23317,1217412,8,40
23318,1535805,12,40
23319,2350437,11,40
23320,88290,10,40
23321,4629280,8,40
23322,5910926,10,40
23323,4968406,8,40
23324,2996936,11,40
23325,4164611,11,40
23326,2457094,9,40
23327,1816354,12,40
23328,5161997,9,40
23329,5630222,1,40
23330,3882679,3,40
23331,755414,10,40
23332,4169212,5,40
23333,779092,12,40
23334,6476499,10,40
23335,4021086,5,40
23336,1255899,9,40
23337,6081830,10,40
23338,1140465,10,40
23339,4298469,8,40
23340,624973,11,40
23341,128550,10,40
23342,4692350,10,40
23343,5116337,10,40
23344,4613440,10,40
23345,4486163,8,40
23346,3151007,10,40
23347,6278108,10,40
23348,83824,5,40
23349,736100,3,40
23350,726283,9,40
23351,247995,1,40
23352,5786514,11,40
23353,2081509,12,40
23354,5812519,4,40
23355,5270707,11,40
23356,1548438,4,40
23357,5211818,8,40
23358,5443557,6,40
23359,5824379,5,40
23360,3410495,10,40
23361,2077665,11,40
23362,233818,4,40
23363,5494991,2,40
23364,460974,3,40
23365,545309,11,40
23366,5019374,11,40
23367,618667,3,40
23368,2825544,12,40
23369,3876788,7,40
23370,3032076,6,40
23371,4041755,10,40
23372,371874,7,40
23373,562626,10,40
23374,3757706,5,40
23375,1571369,9,40
23376,3266429,12,40
23377,5446996,10,40
23378,2698630,9,40
23379,3623466,9,40
23380,5434223,6,40
23381,2424966,11,40
23382,6266325,1,40
23383,6095670,11,40
23384,709060,8,40
23385,467697,5,40
23386,2233869,7,40
23387,3632617,3,40
23388,1456382,11,40
23389,6347052,4,40
23390,1405276,8,40
23391,2278479,9,40
23392,1355182,5,40
23393,3679302,6,40
23394,3069943,12,40
23395,491601,4,40
23396,4025997,3,40
23397,4701051,9,40
23398,5173938,10,40
23399,2495289,9,40
23400,5091774,2,40
23401,1410672,11,40
23402,2458642,9,40
23403,2639434,9,40
23404,3367310,1,40
23405,6469478,9,40
23406,5794156,1,40
23407,494341,12,40
23408,5464845,5,40
23409,526864,6,40
23410,4706795,4,40
23411,5358538,3,40
23412,3658130,11,40
23413,3728627,4,40
23414,1469266,6,40
23415,2302045,9,40
23416,4625869,10,40
23417,122416,9,40
23418,1928350,4,40
23419,2933437,7,40
23420,2504523,9,40
23421,1317300,9,40
23422,4955752,4,40
23423,3066281,4,40
23424,2388471,12,40
23425,201823,11,40
23426,5290043,9,40
23427,2073937,6,40
23428,934881,11,40
23429,4577177,4,40
23430,6157494,12,40
23431,1439327,10,40
23432,2612131,9,40
23433,4419698,12,40
23434,2545524,1,40
23435,1289518,10,40
23436,2570024,1,40
23437,3443884,9,40
23438,6182753,12,40
23439,3798593,12,40
23440,4385640,11,40
23441,1631649,11,40
23442,5699214,9,40
23443,3349451,1,40
23444,327221,5,40
23445,804235,3,40
23446,6486296,1,40
23447,5823210,10,40
23448,739886,6,40
23449,5301682,5,40
23450,5262746,11,40
23451,701309,8,40
23452,5736611,8,40
23453,3435750,4,40
23454,3524820,10,40
23455,5236858,5,40
23456,6356190,12,40
23457,3420974,9,40
23458,1133607,7,40
23459,4248273,1,40
23460,332173,9,40
23461,3152135,12,40
23462,6432190,2,40
23463,1736470,12,40
23464,2321644,11,40
23465,178685,10,40
23466,4319661,11,40
23467,3924478,1,40
23468,3321676,11,40
23469,1938054,7,40
23470,4227998,12,40
23471,2048296,1,40
23472,4398979,12,40
23473,3251181,10,40
23474,4283914,9,40
23475,3498432,10,40
23476,5788497,10,40
23477,3757651,9,40
23478,6059563,9,40
23479,1624071,9,40
23480,5202311,4,40
23481,3741057,1,40
23482,75212,3,40
23483,4249393,9,40
23484,3403677,8,40
23485,1083040,11,40
23486,1317578,9,40
23487,4755368,11,40
23488,6109293,3,40
23489,4306293,5,40
23490,995546,3,40
23491,5714395,6,40
23492,6106014,11,40
23493,4294205,4,40
23494,3191799,12,40
23495,804492,12,40
23496,3601549,5,40
23497,2529025,3,40
23498,2667546,9,40
23499,164576,9,40
23500,3211472,9,40
23501,2160203,3,40
23502,3454553,4,40
23503,5135762,10,40
23504,4479350,11,40
23505,885039,9,40
23506,246478,4,40
23507,4404637,10,40
23508,4128766,4,40
23509,3176384,1,40
23510,1936645,3,40
23511,3722094,11,40
23512,4037285,10,40
23513,4938704,8,40
23514,3859939,4,40
23515,691992,9,40
23516,1892325,9,40
23517,5121473,5,40
23518,4438053,4,40
23519,2149609,9,40
23520,5257210,6,40
23521,5729785,9,40
23522,5914534,10,40
23523,33169,10,40
23524,4078620,9,40
23525,4698568,6,40
23526,973777,5,40
23527,2088911,12,40
23528,1114477,12,40
23529,2106775,9,40
23530,3863135,6,40
23531,3261552,11,40
23532,3873958,1,40
23533,1132010,6,40
23534,4318647,11,40
23535,3213014,10,40
23536,1758986,6,40
23537,3698100,1,40
23538,1262699,9,40
23539,2299566,9,40
23540,4498450,11,40
23541,1548644,12,40
23542,6293359,5,40
23543,5271430,10,40
23544,1269426,11,40
23545,6075416,5,40
23546,6495643,9,40
23547,2801432,12,40
23548,5050748,9,40
23549,2633965,5,40
23550,3632230,11,40
23551,5382808,3,40
23552,3395004,9,40
23553,1270083,11,40
23554,1804922,1,40
23555,4172668,5,40
23556,4422413,1,40
23557,6045114,12,40
23558,1502504,9,40
23559,4206122,8,40
23560,3520364,12,40
23561,1986065,10,40
23562,1696406,12,40
23563,5480049,6,40
23564,587339,11,40
23565,528415,8,40
23566,4710640,12,40
23567,3921567,10,40
23568,4183406,2,40
23569,3945655,11,40
23570,696308,10,40
23571,4925209,8,40
23572,5132104,9,40
23573,4945064,8,40
23574,47504,9,40
23575,193339,6,40
23576,1979955,9,40
23577,3964138,12,40
23578,322218,12,40
23579,1915112,10,40
23580,5564655,11,40
23581,3341089,10,40
23582,3836231,8,40
23583,2538894,12,40
23584,2711880,10,40
23585,5740378,8,40
23586,4516051,1,40
23587,300086,12,40
23588,4296773,1,40
23589,4475738,7,40
23590,5529324,9,40
23591,3306386,1,40
23592,5517394,12,40
23593,4012484,11,40
23594,2077125,1,40
23595,4572884,6,40
23596,5340613,10,40
23597,4528911,4,40
23598,3041580,11,40
23599,5584904,3,40
23600,1379966,5,40
23601,70791,9,40
23602,5689584,4,40
23603,1905773,2,40
23604,2840610,9,40
23605,3133864,10,40
23606,4307618,1,40
23607,1259576,4,40
23608,4540588,10,40
23609,3451554,6,40
23610,2779350,11,40
23611,4774930,3,40
23612,2876903,12,40
23613,4550237,8,40
23614,3311168,9,40
23615,455195,6,40
23616,1247517,10,40
23617,6218555,3,40
23618,4955014,9,40
23619,6376710,6,40
23620,5449550,8,40
23621,3952244,1,40
23622,1352953,10,40
23623,1782530,1,40
23624,3685759,5,40
23625,1050344,11,40
23626,5532818,10,40
23627,3941730,11,40
23628,3344933,12,40
23629,6133051,3,40
23630,2159224,10,40
23631,4884722,1,40
23632,3668393,5,40
23633,4495752,9,40
23634,4535556,8,40
23635,3734137,3,40
23636,6387969,11,40
23637,6468161,4,40
23638,5903151,11,40
23639,1553922,1,40
23640,5117113,11,40
23641,4031419,9,40
23642,5489522,4,40
23643,1496310,9,40
23644,843427,12,40
23645,5992339,12,40
23646,3358839,9,40
23647,640493,4,40
23648,3767759,11,40
23649,4430287,10,40
23650,5313663,11,40
23651,6124522,12,40
23652,3509856,12,40
23653,2096562,10,40
23654,2195782,10,40
23655,196427,1,40
23656,4474501,10,40
23657,1801851,12,40
23658,169490,11,40
23659,4135807,5,40
23660,2099794,10,40
23661,4546275,3,40
23662,16347,5,40
23663,1596961,4,40
23664,4202919,11,40
23665,457987,12,40
23666,4023211,10,40
23667,3923276,9,40
23668,1954053,12,40
23669,4485740,6,40
23670,5734879,10,40
23671,779006,10,40
23672,4329184,10,40
23673,2062416,9,40
23674,4202811,9,40
23675,3938245,8,40
23676,735318,12,40
23677,656054,10,40
23678,2829062,4,40
23679,1907590,8,40
23680,5021903,1,40
23681,91436,12,40
23682,5628353,6,40
23683,5773408,9,40
23684,343310,5,40
23685,1562027,11,40
23686,6436107,1,40
23687,1866932,10,40
23688,3193240,9,40
23689,615346,11,40
23690,1409471,9,40
23691,2348351,3,40
23692,3196145,12,40
23693,5011227,12,40
23694,4002671,10,40
23695,257630,10,40
23696,233700,11,40
23697,504294,10,40
23698,626746,10,40
23699,1198748,9,40
23700,3999976,10,40
23701,1443076,12,40
23702,6195611,3,40
23703,5792640,1,40
23704,1108981,10,40
23705,4604988,12,40
23706,1887150,3,40
23707,3308605,11,40
23708,5374507,4,40
23709,1776555,9,40
23710,4742921,9,40
23711,2624982,1,40
23712,5301167,4,40
23713,2340935,8,40
23714,1475618,1,40
23715,948408,5,40
23716,1873558,11,40
23717,5753368,10,40
23718,5145320,1,40
23719,5890211,12,40
23720,180504,9,40
23721,4969125,9,40
23722,3349997,12,40
23723,2626971,5,40
23724,6335790,12,40
23725,6375521,4,40
23726,4244448,11,40
23727,4373030,12,40
23728,248590,9,40
23729,5568223,9,40
23730,2179523,11,40
23731,961227,12,40
23732,648293,11,40
23733,591328,9,40
23734,2298803,1,40
23735,5947808,10,40
23736,4360902,4,40
23737,18274,4,40
23738,6010262,10,40
23739,5788746,12,40
23740,846084,12,40
23741,314409,1,40
23742,5733739,3,40
23743,3957000,1,40
23744,2668469,3,40
23745,2837685,1,40
23746,1965484,7,40
23747,6224510,12,40
23748,1367335,3,40
23749,3779666,6,40
23750,5141311,5,40
23751,5493355,10,40
23752,2608378,4,40
23753,5154723,11,40
23754,3877388,2,40
23755,3258791,12,40
23756,1507526,5,40
23757,5133434,8,40
23758,1841705,4,40
23759,4433623,9,40
23760,1008573,1,40
23761,2832693,6,40
23762,5852929,3,40
23763,3091854,6,40
23764,2223394,6,40
23765,2583369,10,40
23766,5889375,6,40
23767,3570636,9,40
23768,2533072,5,40
23769,2774218,8,40
23770,1911645,12,40
23771,5272161,11,40
23772,300489,8,40
23773,842523,10,40
23774,6394574,11,40
23775,1950960,8,40
23776,2174215,9,40
23777,5630173,11,40
23778,1356423,7,40
23779,3999790,11,40
23780,842523,9,41
23781,330002,12,41
23782,2388471,9,41
23783,6409192,1,41
23784,4209152,11,41
23785,3395342,8,41
23786,1549718,9,41
23787,3349222,1,41
23788,4742049,10,41
23789,4414462,5,41
23790,1361983,5,41
23791,896326,3,41
23792,5852929,7,41
23793,4712842,12,41
23794,3441769,11,41
23795,3216525,9,41
23796,4698568,4,41
23797,6095670,10,41
23798,6283998,9,41
23799,1185399,12,41
23800,4728975,12,41
23801,3260218,12,41
23802,691992,9,41
23803,2092543,12,41
23804,761403,5,41
23805,1151416,7,41
23806,250780,9,41
23807,640493,1,41
23808,5974410,9,41
23809,4240552,12,41
23810,2507895,8,41
23811,4924190,10,41
23812,4350241,12,41
23813,1048618,11,41
23814,214642,10,41
23815,1129583,1,41
23816,3721141,4,41
23817,4437252,8,41
23818,267470,3,41
23819,3469095,9,41
23820,4710640,11,41
23821,1191990,9,41
23822,4227998,11,41
23823,3979562,5,41
23824,361137,3,41
23825,2138270,1,41
23826,992606,11,41
23827,2292303,10,41
23828,467697,7,41
23829,1439327,11,41
23830,4782163,9,41
23831,6293729,1,41
23832,4800441,1,41
23833,5897708,3,41
23834,6343621,8,41
23835,1676516,5,41
23836,907290,12,41
23837,192539,4,41
23838,3769532,9,41
23839,722112,1,41
23840,5568223,9,41
23841,1119039,11,41
23842,691834,3,41
23843,4719714,1,41
23844,360708,8,41
23845,6495643,11,41
23846,4279139,1,41
23847,4096952,12,41
23848,2506188,4,41
23849,3078432,12,41
23850,1587113,11,41
23851,4437990,11,41
23852,5154723,9,41
23853,2602360,3,41
23854,4187064,9,41
23855,2327733,6,41
23856,364733,10,41
23857,1733752,9,41
23858,4360902,3,41
23859,3737297,5,41
23860,2546056,2,41
23861,5258601,1,41
23862,546733,12,41
23863,2121417,8,41
23864,6141157,3,41
23865,2785750,9,41
23866,3674278,1,41
23867,4400489,12,41
23868,3809077,9,41
23869,1570606,4,41
23870,5575237,9,41
23871,88290,10,41
23872,2203625,9,41
23873,696299,10,41
23874,5418915,10,41
23875,5093888,9,41
23876,4762886,12,41
23877,4706795,3,41
23878,491601,3,41
23879,4955014,12,41
23880,5903151,11,41
23881,6291326,6,41
23882,6336464,12,41
23883,986245,9,41
23884,5990869,11,41
23885,2539395,2,41
23886,1449900,5,41
23887,1458145,9,41
23888,1255899,6,41
23889,965276,8,41
23890,5029170,8,41
23891,6439307,12,41
23892,935843,12,41
23893,2223970,1,41
23894,736100,8,41
23895,6116428,9,41
23896,6258800,3,41
23897,454302,6,41
23898,4164611,11,41
23899,1986764,8,41
23900,1758986,3,41
23901,6045114,12,41
23902,5135337,9,41
23903,624973,6,41
23904,543404,8,41
23905,3601549,12,41
23906,3120519,10,41
23907,2979332,3,41
23908,1684292,11,41
23909,5713979,12,41
23910,5996893,10,41
23911,2461367,7,41
23912,3431018,10,41
23913,1894044,6,41
23914,1269887,11,41
23915,2961189,9,41
23916,160841,6,41
23917,3581894,9,41
23918,3265642,4,41
23919,3504899,1,41
23920,3451554,6,41
23921,3582609,10,41
23922,1892325,11,41
23923,528415,9,41
23924,6335790,10,41
23925,2800695,11,41
23926,2837458,10,41
23927,4756240,11,41
23928,5289015,9,41
23929,4925209,6,41
23930,2510668,4,41
23931,2582939,10,41
23932,4042491,3,41
23933,5343135,9,41
23934,6343751,8,41
23935,3422530,12,41
23936,2752045,11,41
23937,5794156,1,41
23938,223511,10,41
23939,6302231,10,41
23940,4934328,9,41
23941,5103613,6,41
23942,2169998,3,41
23943,2956344,11,41
23944,4595078,10,41
23945,5417751,7,41
23946,3358839,1,41
23947,172553,9,41
23948,467625,1,41
23949,1443076,12,41
23950,1412895,4,41
23951,4898172,5,41
23952,4350985,10,41
23953,887016,10,41
23954,4682150,10,41
23955,2450561,7,41
23956,4649438,10,41
23957,5285502,10,41
23958,1610017,5,41
23959,172829,8,41
23960,5487067,11,41
23961,444403,10,41
23962,4282015,11,41
23963,2236156,2,41
23964,625994,10,41
23965,4430287,10,41
23966,5349413,12,41
23967,2796050,11,41
23968,2088911,8,41
23969,1716912,4,41
23970,3619997,6,41
23971,6149865,9,41
23972,4682119,12,41
23973,3485712,8,41
23974,4540588,4,41
23975,1259576,4,41
23976,4879685,6,41
23977,628380,4,41
23978,1125899,8,41
23979,3509856,8,41
23980,2019978,11,41
23981,3957000,1,41
23982,3209384,5,41
23983,5446996,7,41
23984,2366922,5,41
23985,5699908,11,41
23986,1097750,6,41
23987,3779666,12,41
23988,5316775,12,41
23989,6352119,11,41
23990,4774930,12,41
23991,4013479,8,41
23992,1440856,9,41
23993,2343504,11,41
23994,1612410,10,41
23995,822090,12,41
23996,1496310,6,41
23997,1355182,10,41
23998,396899,11,41
23999,5011227,9,41
24000,300086,12,41
24001,5225090,10,41
24002,2360662,11,41
24003,5388733,5,41
24004,3403677,9,41
24005,3610804,11,41
24006,5278086,6,41
24007,3221470,9,41
24008,3885354,1,41
24009,753158,8,41
24010,2608984,6,41
24011,3832851,4,41
24012,2366843,9,41
24013,3431364,12,41
24014,4591539,1,41
24015,6123684,12,41
24016,4002671,10,41
24017,2665775,12,41
24018,4035797,11,41
24019,6300844,9,41
24020,5669761,11,41
24021,1456373,5,41
24022,4256230,8,41
24023,4021086,5,41
24024,5933997,9,41
24025,2361002,12,41
24026,442413,6,41
24027,715056,11,41
24028,5432400,5,41
24029,1696406,9,41
24030,2910586,11,41
24031,3538066,12,41
24032,6236783,4,41
24033,2526615,11,41
24034,5542285,12,41
24035,4849056,11,41
24036,1518278,4,41
24037,4552528,10,41
24038,3439726,12,41
24039,2458642,9,41
24040,2999442,4,41
24041,5788746,10,41
24042,248590,12,41
24043,5630222,1,41
24044,6050619,7,41
24045,2077125,4,41
24046,73654,5,41
24047,2451178,12,41
24048,1811206,11,41
24049,573527,3,41
24050,6151658,5,41
24051,3168425,12,41
24052,5888215,5,41
24053,31246,6,41
24054,3489743,12,41
24055,4680612,8,41
24056,3438265,8,41
24057,1288091,12,41
24058,546775,11,41
24059,1841705,9,41
24060,6010262,9,41
24061,2962431,7,41
24062,2482340,6,41
24063,730883,9,41
24064,3300574,8,41
24065,884365,11,41
24066,4516903,5,41
24067,3509860,10,41
24068,6387969,11,41
24069,3308605,10,41
24070,1767835,10,41
24071,2721811,8,41
24072,4123087,9,41
24073,1502851,7,41
24074,1754074,12,41
24075,2801432,9,41
24076,1776555,10,41
24077,4218613,10,41
24078,4938534,9,41
24079,196427,1,41
24080,5635947,1,41
24081,5788497,1,41
24082,3863135,5,41
24083,1276713,10,41
24084,1379352,12,41
24085,3924478,1,41
24086,3876788,3,41
24087,5067402,3,41
24088,479669,11,41
24089,6176047,10,41
24090,4955752,5,41
24091,1383074,1,41
24092,4413193,10,41
24093,4938704,2,41
24094,1163804,10,41
24095,4531987,11,41
24096,3658130,10,41
24097,3938245,12,41
24098,4198862,4,41
24099,591603,12,41
24100,2037116,10,41
24101,716640,10,41
24102,3913573,10,41
24103,2195782,12,41
24104,5694553,12,41
24105,1808600,12,41
24106,4910714,10,41
24107,2073937,1,41
24108,5522433,9,41
24109,1469266,9,41
24110,3543957,8,41
24111,2166831,8,41
24112,6307456,1,41
24113,2558765,9,41
24114,615346,9,41
24115,2757947,12,41
24116,1844757,11,41
24117,1816354,3,41
24118,2106775,3,41
24119,2857640,10,41
24120,4319355,1,41
24121,200655,11,41
24122,4325514,11,41
24123,6053580,9,41
24124,1923823,11,41
24125,3067775,12,41
24126,945607,12,41
24127,71852,9,41
24128,2525429,10,41
24129,2843297,12,41
24130,278889,6,41
24131,4747268,11,41
24132,1562027,9,41
24133,3071237,9,41
24134,2985708,11,41
24135,2415791,8,41
24136,883136,1,41
24137,1954053,11,41
24138,1822213,4,41
24139,4317171,8,41
24140,3388074,8,41
24141,2607591,5,41
24142,4487540,4,41
24143,3623681,3,41
24144,5947808,3,41
24145,614514,5,41
24146,275398,5,41
24147,974807,9,41
24148,6346451,4,41
24149,4516051,9,41
24150,3261552,7,41
24151,6112630,3,41
24152,6140348,10,41
24153,1114578,11,41
24154,616317,5,41
24155,1404299,9,41
24156,2229032,8,41
24157,2633965,3,41
24158,149826,1,41
24159,5161997,10,41
24160,6403604,9,41
24161,4891823,10,41
24162,2929591,4,41
24163,5493355,9,41
24164,885039,7,41
24165,2746361,1,41
24166,578015,9,41
24167,4436567,9,41
24168,3815837,8,41
24169,2291667,5,41
24170,4129015,10,41
24171,11947,2,41
24172,3934933,5,41
24173,3703447,9,41
24174,2042603,1,41
24175,1603615,3,41
24176,6081830,9,41
24177,869424,10,41
24178,3032076,7,41
24179,1582805,4,41
24180,5682977,5,41
24181,2340935,8,41
24182,990948,8,41
24183,3417802,5,41
24184,3679302,12,41
24185,1386924,12,41
24186,812233,10,41
24187,4755368,8,41
24188,6320374,6,41
24189,2853764,12,41
24190,5733739,10,41
24191,1303274,1,41
24192,1658533,5,41
24193,6473161,8,41
24194,3115492,9,41
24195,4762604,6,41
24196,5056667,11,41
24197,6046495,9,41
24198,739886,6,41
24199,5679773,5,41
24200,2245654,10,41
24201,4375127,9,41
24202,341740,10,41
24203,4158394,12,41
24204,4958469,8,41
24205,1775857,10,41
24206,5272161,9,41
24207,749233,12,41
24208,1233505,6,41
24209,4385640,8,41
24210,2378317,10,41
24211,5672165,10,41
24212,218612,4,41
24213,5890211,10,41
24214,3404639,11,41
24215,5750131,1,41
24216,141088,3,41
24217,2298549,4,41
24218,6142168,12,41
24219,1028957,7,41
24220,2491263,6,41
24221,4398403,4,41
24222,2424966,12,41
24223,3100855,12,41
24224,4535556,12,41
24225,3347411,4,41
24226,250733,5,41
24227,726075,12,41
24228,890618,10,41
24229,1698135,11,41
24230,2549026,8,41
24231,995030,10,41
24232,4479350,9,41
24233,1437266,5,41
24234,1475618,11,41
24235,3570530,11,41
24236,46849,7,41
24237,2676970,4,41
24238,5434223,6,41
24239,5284217,1,41
24240,2189373,12,41
24241,6264046,5,41
24242,3863882,9,41
24243,5257079,11,41
24244,2829062,9,41
24245,2944542,5,41
24246,4327875,9,41
24247,2298378,4,41
24248,353751,6,41
24249,4000125,1,41
24250,4488254,8,41
24251,5854822,12,41
24252,2412427,7,41
24253,4221359,5,41
24254,4402112,11,41
24255,1150312,7,41
24256,3791212,12,41
24257,763690,12,41
24258,3131453,10,41
24259,3877388,8,41
24260,70791,11,41
24261,6473281,5,41
24262,1804922,1,41
24263,4495773,11,41
24264,4741690,8,41
24265,5084177,9,41
24266,627251,10,41
24267,2145393,12,41
24268,4005896,11,41
24269,4424118,10,41
24270,6155217,3,41
24271,5736611,11,41
24272,3207930,10,41
24273,5890238,3,41
24274,5345259,5,41
24275,139954,4,41
24276,4016269,4,41
24277,5398855,11,41
24278,5117113,1,41
24279,66291,9,41
24280,4373030,12,41
24281,2122208,9,41
24282,2282900,6,41
24283,3402470,10,41
24284,4512033,5,41
24285,3157209,12,41
24286,6266325,1,41
24287,5887730,6,41
24288,4902409,10,41
24289,900847,10,41
24290,2491609,9,41
24291,365836,8,41
24292,240771,7,41
24293,4884722,1,41
24294,1979955,11,41
24295,869700,1,41
24296,5213417,12,41
24297,4475738,12,41
24298,5660189,5,41
24299,4613440,10,41
24300,1736771,4,41
24301,3767759,12,41
24302,4978183,10,41
24303,4485740,4,41
24304,804492,8,41
24305,2066791,7,41
24306,5826554,2,41
24307,1757589,9,41
24308,4550237,6,41
24309,70117,3,41
24310,806759,9,41
24311,3123507,4,41
24312,4200998,4,41
24313,1589302,9,41
24314,3309551,1,41
24315,628513,1,41
24316,2457094,11,41
24317,1405276,11,41
24318,958701,9,41
24319,2132674,1,41
24320,180504,9,41
24321,3905760,11,41
24322,475511,5,41
24323,3952244,4,41
24324,2578191,5,41
24325,5940589,1,41
24326,3791104,12,41
24327,1690106,8,41
24328,1994055,12,41
24329,3405541,9,41
24330,4933263,3,41
24331,495439,6,41
24332,5248442,7,41
24333,2263732,11,41
24334,371874,10,41
24335,6036135,7,41
24336,4402526,6,41
24337,5042288,12,41
24338,591328,5,41
24339,3669565,11,41
24340,5251619,5,41
24341,970264,6,41
24342,3809721,9,41
24343,862071,1,41
24344,568905,8,41
24345,3038525,1,41
24346,5020845,9,41
24347,3258903,8,41
24348,1352953,9,41
24349,5419861,3,41
24350,6024083,7,41
24351,2243117,2,41
24352,1911133,4,41
24353,2219282,12,41
24354,3788288,4,41
24355,332173,9,41
24356,2533760,9,41
24357,3520364,6,41
24358,6389015,3,41
24359,6409773,12,41
24360,5618647,9,41
24361,5745385,10,41
24362,2784760,7,41
24363,2298423,6,41
24364,1199572,3,41
24365,6396862,10,41
24366,3647072,1,41
24367,2460265,11,41
24368,3570636,9,41
24369,1950960,3,41
24370,5771206,11,42
24371,5645441,3,42
24372,5289015,12,42
24373,200655,12,42
24374,201823,9,42
24375,3632230,9,42
24376,207279,11,42
24377,3848705,8,42
24378,6476499,9,42
24379,4955752,9,42
24380,3885354,11,42
24381,319307,9,42
24382,4080918,3,42
24383,2102413,12,42
24384,1166795,10,42
24385,4745256,1,42
24386,568905,9,42
24387,6059563,12,42
24388,5231308,10,42
24389,4200998,11,42
24390,2075459,9,42
24391,696299,10,42
24392,5231118,11,42
24393,3127584,12,42
24394,401390,10,42
24395,2388471,12,42
24396,3032076,11,42
24397,4805576,1,42
24398,6434508,3,42
24399,869424,4,42
24400,1364616,8,42
24401,1599728,5,42
24402,5477303,1,42
24403,4016707,10,42
24404,385617,3,42
24405,2096562,4,42
24406,2138270,1,42
24407,1475618,1,42
24408,3357467,2,42
24409,3621904,3,42
24410,1780462,5,42
24411,1108553,9,42
24412,3454553,10,42
24413,743790,12,42
24414,579091,10,42
24415,6237488,8,42
24416,1610686,10,42
24417,5121473,12,42
24418,5216004,1,42
24419,4945064,7,42
24420,4874322,1,42
24421,4669998,1,42
24422,3412776,6,42
24423,806759,8,42
24424,2757947,12,42
24425,361137,10,42
24426,3238282,5,42
24427,6414264,3,42
24428,2467604,3,42
24429,6024083,10,42
24430,6133051,4,42
24431,3208964,12,42
24432,196427,8,42
24433,4475738,12,42
24434,1589302,11,42
24435,2956344,8,42
24436,3964138,10,42
24437,3932316,11,42
24438,460774,11,42
24439,3066281,4,42
24440,2538996,9,42
24441,2145393,5,42
24442,2579954,1,42
24443,2291667,11,42
24444,3516524,5,42
24445,5282444,4,42
24446,271521,12,42
24447,1607546,9,42
24448,1255899,9,42
24449,1060522,12,42
24450,6302231,8,42
24451,210942,11,42
24452,4040489,11,42
24453,4958469,9,42
24454,1979955,9,42
24455,4999808,12,42
24456,128550,9,42
24457,3086550,9,42
24458,649444,8,42
24459,3610804,11,42
24460,2414859,10,42
24461,5656384,7,42
24462,1950960,9,42
24463,3338602,1,42
24464,1093907,11,42
24465,3403677,10,42
24466,4828858,4,42
24467,3337421,3,42
24468,5141311,4,42
24469,3157209,12,42
24470,1923823,10,42
24471,2440842,9,42
24472,5248442,1,42
24473,5169851,12,42
24474,4294205,9,42
24475,2857640,10,42
24476,6141967,2,42
24477,4815607,12,42
24478,1246794,11,42
24479,2159224,11,42
24480,22430,9,42
24481,1548438,4,42
24482,5679773,5,42
24483,1742315,9,42
24484,3738359,11,42
24485,6495643,10,42
24486,2525429,10,42
24487,3124632,9,42
24488,601943,1,42
24489,5828659,10,42
24490,1986065,10,42
24491,4585969,11,42
24492,3509856,9,42
24493,3394393,4,42
24494,2340935,8,42
24495,627251,9,42
24496,2365089,10,42
24497,647253,8,42
24498,3990768,9,42
24499,4042491,10,42
24500,739886,6,42
24501,4369611,11,42
24502,1911133,5,42
24503,2458642,5,42
24504,182669,4,42
24505,2321644,10,42
24506,1472087,11,42
24507,223511,6,42
24508,409403,11,42
24509,570421,9,42
24510,5473739,1,42
24511,5672165,9,42
24512,656095,11,42
24513,390110,12,42
24514,3815837,12,42
24515,2586038,10,42
24516,5048928,2,42
24517,6355376,11,42
24518,1439327,11,42
24519,141088,9,42
24520,3924478,5,42
24521,1458145,7,42
24522,2264762,8,42
24523,4351884,12,42
24524,6389015,3,42
24525,1766448,9,42
24526,75212,3,42
24527,2559374,1,42
24528,1348308,7,42
24529,3176384,1,42
24530,6258800,3,42
24531,992606,10,42
24532,3016643,8,42
24533,2282900,11,42
24534,1893959,12,42
24535,3141073,11,42
24536,3638097,11,42
24537,3425934,9,42
24538,1125565,9,42
24539,3300574,4,42
24540,2642336,3,42
24541,67801,9,42
24542,5685904,12,42
24543,2962431,9,42
24544,6307456,1,42
24545,4202811,7,42
24546,2974455,5,42
24547,615477,12,42
24548,5374507,6,42
24549,275398,10,42
24550,5469266,12,42
24551,219473,12,42
24552,2985708,12,42
24553,6003919,5,42
24554,2168548,12,42
24555,4308495,12,42
24556,63627,11,42
24557,988019,3,42
24558,2558765,11,42
24559,1247057,7,42
24560,4793432,10,42
24561,5604753,6,42
24562,2639434,12,42
24563,369293,9,42
24564,5062855,11,42
24565,5992937,10,42
24566,63832,4,42
24567,2539395,2,42
24568,3527514,9,42
24569,3344933,6,42
24570,2667546,11,42
24571,5091774,1,42
24572,323596,11,42
24573,3176771,3,42
24574,950723,4,42
24575,6431772,6,42
24576,3876788,6,42
24577,666101,3,42
24578,5439797,10,42
24579,2063941,11,42
24580,4839843,10,42
24581,3832444,9,42
24582,6429799,10,42
24583,3448211,11,42
24584,2298549,3,42
24585,812601,10,42
24586,4155591,10,42
24587,5225090,10,42
24588,1876570,5,42
24589,2140317,5,42
24590,5672800,5,42
24591,4910714,12,42
24592,5992339,7,42
24593,1008573,1,42
24594,3658130,10,42
24595,5418915,8,42
24596,2823845,11,42
24597,2746361,1,42
24598,5666877,11,42
24599,258372,8,42
24600,5031365,10,42
24601,4025929,5,42
24602,1570606,5,42
24603,2612557,10,42
24604,3024785,3,42
24605,4682150,12,42
24606,6195611,3,42
24607,5169553,7,42
24608,1242243,10,42
24609,2825544,11,42
24610,3451554,3,42
24611,779006,9,42
24612,2658470,10,42
24613,4179514,12,42
24614,5542285,11,42
24615,3439036,4,42
24616,3408244,9,42
24617,3162293,6,42
24618,2462037,10,42
24619,83824,10,42
24620,5888115,9,42
24621,1269887,9,42
24622,3055779,6,42
24623,6440036,4,42
24624,2545524,1,42
24625,862071,1,42
24626,4998457,12,42
24627,917822,11,42
24628,6293359,9,42
24629,5567351,4,42
24630,472659,8,42
24631,2602360,7,42
24632,4946988,8,42
24633,2619388,9,42
24634,3619997,6,42
24635,3107499,10,42
24636,682114,4,42
24637,214642,10,42
24638,4105162,10,42
24639,943197,9,42
24640,5487067,9,42
24641,6236783,4,42
24642,1702854,10,42
24643,726075,12,42
24644,5056667,11,42
24645,24090,6,42
24646,267470,11,42
24647,2106775,9,42
24648,2243660,5,42
24649,5663542,12,42
24650,1844757,11,42
24651,1409471,10,42
24652,5144327,6,42
24653,66291,12,42
24654,6415310,8,42
24655,2935945,9,42
24656,6350727,5,42
24657,1471249,11,42
24658,1476871,12,42
24659,549724,9,42
24660,6294183,1,42
24661,2366892,12,42
24662,715056,8,42
24663,6278662,1,42
24664,4922879,9,42
24665,4317171,6,42
24666,5042288,10,42
24667,4290504,5,42
24668,4692350,9,42
24669,2881730,12,42
24670,5169214,5,42
24671,2513542,4,42
24672,380178,4,42
24673,6436107,6,42
24674,2019954,12,42
24675,3022157,12,42
24676,5910926,11,42
24677,2785750,9,42
24678,4370231,6,42
24679,805209,8,42
24680,5901170,8,42
24681,1603615,8,42
24682,5699490,9,42
24683,726283,10,42
24684,3749618,8,42
24685,1007797,6,42
24686,4716016,9,42
24687,2132674,5,42
24688,4535556,7,42
24689,1272060,1,42
24690,2718335,10,42
24691,4124260,9,42
24692,2605926,9,42
24693,4020866,10,42
24694,722112,1,42
24695,5300729,6,42
24696,5884692,1,42
24697,6165827,3,42
24698,3069943,10,42
24699,3346433,11,42
24700,4074976,8,42
24701,1066929,12,42
24702,3439726,8,42
24703,5564655,12,42
24704,4287754,7,42
24705,3602691,2,42
24706,4084986,1,42
24707,147528,12,42
24708,4938157,4,42
24709,3053610,9,42
24710,3734137,3,42
24711,378928,11,42
24712,6132405,9,42
24713,2085419,5,42
24714,5682977,8,42
24715,5073558,1,42
24716,241033,1,42
24717,3722094,12,42
24718,2624982,1,42
24719,864024,8,42
24720,3930838,1,42
24721,2299074,4,42
24722,2796050,10,42
24723,1750704,8,42
24724,5762286,12,42
24725,958701,3,42
24726,4242259,7,42
24727,931734,11,42
24728,3404639,11,42
24729,3276609,9,42
24730,191145,6,42
24731,2497146,5,42
24732,4751692,5,42
24733,3351762,10,42
24734,3042450,12,42
24735,4350985,10,42
24736,5947808,5,42
24737,2695516,12,42
24738,6052644,4,42
24739,73654,3,42
24740,1397720,12,42
24741,2546056,12,42
24742,715581,12,42
24743,1398788,9,42
24744,4327875,10,42
24745,3455235,11,42
24746,2914575,12,42
24747,276917,9,42
24748,3239012,12,42
24749,1947283,5,42
24750,2348351,9,42
24751,935843,9,42
24752,5947353,9,42
24753,5788497,11,42
24754,2529025,5,42
24755,709060,10,42
24756,2245654,8,42
24757,3764169,9,42
24758,4029112,9,42
24759,2148461,10,42
24760,3163587,9,42
24761,2951889,1,42
24762,6112630,4,42
24763,4046960,8,42
24764,3494053,12,42
24765,5794156,1,42
24766,2353229,3,42
24767,3213014,3,42
24768,1356423,9,42
24769,2121417,12,42
24770,33904,12,42
24771,6089514,4,42
24772,976764,11,42
24773,1935756,12,42
24774,5826554,1,42
24775,1023885,8,42
24776,320864,8,42
24777,2120892,7,42
24778,300086,12,42
24779,1610017,10,42
24780,2174545,5,42
24781,4419698,4,42
24782,4919713,4,42
24783,2886052,12,42
24784,2265260,1,42
24785,5914534,8,42
24786,3918853,1,42
24787,6044474,9,42
24788,1776555,10,42
24789,1822213,4,42
24790,4096952,10,42
24791,3379725,12,42
24792,3791104,9,42
24793,4437252,12,42
24794,4938704,11,42
24795,149826,6,42
24796,3737297,6,42
24797,6045114,9,42
24798,574205,4,42
24799,5688637,9,42
24800,573527,1,42
24801,1804922,1,42
24802,4065354,10,42
24803,1270083,6,42
24804,6459996,9,42
24805,601769,8,42
24806,5713979,10,42
24807,4591539,9,42
24808,1591144,1,42
24809,3359526,7,42
24810,4115762,11,42
24811,250733,3,42
24812,5272161,10,42
24813,3489743,12,42
24814,3395342,6,42
24815,1091012,8,42
24816,6266325,1,42
24817,3635202,9,42
24818,2457094,11,42
24819,152911,12,42
24820,3431521,5,42
24821,5679909,11,42
24822,3769532,9,42
24823,5669761,6,42
24824,752834,8,42
24825,1587138,9,42
24826,6381229,9,42
24827,1379966,9,42
24828,5464845,10,42
24829,3947294,6,42
24830,3751564,9,42
24831,6300844,9,42
24832,3720110,10,42
24833,498845,8,42
24834,6140348,12,42
24835,16347,10,42
24836,6463676,7,42
24837,822090,12,42
24838,5117086,12,42
24839,1437266,11,42
24840,5419861,6,42
24841,1630886,4,42
24842,5349413,6,42
24843,3877388,8,42
24844,2507117,1,42
24845,2169998,4,42
24846,5888215,5,42
24847,735366,5,42
24848,4979436,4,42
24849,371874,8,42
24850,5236858,9,42
24851,3354934,9,42
24852,4135807,3,42
24853,5032618,9,42
24854,3341089,10,42
24855,6007013,5,42
24856,1743549,6,42
24857,4404637,10,42
24858,4774930,7,42
24859,5714395,9,42
24860,5734879,10,42
24861,1757589,11,42
24862,2837685,3,42
24863,4741690,9,42
24864,2095514,11,42
24865,1908332,5,42
24866,2073937,4,42
24867,1572709,11,42
24868,846084,10,42
24869,4926789,12,42
24870,4649292,6,42
24871,1233505,1,42
24872,1076267,11,42
24873,346449,10,42
24874,2317223,8,42
24875,4069866,5,42
24876,3721141,4,42
24877,2057971,10,42
24878,4808473,1,42
24879,4811868,4,42
24880,1549718,10,42
24881,5345259,7,42
24882,5311363,8,42
24883,5815215,12,42
24884,250780,5,42
24885,1767835,11,42
24886,3921567,10,42
24887,4298469,12,42
24888,139954,5,42
24889,4721764,4,42
24890,4341332,12,42
24891,2378317,8,42
24892,65497,6,42
24893,6336464,12,42
24894,5880356,12,42
24895,4035797,8,42
24896,838834,1,42
24897,886242,6,42
24898,5480049,6,42
24899,4774901,8,42
24900,3532006,3,42
24901,6075416,10,42
24902,5734273,1,42
24903,2081509,9,42
24904,1884873,10,42
24905,2327733,11,42
24906,5529324,7,42
24907,4299666,6,42
24908,4410798,9,42
24909,3957000,1,42
24910,5446413,3,42
24911,1169198,6,42
24912,4742921,12,42
24913,1690106,6,42
24914,4507715,11,42
24915,4967145,12,42
24916,3373646,10,42
24917,3979562,7,42
24918,5050748,5,42
24919,3888154,7,42
24920,4397186,1,42
24921,2099794,10,42
24922,1954053,12,42
24923,169490,1,42
24924,1716912,3,42
24925,5813169,10,42
24926,587339,12,42
24927,47525,10,42
24928,4564758,5,42
24929,4925209,11,42
24930,218612,9,42
24931,3332429,1,42
24932,331061,3,42
24933,767384,3,42
24934,343310,11,42
24935,1410672,11,42
24936,1915112,10,42
24937,3516359,2,42
24938,4861465,9,42
24939,3358839,1,42
24940,3221470,10,42
24941,1292434,9,42
24942,2434541,12,42
24943,5733739,8,42
24944,6252061,9,42
24945,1492652,11,42
24946,1874207,9,42
24947,4849056,6,42
24948,5313174,11,42
24949,3710206,4,42
24950,467625,1,42
24951,2535103,7,42
24952,3140295,10,42
24953,6356190,4,42
24954,5854822,11,43
24955,4773246,8,43
24956,6326937,1,43
24957,1767332,5,43
24958,2533072,9,43
24959,1176519,3,43
24960,5947808,10,43
24961,5216829,2,43
24962,5032618,11,43
24963,1603615,8,43
24964,1305949,10,43
24965,4350241,11,43
24966,855368,12,43
24967,2936534,10,43
24968,949475,7,43
24969,1440856,6,43
24970,5062855,5,43
24971,568905,9,43
24972,3857194,9,43
24973,3932316,11,43
24974,3802744,10,43
24975,4966537,12,43
24976,640493,1,43
24977,799022,9,43
24978,409212,9,43
24979,3425934,10,43
24980,4550237,8,43
24981,5205475,10,43
24982,2602668,11,43
24983,2195782,12,43
24984,2991105,1,43
24985,1151729,1,43
24986,4410798,11,43
24987,1167963,9,43
24988,4608537,12,43
24989,4938157,3,43
24990,379340,4,43
24991,1443076,7,43
24992,332173,10,43
24993,2996936,12,43
24994,3067775,9,43
24995,518247,9,43
24996,1437266,6,43
24997,2718335,11,43
24998,5067402,7,43
24999,2269053,10,43
25000,2205017,10,43
25001,3815837,4,43
25002,1315890,12,43
25003,4294205,9,43
25004,6073530,12,43
25005,5387176,6,43
25006,3403677,5,43
25007,4183406,3,43
25008,2695516,11,43
25009,3131453,7,43
25010,5532818,6,43
25011,5464845,9,43
25012,5050748,10,43
25013,1936645,10,43
25014,2468867,1,43
25015,6356190,3,43
25016,2670013,4,43
25017,3873958,1,43
25018,442413,8,43
25019,6106014,10,43
25020,4677592,9,43
25021,1114477,9,43
25022,6116532,12,43
25023,270622,3,43
25024,4919713,10,43
25025,1255899,9,43
25026,5289015,8,43
25027,2336058,4,43
25028,4000125,1,43
25029,1811206,8,43
25030,1357167,10,43
25031,5600618,10,43
25032,958701,9,43
25033,1690106,10,43
25034,4747268,12,43
25035,139954,10,43
25036,6244951,3,43
25037,1456143,12,43
25038,321864,11,43
25039,5166644,9,43
25040,2337536,11,43
25041,2141567,4,43
25042,149949,6,43
25043,3079970,3,43
25044,4547514,11,43
25045,801637,7,43
25046,4296773,7,43
25047,1496310,10,43
25048,4422413,12,43
25049,4172668,12,43
25050,3601549,4,43
25051,4389151,10,43
25052,6252061,11,43
25053,1502851,11,43
25054,2974455,4,43
25055,6284810,5,43
25056,31546,11,43
25057,5529324,10,43
25058,298389,9,43
25059,3321676,5,43
25060,3647053,8,43
25061,614514,5,43
25062,3764169,7,43
25063,6494381,7,43
25064,4169212,6,43
25065,1166795,5,43
25066,2314437,4,43
25067,1987705,12,43
25068,5272161,10,43
25069,5815215,12,43
25070,4720515,9,43
25071,3647072,7,43
25072,3221470,10,43
25073,4669998,2,43
25074,2343504,9,43
25075,1198748,10,43
25076,5092938,6,43
25077,6008171,2,43
25078,4286476,3,43
25079,6185141,9,43
25080,128550,10,43
25081,3889415,5,43
25082,2539395,2,43
25083,3354934,11,43
25084,4035797,11,43
25085,842523,10,43
25086,4522790,3,43
25087,5213417,8,43
25088,4874322,1,43
25089,5713979,2,43
25090,4433623,3,43
25091,2605926,9,43
25092,4287754,6,43
25093,6300844,9,43
25094,3318601,12,43
25095,3527514,8,43
25096,568703,2,43
25097,3021471,5,43
25098,4486163,11,43
25099,6198605,12,43
25100,1217412,11,43
25101,5078038,10,43
25102,2929591,4,43
25103,573527,1,43
25104,300086,9,43
25105,2987851,2,43
25106,1409471,9,43
25107,1492652,6,43
25108,2982262,5,43
25109,6133051,3,43
25110,3451554,10,43
25111,1808600,6,43
25112,1288091,12,43
25113,456798,3,43
25114,3176355,3,43
25115,4902604,9,43
25116,6387969,8,43
25117,4377857,6,43
25118,5425354,10,43
25119,2319160,4,43
25120,270476,12,43
25121,6353435,6,43
25122,4759762,2,43
25123,4256230,9,43
25124,1204273,11,43
25125,5672165,2,43
25126,2797797,11,43
25127,5052674,4,43
25128,2439039,11,43
25129,73654,5,43
25130,2482340,6,43
25131,3538066,11,43
25132,2711880,9,43
25133,4227998,12,43
25134,5355476,4,43
25135,2299074,4,43
25136,2292303,5,43
25137,3478549,12,43
25138,1114578,3,43
25139,3987754,6,43
25140,371874,10,43
25141,456508,7,43
25142,2042603,1,43
25143,5135337,10,43
25144,6195611,4,43
25145,528415,9,43
25146,3798593,9,43
25147,6142168,5,43
25148,5154723,8,43
25149,6218771,7,43
25150,1023885,12,43
25151,1716912,1,43
25152,3266429,9,43
25153,2956344,12,43
25154,327221,10,43
25155,618943,12,43
25156,4707972,6,43
25157,689092,1,43
25158,4379911,4,43
25159,1269426,5,43
25160,3582609,6,43
25161,5699490,6,43
25162,331061,5,43
25163,5704429,10,43
25164,2184816,5,43
25165,2364737,5,43
25166,4298469,11,43
25167,2586547,9,43
25168,1544458,12,43
25169,4552528,12,43
25170,1954053,11,43
25171,4175830,6,43
25172,3757706,11,43
25173,4307618,1,43
25174,2229032,10,43
25175,6450877,12,43
25176,3571583,8,43
25177,3291231,10,43
25178,3431521,11,43
25179,1731482,11,43
25180,3748899,6,43
25181,476470,9,43
25182,4432918,5,43
25183,2857640,8,43
25184,3531670,11,43
25185,218369,11,43
25186,5181912,11,43
25187,5992339,12,43
25188,5480049,6,43
25189,47504,10,43
25190,4040489,11,43
25191,5417751,7,43
25192,3931683,12,43
25193,3791104,10,43
25194,3767759,11,43
25195,6343621,11,43
25196,1625319,6,43
25197,275398,2,43
25198,5742254,11,43
25199,5350989,6,43
25200,1867005,6,43
25201,1535805,10,43
25202,856142,11,43
25203,460774,1,43
25204,5216004,7,43
25205,5736629,1,43
25206,5019374,7,43
25207,1775857,3,43
25208,1410672,9,43
25209,820380,11,43
25210,1736470,1,43
25211,5141311,1,43
25212,5132104,10,43
25213,3674278,1,43
25214,2772468,3,43
25215,3957000,1,43
25216,5736331,9,43
25217,2321644,12,43
25218,5788746,9,43
25219,5868558,6,43
25220,1340663,1,43
25221,2258298,3,43
25222,5922965,10,43
25223,205513,9,43
25224,4379256,4,43
25225,2582939,10,43
25226,4032055,11,43
25227,1911133,4,43
25228,5446996,1,43
25229,1476871,9,43
25230,5291883,9,43
25231,726283,11,43
25232,2622760,11,43
25233,3788288,4,43
25234,2876903,6,43
25235,2019954,9,43
25236,1382944,7,43
25237,4718627,10,43
25238,6111761,9,43
25239,2270016,3,43
25240,3732525,6,43
25241,726075,1,43
25242,342011,3,43
25243,2054613,9,43
25244,1896272,12,43
25245,69105,9,43
25246,5529636,1,43
25247,2365089,10,43
25248,4971335,8,43
25249,3728627,5,43
25250,5489522,12,43
25251,6389015,5,43
25252,3859939,3,43
25253,6112630,5,43
25254,4613440,10,43
25255,3516524,11,43
25256,6370050,9,43
25257,3031764,9,43
25258,626746,7,43
25259,513299,1,43
25260,5800939,5,43
25261,806759,1,43
25262,4692350,9,43
25263,3504899,3,43
25264,3679302,12,43
25265,3363885,10,43
25266,4105162,8,43
25267,2206774,5,43
25268,1498384,12,43
25269,3207930,9,43
25270,4278874,5,43
25271,2733043,1,43
25272,1025839,1,43
25273,2721811,1,43
25274,276917,9,43
25275,3075770,3,43
25276,2549026,11,43
25277,5345259,2,43
25278,691666,12,43
25279,970264,4,43
25280,2081509,9,43
25281,3938245,11,43
25282,2106775,12,43
25283,2525217,10,43
25284,1938054,8,43
25285,730877,9,43
25286,5961733,3,43
25287,6381229,8,43
25288,3848208,12,43
25289,5022903,6,43
25290,1336204,11,43
25291,214642,3,43
25292,122416,5,43
25293,5493355,10,43
25294,2881730,9,43
25295,1994055,11,43
25296,4495773,9,43
25297,152911,1,43
25298,2073937,4,43
25299,6462992,10,43
25300,5671861,5,43
25301,3278942,8,43
25302,3455235,2,43
25303,3441769,6,43
25304,4768773,6,43
25305,4378600,3,43
25306,3276609,10,43
25307,1060522,10,43
25308,4825782,10,43
25309,355835,1,43
25310,3431018,11,43
25311,6258800,3,43
25312,4042491,12,43
25313,2579954,1,43
25314,70791,9,43
25315,1456382,3,43
25316,2317223,12,43
25317,2589079,1,43
25318,3979562,6,43
25319,5753368,11,43
25320,3749618,8,43
25321,5672800,6,43
25322,2648541,12,43
25323,3852820,10,43
25324,1553396,3,43
25325,5536803,10,43
25326,1270083,6,43
25327,3291591,7,43
25328,4706795,3,43
25329,3509856,9,43
25330,5859109,4,43
25331,4414289,1,43
25332,5224668,11,43
25333,341740,8,43
25334,5837908,6,43
25335,6355376,12,43
25336,3275362,1,43
25337,2359287,9,43
25338,3863135,10,43
25339,3057988,10,43
25340,253860,6,43
25341,3420974,2,43
25342,1570606,12,43
25343,3349997,10,43
25344,3610804,9,43
25345,3876788,5,43
25346,2289018,2,43
25347,3956558,7,43
25348,4741690,10,43
25349,6291326,11,43
25350,5846304,9,43
25351,2223394,6,43
25352,5890238,5,43
25353,192539,11,43
25354,2791621,11,43
25355,6278662,1,43
25356,4612202,12,43
25357,258372,8,43
25358,6052644,10,43
25359,5135259,5,43
25360,3887839,9,43
25361,4373030,1,43
25362,5957978,12,43
25363,1915474,10,43
25364,2665775,9,43
25365,5901170,6,43
25366,3306386,1,43
25367,3632712,11,43
25368,2823351,12,43
25369,5093888,11,43
25370,2183844,12,43
25371,656054,5,43
25372,4178954,3,43
25373,6045114,12,43
25374,4192761,4,43
25375,57274,11,43
25376,869424,2,43
25377,5889375,10,43
25378,4587958,1,43
25379,461181,9,43
25380,4938704,9,43
25381,3404639,10,43
25382,1334464,12,43
25383,4198862,2,43
25384,6237840,10,43
25385,3200371,9,43
25386,263452,7,43
25387,3889463,12,43
25388,723299,1,43
25389,4863120,12,43
25390,5144327,10,43
25391,5980975,4,43
25392,3181873,6,43
25393,3885354,1,43
25394,6262854,9,43
25395,196427,12,43
25396,6402765,9,43
25397,6429799,10,43
25398,6293359,9,43
25399,5169553,7,43
25400,5900711,11,43
25401,2478827,5,43
25402,4017723,1,43
25403,4209152,9,43
25404,6059563,9,43
25405,4163355,5,43
25406,5138416,11,43
25407,3454553,5,43
25408,5792640,4,43
25409,460677,4,43
25410,3642729,1,43
25411,526864,3,43
25412,1404299,9,43
25413,2264762,4,43
25414,6173579,10,43
25415,2236156,4,43
25416,1346446,3,43
25417,2758468,3,43
25418,2797322,9,43
25419,3388074,8,43
25420,5794156,1,43
25421,5564655,7,43
25422,5852929,6,43
25423,1439327,9,43
25424,4249393,8,43
25425,2424966,11,43
25426,4124260,8,43
25427,5745385,5,43
25428,1611812,7,43
25429,683988,10,43
25430,3012678,10,43
25431,169490,12,43
25432,995546,4,43
25433,935843,12,43
25434,1356423,5,43
25435,3457443,1,43
25436,3847479,6,43
25437,2462037,10,43
25438,3720110,8,43
25439,4080918,3,43
25440,4380010,6,43
25441,4060159,12,43
25442,1475618,1,43
25443,2318574,8,43
25444,441865,8,43
25445,2549404,10,43
25446,83824,4,43
25447,2547609,5,43
25448,2201478,12,43
25449,716640,10,43
25450,4576555,6,43
25451,3115492,12,43
25452,2145393,1,43
25453,3514907,9,43
25454,5734879,4,43
25455,3373702,12,43
25456,33904,12,43
25457,1458145,9,43
25458,618684,11,43
25459,5248442,1,43
25460,749233,12,43
25461,5103613,11,43
25462,2034452,10,43
25463,1695507,12,43
25464,722112,1,43
25465,210007,4,43
25466,6434508,5,43
25467,5333794,11,43
25468,5084177,5,43
25469,6183821,4,43
25470,1492217,9,43
25471,479669,11,43
25472,173636,1,43
25473,353048,9,43
25474,656095,10,43
25475,3438265,12,43
25476,3405541,7,43
25477,4398403,9,43
25478,3851853,12,43
25479,4769999,10,43
25480,4638791,1,43
25481,1853837,10,43
25482,2570344,8,43
25483,2710569,8,43
25484,4627144,12,43
25485,3819405,10,43
25486,4762604,10,43
25487,869700,1,43
25488,269131,9,43
25489,644636,1,43
25490,5996893,9,43
25491,5242669,5,43
25492,6294183,10,43
25493,5011227,10,43
25494,5056667,12,43
25495,5285045,9,43
25496,538667,9,43
25497,3469095,12,43
25498,4369611,4,43
25499,1259576,8,43
25500,2600201,9,43
25501,2491609,5,43
25502,3566744,1,43
25503,5443557,12,43
25504,4113128,8,43
25505,1548438,4,43
25506,5734273,1,43
25507,2253027,8,43
25508,5084127,10,43
25509,4516903,9,43
25510,4321276,12,43
25511,1169198,10,43
25512,911098,12,43
25513,1945286,12,43
25514,2148461,12,43
25515,271521,9,43
25516,5382808,7,43
25517,3809077,9,43
25518,6456765,8,43
25519,615477,10,43
25520,141088,5,43
25521,5211818,6,43
25522,5278086,4,43
25523,491612,9,43
25524,3520364,10,43
25525,1974135,4,43
25526,3669565,11,43
25527,1572898,1,43
25528,779006,9,43
25529,4430287,11,43
25530,207279,10,43
25531,3877388,11,43
25532,2174215,7,43
25533,1757589,7,43
25534,1979955,8,43
25535,2225061,11,43
25536,3584280,10,43
25537,2757947,12,43
25538,5157501,6,43
25539,4728975,11,43
25540,739886,6,43
25541,4978183,12,43
25542,3151007,9,43
25543,5568223,12,43
25544,3091854,8,43
25545,2943156,7,43
25546,3838853,12,43
25547,1161697,9,43
25548,3213014,12,43
25549,6138860,11,43
25550,5313663,11,43
25551,191444,8,43
25552,5685904,9,43
25553,2464229,3,43
25554,3306577,8,43
25555,1840497,5,43
25556,2823845,7,43
25557,1200423,6,43
25558,5091774,1,43
25559,4419698,3,43
25560,66291,12,43
25561,565234,12,43
25562,4350815,11,43
25563,3921567,10,43
25564,5828659,9,43
25565,4998457,3,43
25566,457987,3,43
25567,566210,8,43
25568,1804922,1,43
25569,3425384,1,43
25570,5270707,12,43
25571,2084530,6,43
25572,1074560,12,43
25573,1269887,9,43
25574,1562027,12,43
25575,5190723,8,43
25576,4751692,12,43
25577,6264046,2,43
25578,5302715,8,43
25579,5719238,11,43
25580,2298549,4,43
25581,6497565,12,43
25582,556236,9,43
25583,2189373,9,43
25584,4025997,1,43
25585,5272161,7,44
25586,246478,1,44
25587,1911133,5,44
25588,3298181,12,44
25589,4546275,4,44
25590,6122206,4,44
25591,2436592,9,44
25592,298389,10,44
25593,6495643,10,44
25594,4069092,11,44
25595,1742315,5,44
25596,4638791,4,44
25597,1283336,6,44
25598,1235751,2,44
25599,1713513,9,44
25600,5993732,9,44
25601,1086492,11,44
25602,726075,1,44
25603,4723435,1,44
25604,5864344,12,44
25605,5992937,3,44
25606,2366843,4,44
25607,4969125,12,44
25608,4601117,5,44
25609,2299566,8,44
25610,3369220,5,44
25611,67801,3,44
25612,5699214,3,44
25613,1841705,7,44
25614,2994614,4,44
25615,4377857,11,44
25616,884365,11,44
25617,3557777,1,44
25618,475539,1,44
25619,3563926,10,44
25620,4227998,9,44
25621,6278108,10,44
25622,3278942,1,44
25623,1181046,10,44
25624,6294183,5,44
25625,371874,9,44
25626,233960,12,44
25627,430539,1,44
25628,4580752,11,44
25629,226783,10,44
25630,524023,11,44
25631,3509856,10,44
25632,353048,10,44
25633,4742921,10,44
25634,4786518,6,44
25635,2092543,12,44
25636,3542408,12,44
25637,615477,10,44
25638,551119,7,44
25639,3766745,12,44
25640,4314065,8,44
25641,5021903,9,44
25642,1598912,9,44
25643,3547791,10,44
25644,4249393,9,44
25645,4955014,12,44
25646,2971701,9,44
25647,3431521,11,44
25648,1303274,1,44
25649,2962431,12,44
25650,1247982,4,44
25651,3677247,9,44
25652,2960702,9,44
25653,3006963,9,44
25654,1548438,3,44
25655,3957000,1,44
25656,5657446,4,44
25657,3876788,9,44
25658,3538066,9,44
25659,4307618,1,44
25660,4020866,11,44
25661,2721822,1,44
25662,57859,12,44
25663,3918853,1,44
25664,2219282,10,44
25665,3069943,8,44
25666,2195782,10,44
25667,3363885,7,44
25668,1999392,10,44
25669,5199680,10,44
25670,3616232,10,44
25671,888013,3,44
25672,4370736,11,44
25673,5037383,1,44
25674,2021269,11,44
25675,1853837,10,44
25676,2076842,12,44
25677,2298423,11,44
25678,1140465,10,44
25679,1502504,9,44
25680,3439726,8,44
25681,1201660,6,44
25682,332451,4,44
25683,1802547,8,44
25684,5695940,1,44
25685,479669,12,44
25686,5742254,1,44
25687,1246794,8,44
25688,4945064,5,44
25689,2785750,12,44
25690,2141567,2,44
25691,3041580,4,44
25692,3153380,10,44
25693,6419018,8,44
25694,1404299,9,44
25695,6068514,8,44
25696,4906790,8,44
25697,1169198,4,44
25698,5012107,4,44
25699,806759,6,44
25700,5801232,11,44
25701,2526424,1,44
25702,4230691,11,44
25703,1247057,5,44
25704,3573928,6,44
25705,574493,10,44
25706,1167963,11,44
25707,1285982,7,44
25708,3531670,10,44
25709,1475618,9,44
25710,3840616,9,44
25711,2359287,12,44
25712,1892325,9,44
25713,2558765,11,44
25714,683988,11,44
25715,898943,9,44
25716,4023211,10,44
25717,568905,10,44
25718,4204065,2,44
25719,2450561,7,44
25720,2598486,9,44
25721,2077125,1,44
25722,5029170,11,44
25723,5301682,9,44
25724,3454553,9,44
25725,5116337,9,44
25726,2317223,11,44
25727,3979630,12,44
25728,4595896,7,44
25729,1476871,12,44
25730,5522388,9,44
25731,2461531,1,44
25732,2639434,9,44
25733,2102413,6,44
25734,4774930,8,44
25735,6394574,10,44
25736,4808473,3,44
25737,420555,10,44
25738,4124260,12,44
25739,4955752,4,44
25740,2317126,10,44
25741,2582939,10,44
25742,6257432,4,44
25743,4755368,10,44
25744,2122208,9,44
25745,320864,8,44
25746,1405276,11,44
25747,5852929,7,44
25748,5489522,4,44
25749,626746,7,44
25750,180504,8,44
25751,3351762,2,44
25752,513299,1,44
25753,2341382,6,44
25754,2057971,10,44
25755,5794156,1,44
25756,3819405,9,44
25757,5382808,4,44
25758,890618,8,44
25759,812601,11,44
25760,2605926,9,44
25761,2917593,5,44
25762,4370231,6,44
25763,3890388,5,44
25764,6264046,11,44
25765,3873958,1,44
25766,112864,10,44
25767,5762286,9,44
25768,550281,12,44
25769,3658130,10,44
25770,4522040,3,44
25771,1853021,9,44
25772,3551213,10,44
25773,2075459,12,44
25774,428886,10,44
25775,1907590,9,44
25776,6075416,10,44
25777,5584904,3,44
25778,3857353,12,44
25779,2905298,3,44
25780,4408609,11,44
25781,1976587,6,44
25782,5361527,11,44
25783,2415791,12,44
25784,2253027,5,44
25785,2999442,1,44
25786,2099794,10,44
25787,4592036,9,44
25788,1624071,11,44
25789,3372187,10,44
25790,620488,8,44
25791,2935945,12,44
25792,4710640,9,44
25793,4327875,8,44
25794,4113128,12,44
25795,1340663,3,44
25796,2538894,4,44
25797,618943,12,44
25798,2525429,12,44
25799,3221470,5,44
25800,2085419,3,44
25801,682114,8,44
25802,2327733,6,44
25803,1439327,9,44
25804,4234294,8,44
25805,4056733,2,44
25806,4202919,12,44
25807,2651726,11,44
25808,205616,1,44
25809,2343504,12,44
25810,961227,10,44
25811,2154687,12,44
25812,1954053,11,44
25813,1063698,11,44
25814,2881730,8,44
25815,3889415,4,44
25816,2956344,8,44
25817,1801851,12,44
25818,862071,1,44
25819,3879927,12,44
25820,4105162,11,44
25821,3852820,10,44
25822,1383074,1,44
25823,4577177,4,44
25824,3514907,8,44
25825,6365584,5,44
25826,1950960,12,44
25827,3410495,8,44
25828,3981732,9,44
25829,2545524,1,44
25830,5565454,10,44
25831,128550,11,44
25832,1607546,12,44
25833,4414025,6,44
25834,2236156,7,44
25835,4898172,11,44
25836,6095670,9,44
25837,5620635,4,44
25838,4682150,11,44
25839,6086802,11,44
25840,820380,11,44
25841,271521,10,44
25842,489476,11,44
25843,2535103,3,44
25844,4706795,10,44
25845,6133051,4,44
25846,5144327,4,44
25847,3720110,8,44
25848,1336204,11,44
25849,1458145,8,44
25850,720199,1,44
25851,3381547,9,44
25852,6468165,8,44
25853,2077786,5,44
25854,4595078,8,44
25855,257630,10,44
25856,6283833,1,44
25857,5132104,8,44
25858,6142168,10,44
25859,6038241,4,44
25860,4527954,6,44
25861,250733,4,44
25862,4811868,10,44
25863,1317578,10,44
25864,1328227,7,44
25865,5022903,10,44
25866,491601,9,44
25867,5685904,12,44
25868,1908332,10,44
25869,1288091,10,44
25870,3737297,6,44
25871,1450247,9,44
25872,5227250,7,44
25873,2080833,12,44
25874,989099,9,44
25875,5154723,11,44
25876,2196027,10,44
25877,1193708,11,44
25878,147528,9,44
25879,1204273,7,44
25880,3455235,5,44
25881,1191990,11,44
25882,6305326,10,44
25883,2933437,5,44
25884,4475738,12,44
25885,3344933,12,44
25886,3642729,1,44
25887,3022157,10,44
25888,5047894,5,44
25889,4035797,3,44
25890,1918711,8,44
25891,6045114,8,44
25892,3441143,10,44
25893,1268530,12,44
25894,1048618,9,44
25895,3388074,10,44
25896,5133434,9,44
25897,2081509,10,44
25898,2366922,6,44
25899,5325200,4,44
25900,1822213,4,44
25901,715804,12,44
25902,1163804,12,44
25903,556350,7,44
25904,4925209,11,44
25905,2507895,10,44
25906,2267460,12,44
25907,2172730,10,44
25908,5091774,1,44
25909,3441769,8,44
25910,1767332,9,44
25911,2622760,9,44
25912,4548348,12,44
25913,4474501,3,44
25914,4279139,1,44
25915,1348308,10,44
25916,2264762,5,44
25917,74449,11,44
25918,6262854,9,44
25919,240378,3,44
25920,6450877,9,44
25921,1979955,12,44
25922,2054613,6,44
25923,3390004,2,44
25924,2568682,4,44
25925,716640,7,44
25926,7366,11,44
25927,1178870,9,44
25928,4762886,12,44
25929,2523731,8,44
25930,6307456,1,44
25931,3086550,9,44
25932,3032076,10,44
25933,3186913,11,44
25934,4091305,3,44
25935,435510,10,44
25936,1314083,3,44
25937,970403,4,44
25938,5568223,9,44
25939,5996893,12,44
25940,4841726,1,44
25941,2169998,1,44
25942,5464845,4,44
25943,3300574,2,44
25944,3923276,12,44
25945,1896272,12,44
25946,322218,11,44
25947,3832444,10,44
25948,2658470,3,44
25949,625994,2,44
25950,3889463,9,44
25951,948408,11,44
25952,3520364,9,44
25953,1867936,11,44
25954,5792640,7,44
25955,1346446,11,44
25956,6405765,4,44
25957,1028456,10,44
25958,3851853,9,44
25959,4938157,1,44
25960,6201831,9,44
25961,546733,6,44
25962,2140317,8,44
25963,2350437,3,44
25964,1731482,5,44
25965,5216004,7,44
25966,1986065,7,44
25967,2424966,6,44
25968,3249107,6,44
25969,4996164,12,44
25970,2388471,10,44
25971,4253187,5,44
25972,6133213,12,44
25973,2289018,11,44
25974,2189373,12,44
25975,5553341,5,44
25976,5243680,1,44
25977,3379725,11,44
25978,4507715,12,44
25979,1042901,9,44
25980,5620025,11,44
25981,250780,12,44
25982,4766899,11,44
25983,2421925,9,44
25984,3885354,1,44
25985,758615,3,44
25986,86668,6,44
25987,1775857,5,44
25988,6165827,11,44
25989,5135259,6,44
25990,666101,12,44
25991,5940589,4,44
25992,5205475,11,44
25993,1788410,6,44
25994,5666877,6,44
25995,744576,10,44
25996,568703,8,44
25997,6044474,9,44
25998,2298549,4,44
25999,2837685,1,44
26000,4135807,3,44
26001,3066281,4,44
26002,4919713,10,44
26003,5464741,12,44
26004,2661601,12,44
26005,4279338,10,44
26006,5019374,10,44
26007,495439,6,44
26008,689092,1,44
26009,1947283,4,44
26010,1357167,9,44
26011,6124522,10,44
26012,1028957,4,44
26013,5961733,10,44
26014,1007797,8,44
26015,4800441,1,44
26016,2121782,8,44
26017,3869947,7,44
26018,950723,10,44
26019,3031764,11,44
26020,4534006,10,44
26021,5532818,11,44
26022,3124632,6,44
26023,5937178,10,44
26024,1702854,9,44
26025,2668469,9,44
26026,4419866,10,44
26027,1023885,12,44
26028,2943156,12,44
26029,3265642,4,44
26030,1601067,12,44
26031,3779666,9,44
26032,4998457,9,44
26033,1609758,10,44
26034,6227391,10,44
26035,3863135,10,44
26036,4287754,10,44
26037,3078432,10,44
26038,2478827,3,44
26039,3534997,4,44
26040,4209152,10,44
26041,4593336,4,44
26042,3346433,3,44
26043,4413193,11,44
26044,6384003,5,44
26045,5700786,8,44
26046,4298469,11,44
26047,3874991,10,44
26048,1700281,8,44
26049,3038525,9,44
26050,3438265,10,44
26051,3021471,5,44
26052,5093888,9,44
26053,3686002,4,44
26054,2504522,12,44
26055,1259576,10,44
26056,1198748,9,44
26057,3276609,10,44
26058,5343135,5,44
26059,5302715,3,44
26060,1839568,9,44
26061,6346451,4,44
26062,1114477,9,44
26063,5381265,10,44
26064,3938245,10,44
26065,1221322,12,44
26066,5689584,1,44
26067,214642,11,44
26068,1603615,11,44
26069,2533760,9,44
26070,3623466,10,44
26071,5887730,1,44
26072,5149816,10,44
26073,4329440,8,44
26074,2396282,3,44
26075,4828858,10,44
26076,5571951,11,44
26077,1553396,7,44
26078,4795482,9,44
26079,4485740,12,44
26080,201823,8,44
26081,4012484,10,44
26082,3772244,12,44
26083,2223394,6,44
26084,1443076,8,44
26085,4938518,9,44
26086,4080918,4,44
26087,3478549,6,44
26088,2695516,12,44
26089,1730184,8,44
26090,2464229,3,44
26091,4432682,12,44
26092,2037116,8,44
26093,5704429,3,44
26094,2149609,11,44
26095,864024,11,44
26096,6375164,12,44
26097,233818,3,44
26098,327221,8,44
26099,4242259,6,44
26100,723019,4,44
26101,4338389,3,44
26102,1518897,1,44
26103,2406521,9,44
26104,5815215,12,44
26105,4435947,11,44
26106,409212,11,44
26107,5958481,3,44
26108,2716644,9,44
26109,300086,12,44
26110,2877249,9,44
26111,594235,9,44
26112,763690,12,44
26113,2121417,9,44
26114,2823845,9,44
26115,4317171,3,44
26116,3674278,1,44
26117,3751564,10,44
26118,5630173,12,44
26119,2354590,5,44
26120,3798593,12,44
26121,205513,11,44
26122,1456382,5,44
26123,1884873,8,44
26124,2302045,10,44
26125,3930838,2,44
26126,4097223,8,44
26127,3589936,5,44
26128,5657828,6,44
26129,2589079,9,44
26130,2944542,12,44
26131,587339,11,44
26132,3024785,5,44
26133,2373712,8,44
26134,2546056,7,44
26135,269131,9,44
26136,1928850,10,44
26137,5161997,9,44
26138,2718335,11,44
26139,2223970,10,44
26140,3669565,5,44
26141,2073937,10,44
26142,2575423,6,44
26143,5522433,6,44
26144,282953,11,44
26145,1270083,12,44
26146,3016643,8,44
26147,2042603,10,44
26148,5771206,10,44
26149,2837458,10,44
26150,5285045,10,44
26151,6468161,6,44
26152,2201478,9,44
26153,1816354,6,44
26154,66291,9,44
26155,3012532,9,44
26156,258372,8,44
26157,3721141,2,44
26158,2710569,12,44
26159,210942,9,44
26160,3650185,7,44
26161,5859109,12,44
26162,1733752,10,44
26163,1974135,1,44
26164,4369611,9,44
26165,5880356,12,44
26166,2519348,1,44
26167,2600201,9,44
26168,3321676,12,44
26169,3162293,9,44
26170,1874207,5,44
26171,2838487,3,44
26172,4998967,5,44
26173,3207930,10,44
26174,1750704,10,44
26175,4924190,10,44
26176,2612557,9,44
26177,4179514,10,44
26178,4159777,10,44
26179,2414859,5,44
26180,4680805,4,44
26181,1811206,8,44
26182,6307843,11,44
26183,1143013,10,44
26184,949475,6,44
26185,3308822,10,44
26186,4902409,5,44
26187,5032618,4,44
26188,2648541,12,44
26189,5225090,10,44
26190,3052981,4,44
26191,2829062,11,44
26192,2649283,9,44
26193,4032055,8,44
26194,1242243,6,44
26195,652536,1,44
26196,2096562,7,44
26197,5345259,12,44
26198,1571369,9,44
26199,6336464,9,44
26200,822090,9,44
26201,2168548,11,45
26202,123610,11,45
26203,139954,12,45
26204,2626939,3,45
26205,5888215,12,45
26206,4298469,10,45
26207,4762604,9,45
26208,2589079,1,45
26209,623608,9,45
26210,1247057,8,45
26211,467697,7,45
26212,5992937,12,45
26213,6300844,9,45
26214,1117104,11,45
26215,1163804,9,45
26216,3741057,3,45
26217,3956558,6,45
26218,3638097,9,45
26219,5693249,9,45
26220,995030,11,45
26221,1437266,5,45
26222,6063653,12,45
26223,4479350,11,45
26224,4877232,6,45
26225,5417751,8,45
26226,2668469,10,45
26227,3832851,5,45
26228,1167963,12,45
26229,2373712,10,45
26230,4300060,10,45
26231,4629280,7,45
26232,4398403,5,45
26233,5251619,10,45
26234,1178870,11,45
26235,4000125,1,45
26236,205513,11,45
26237,539935,11,45
26238,5714395,9,45
26239,2779350,10,45
26240,4884722,1,45
26241,691834,11,45
26242,2019978,8,45
26243,5091774,1,45
26244,3038525,3,45
26245,709060,7,45
26246,2504335,12,45
26247,6145460,6,45
26248,627367,10,45
26249,2801432,12,45
26250,1713513,10,45
26251,1143013,10,45
26252,4113128,7,45
26253,3439726,12,45
26254,6334938,1,45
26255,3815837,10,45
26256,461291,10,45
26257,615477,9,45
26258,3454553,11,45
26259,3766745,12,45
26260,1736091,9,45
26261,1367335,1,45
26262,4414289,1,45
26263,3168823,9,45
26264,1813236,2,45
26265,3737297,6,45
26266,3616489,2,45
26267,6320713,4,45
26268,2450561,1,45
26269,2396282,12,45
26270,6387969,11,45
26271,2790450,5,45
26272,5889375,11,45
26273,3752851,9,45
26274,3479803,9,45
26275,223511,8,45
26276,3196145,12,45
26277,3913573,9,45
26278,3664110,10,45
26279,3885354,1,45
26280,1605648,1,45
26281,5007829,12,45
26282,5149816,12,45
26283,6311140,1,45
26284,3979562,11,45
26285,120895,9,45
26286,664836,5,45
26287,5301682,5,45
26288,3918853,1,45
26289,883136,1,45
26290,3431521,10,45
26291,4669998,1,45
26292,726075,7,45
26293,1548438,3,45
26294,276917,9,45
26295,1905773,12,45
26296,1023885,12,45
26297,4341332,12,45
26298,6308051,9,45
26299,5620635,4,45
26300,3889415,4,45
26301,716640,9,45
26302,385617,4,45
26303,3479505,10,45
26304,932111,6,45
26305,4413193,8,45
26306,3573928,12,45
26307,3183833,12,45
26308,4793432,11,45
26309,4450693,11,45
26310,3504983,10,45
26311,3153364,6,45
26312,749233,11,45
26313,5133434,11,45
26314,5663542,12,45
26315,5106035,10,45
26316,4692350,10,45
26317,4154344,9,45
26318,649444,5,45
26319,6173579,10,45
26320,907290,3,45
26321,5611132,11,45
26322,3291591,8,45
26323,4910714,5,45
26324,6081830,12,45
26325,3623681,2,45
26326,3349997,4,45
26327,476470,6,45
26328,2298423,12,45
26329,4849056,5,45
26330,3849448,10,45
26331,5231308,5,45
26332,5890211,1,45
26333,4601117,12,45
26334,3981732,8,45
26335,1259576,5,45
26336,5199680,9,45
26337,945607,10,45
26338,836310,5,45
26339,407501,12,45
26340,898943,12,45
26341,4955014,12,45
26342,3581894,9,45
26343,2612557,11,45
26344,615346,10,45
26345,3532006,4,45
26346,6296210,10,45
26347,1750704,9,45
26348,1247517,8,45
26349,5635947,6,45
26350,4835378,9,45
26351,5532818,12,45
26352,4728975,10,45
26353,5828659,9,45
26354,232866,4,45
26355,346449,9,45
26356,1242243,2,45
26357,2081509,9,45
26358,3260218,10,45
26359,5762286,12,45
26360,3457443,6,45
26361,3621904,10,45
26362,881824,9,45
26363,4373030,9,45
26364,460774,10,45
26365,371874,5,45
26366,1599728,2,45
26367,934979,11,45
26368,1954053,9,45
26369,4308495,8,45
26370,6406438,9,45
26371,4329739,1,45
26372,2985708,9,45
26373,2299566,9,45
26374,6442224,8,45
26375,6243813,6,45
26376,16953,2,45
26377,2578191,12,45
26378,641842,12,45
26379,2046148,7,45
26380,5117961,4,45
26381,6044474,8,45
26382,3890388,5,45
26383,3679148,9,45
26384,5205475,9,45
26385,5813169,11,45
26386,2546056,11,45
26387,3278942,1,45
26388,2491609,9,45
26389,2458213,8,45
26390,6138860,5,45
26391,4378600,12,45
26392,4839836,10,45
26393,3873958,1,45
26394,6109293,11,45
26395,2608984,11,45
26396,78237,7,45
26397,2319160,4,45
26398,821158,5,45
26399,3221470,12,45
26400,3438265,10,45
26401,5568223,10,45
26402,4625869,11,45
26403,1986065,8,45
26404,1610686,1,45
26405,442047,1,45
26406,989099,9,45
26407,4945064,8,45
26408,1048618,10,45
26409,5092938,10,45
26410,1690961,9,45
26411,3207930,10,45
26412,3091735,6,45
26413,3086550,9,45
26414,2520693,5,45
26415,1199572,1,45
26416,3441143,12,45
26417,5864621,12,45
26418,3921567,12,45
26419,763690,7,45
26420,3358839,1,45
26421,3208825,11,45
26422,5815215,11,45
26423,4682119,5,45
26424,5015443,5,45
26425,4848798,9,45
26426,3721756,12,45
26427,5161997,9,45
26428,2075459,11,45
26429,2651726,10,45
26430,656054,11,45
26431,4712842,11,45
26432,2014709,11,45
26433,694908,1,45
26434,3779666,11,45
26435,18274,4,45
26436,4516903,5,45
26437,4273236,4,45
26438,2536562,10,45
26439,3650185,8,45
26440,755414,9,45
26441,2514905,4,45
26442,2670013,1,45
26443,4774901,10,45
26444,180504,11,45
26445,2506188,8,45
26446,4332119,1,45
26447,3957000,1,45
26448,47525,4,45
26449,3431018,11,45
26450,69105,12,45
26451,2337536,11,45
26452,5700786,6,45
26453,6160342,8,45
26454,2521875,10,45
26455,726283,9,45
26456,573527,1,45
26457,2159224,9,45
26458,2463543,11,45
26459,3859939,4,45
26460,1707847,12,45
26461,83824,6,45
26462,2987851,12,45
26463,3504899,3,45
26464,4774930,9,45
26465,243327,8,45
26466,3069943,11,45
26467,890618,9,45
26468,5374507,3,45
26469,2539395,2,45
26470,1443076,8,45
26471,725727,4,45
26472,4282015,9,45
26473,2728997,6,45
26474,618684,6,45
26475,196427,1,45
26476,2449587,1,45
26477,3902393,12,45
26478,1233505,6,45
26479,5285502,9,45
26480,6495643,10,45
26481,2106775,5,45
26482,715804,10,45
26483,278889,6,45
26484,1775857,11,45
26485,5067402,9,45
26486,4105162,11,45
26487,3857194,11,45
26488,3439036,10,45
26489,780759,4,45
26490,3589936,5,45
26491,4595078,12,45
26492,4350815,3,45
26493,1007797,10,45
26494,5996893,12,45
26495,1270083,11,45
26496,2753239,4,45
26497,2718335,11,45
26498,6471330,1,45
26499,2610133,1,45
26500,2482340,9,45
26501,2974455,4,45
26502,2533760,9,45
26503,691992,1,45
26504,4712836,8,45
26505,4938704,1,45
26506,3863882,12,45
26507,3057402,10,45
26508,4905376,11,45
26509,735318,10,45
26510,5062855,8,45
26511,2092543,9,45
26512,518247,12,45
26513,4318647,6,45
26514,65497,5,45
26515,4620411,12,45
26516,3863135,11,45
26517,1114477,9,45
26518,2961118,10,45
26519,5786514,12,45
26520,843427,10,45
26521,1396298,6,45
26522,3987157,10,45
26523,548072,8,45
26524,2317223,8,45
26525,4548348,8,45
26526,1331963,11,45
26527,2367350,5,45
26528,300489,10,45
26529,4074976,12,45
26530,5270707,7,45
26531,3291808,12,45
26532,6293977,8,45
26533,1983541,12,45
26534,5565454,11,45
26535,4256230,11,45
26536,2375423,12,45
26537,495439,6,45
26538,1656539,5,45
26539,804235,4,45
26540,5231118,12,45
26541,4013479,9,45
26542,5890238,4,45
26543,538095,12,45
26544,5355476,4,45
26545,3121724,1,45
26546,6429799,9,45
26547,1867005,8,45
26548,1549718,10,45
26549,4066044,10,45
26550,3722094,5,45
26551,5493355,9,45
26552,6353435,5,45
26553,1288091,12,45
26554,4422413,10,45
26555,4091305,4,45
26556,156952,6,45
26557,676450,11,45
26558,2054613,6,45
26559,6459996,8,45
26560,1050344,12,45
26561,2910586,10,45
26562,3652043,10,45
26563,625994,10,45
26564,5156561,12,45
26565,2538894,12,45
26566,2057971,11,45
26567,6230111,4,45
26568,3869947,8,45
26569,4741690,10,45
26570,6053580,9,45
26571,6301218,10,45
26572,418930,10,45
26573,2624982,1,45
26574,570421,10,45
26575,3832444,8,45
26576,6473329,11,45
26577,3574092,7,45
26578,4710640,11,45
26579,1980430,7,45
26580,6165827,3,45
26581,2467092,12,45
26582,1907726,12,45
26583,4531449,10,45
26584,2060698,1,45
26585,3193240,9,45
26586,332173,12,45
26587,2012640,1,45
26588,614514,5,45
26589,2141567,2,45
26590,4998967,9,45
26591,69753,12,45
26592,1456382,11,45
26593,4391535,12,45
26594,6149865,9,45
26595,866802,9,45
26596,1740806,12,45
26597,6187285,12,45
26598,1938054,3,45
26599,4747135,5,45
26600,5213417,10,45
26601,488776,11,45
26602,2236156,1,45
26603,4244448,9,45
26604,4600578,10,45
26605,1923823,8,45
26606,4769999,10,45
26607,2388471,9,45
26608,1083040,8,45
26609,3791104,12,45
26610,3276609,9,45
26611,3447003,6,45
26612,180305,3,45
26613,4020866,10,45
26614,2458642,3,45
26615,1892325,10,45
26616,4303882,1,45
26617,2233869,5,45
26618,128550,10,45
26619,4786518,4,45
26620,1808600,8,45
26621,1334464,9,45
26622,5145320,1,45
26623,2829062,9,45
26624,2182146,10,45
26625,4902604,9,45
26626,1950960,10,45
26627,4192689,9,45
26628,513299,1,45
26629,71852,12,45
26630,3757706,9,45
26631,1457568,12,45
26632,6018776,12,45
26633,1063000,7,45
26634,6068514,12,45
26635,546775,10,45
26636,3303146,1,45
26637,4040489,10,45
26638,5564655,7,45
26639,3877388,12,45
26640,2960702,9,45
26641,2914933,1,45
26642,3448211,11,45
26643,6124522,10,45
26644,4535556,4,45
26645,5713979,6,45
26646,5630173,9,45
26647,1191990,12,45
26648,2203625,10,45
26649,736100,8,45
26650,2752045,11,45
26651,4166868,8,45
26652,4933263,4,45
26653,4012484,10,45
26654,3031764,7,45
26655,2184816,10,45
26656,1443901,9,45
26657,1480267,12,45
26658,5154723,7,45
26659,1317300,11,45
26660,4939406,9,45
26661,4338389,4,45
26662,6036135,10,45
26663,4742049,6,45
26664,2582939,10,45
26665,1873558,11,45
26666,2721811,12,45
26667,2667546,9,45
26668,2785750,9,45
26669,2421925,11,45
26670,5851561,1,45
26671,2062416,12,45
26672,4495773,8,45
26673,3209384,5,45
26674,5656384,7,45
26675,5992339,10,45
26676,323596,8,45
26677,3905760,3,45
26678,5791180,9,45
26679,1456373,10,45
26680,779092,10,45
26681,3071237,12,45
26682,6450503,5,45
26683,4904188,1,45
26684,3520364,12,45
26685,3163587,6,45
26686,2245654,10,45
26687,5792640,11,45
26688,4360902,4,45
26689,6155217,12,45
26690,581101,4,45
26691,640493,1,45
26692,2971701,12,45
26693,4296773,1,45
26694,1915474,10,45
26695,1502504,11,45
26696,587339,11,45
26697,1492812,12,45
26698,5084127,10,45
26699,331061,11,45
26700,3564499,4,45
26701,2510668,10,45
26702,3658130,11,45
26703,3623466,10,45
26704,3772244,11,45
26705,4398979,11,45
26706,4350985,9,45
26707,546733,8,45
26708,1905381,9,45
26709,1853021,11,45
26710,2298378,10,45
26711,6394574,6,45
26712,2440842,6,45
26713,4588724,8,45
26714,4124260,11,45
26715,4861465,9,45
26716,525886,12,45
26717,1412112,12,45
26718,5671861,6,45
26719,5289015,12,45
26720,2903444,9,45
26721,1151416,10,45
26722,3772323,10,45
26723,275398,5,45
26724,5680149,1,45
26725,5669761,9,45
26726,6473281,9,45
26727,1582805,4,45
26728,739886,6,45
26729,3321676,10,45
26730,2132674,3,45
26731,3964138,10,45
26732,666101,10,45
26733,5771206,12,45
26734,3300574,9,45
26735,6112630,7,45
26736,1099697,8,45
26737,5919160,10,45
26738,5061084,9,45
26739,3176355,3,45
26740,3616032,9,45
26741,911098,9,45
26742,3991847,11,45
26743,3847479,3,45
26744,3766629,11,45
26745,1598912,12,45
26746,2366892,8,45
26747,5940589,9,45
26748,4338155,11,45
26749,5116337,10,45
26750,884365,11,45
26751,1269887,9,45
26752,905005,11,45
26753,5268829,12,45
26754,4817994,7,45
26755,3841223,4,45
26756,4445498,6,45
26757,218612,11,45
26758,4253187,12,45
26759,1379966,11,45
26760,5753368,10,45
26761,2366922,6,45
26762,6375164,11,45
26763,1613900,9,45
26764,3385501,11,45
26765,4326040,10,45
26766,4507715,9,45
26767,1520066,8,45
26768,4811806,6,45
26769,592638,1,45
26770,3338602,1,45
26771,896326,3,45
26772,1624071,8,45
26773,5742254,4,45
26774,4175830,1,45
26775,466125,10,45
26776,1883734,1,45
26777,2778402,5,45
26778,149949,6,45
26779,3902193,10,45
26780,2310047,4,45
26781,624973,9,45
26782,1476871,10,45
26783,6167846,9,45
26784,5623338,6,45
26785,3773828,12,45
26786,1282302,4,45
26787,3402470,6,45
26788,5794156,12,45
26789,1404299,9,45
26790,3127584,10,45
26791,5343135,11,45
26792,3876788,3,45
26793,4874322,1,45
26794,6468161,7,45
26795,4373251,10,45
26796,2121417,11,45
26797,3078432,11,45
26798,806759,10,45
26799,3632712,10,46
26800,6008171,12,46
26801,1177663,9,46
26802,270622,6,46
26803,465449,6,46
26804,5979444,12,46
26805,430539,1,46
26806,4317171,6,46
26807,3390004,12,46
26808,1360947,3,46
26809,3431364,12,46
26810,4692350,9,46
26811,1361983,5,46
26812,4742049,5,46
26813,3443884,6,46
26814,4786518,6,46
26815,1947283,3,46
26816,3726566,6,46
26817,4378600,9,46
26818,749233,8,46
26819,3931683,3,46
26820,6355376,12,46
26821,3616932,5,46
26822,2539395,1,46
26823,4296773,1,46
26824,66291,10,46
26825,4414025,10,46
26826,3115492,7,46
26827,1476650,12,46
26828,5884692,1,46
26829,5138416,12,46
26830,3431521,5,46
26831,141088,3,46
26832,5928809,9,46
26833,4958469,3,46
26834,5212164,4,46
26835,3889415,4,46
26836,3571583,7,46
26837,233960,9,46
26838,1448576,3,46
26839,4012484,9,46
26840,4742921,12,46
26841,2199292,12,46
26842,4096952,5,46
26843,3454553,9,46
26844,4651260,4,46
26845,5620025,8,46
26846,3148259,6,46
26847,4817994,5,46
26848,3769909,6,46
26849,3869947,11,46
26850,1334464,10,46
26851,5202311,5,46
26852,5349413,6,46
26853,3902193,8,46
26854,63832,3,46
26855,2649283,12,46
26856,579091,1,46
26857,4595896,9,46
26858,5019374,10,46
26859,4091655,4,46
26860,587339,10,46
26861,2291667,6,46
26862,1178870,8,46
26863,5205475,11,46
26864,937505,11,46
26865,4410798,10,46
26866,2690306,10,46
26867,6043476,9,46
26868,5301682,5,46
26869,587114,10,46
26870,4601117,5,46
26871,887016,10,46
26872,2412427,12,46
26873,4025997,5,46
26874,4287754,6,46
26875,5012107,3,46
26876,1999392,11,46
26877,1553922,1,46
26878,4773246,12,46
26879,4230691,12,46
26880,3957000,1,46
26881,4436154,4,46
26882,4080918,3,46
26883,343310,3,46
26884,2578191,10,46
26885,6258800,3,46
26886,1377570,1,46
26887,4433623,6,46
26888,3622526,8,46
26889,5940589,10,46
26890,1246794,6,46
26891,974807,10,46
26892,3038525,10,46
26893,6320713,9,46
26894,3069943,9,46
26895,3291808,6,46
26896,6195611,10,46
26897,3318601,9,46
26898,2712731,12,46
26899,4400775,10,46
26900,2612557,9,46
26901,147528,9,46
26902,1884873,6,46
26903,2711880,9,46
26904,70791,9,46
26905,550281,12,46
26906,4076087,3,46
26907,4279139,1,46
26908,284576,10,46
26909,1750704,12,46
26910,4227998,12,46
26911,152911,2,46
26912,2366922,7,46
26913,1882424,10,46
26914,5786514,11,46
26915,3873958,1,46
26916,16953,4,46
26917,2432288,11,46
26918,3422530,7,46
26919,2201478,10,46
26920,3892112,10,46
26921,5048928,1,46
26922,5388733,9,46
26923,4535556,3,46
26924,2491609,9,46
26925,3932316,10,46
26926,5818944,9,46
26927,2425020,9,46
26928,5271430,10,46
26929,3798593,12,46
26930,5128646,8,46
26931,1783169,4,46
26932,4574955,6,46
26933,3772244,6,46
26934,4720515,12,46
26935,3394393,12,46
26936,995546,4,46
26937,6044474,9,46
26938,5669761,10,46
26939,5605789,11,46
26940,1950960,9,46
26941,5742254,5,46
26942,4479350,10,46
26943,2721811,5,46
26944,3447003,9,46
26945,525886,11,46
26946,1736470,1,46
26947,5800939,12,46
26948,5311363,4,46
26949,4042491,9,46
26950,2182146,10,46
26951,4516903,1,46
26952,2925028,1,46
26953,578015,12,46
26954,4905652,9,46
26955,1938054,8,46
26956,3532903,1,46
26957,689092,9,46
26958,6278108,11,46
26959,488776,6,46
26960,4511502,5,46
26961,5344481,6,46
26962,2772139,2,46
26963,709060,6,46
26964,2778518,8,46
26965,91436,9,46
26966,3453373,1,46
26967,4706795,8,46
26968,6059563,9,46
26969,4688077,11,46
26970,1062303,11,46
26971,114813,10,46
26972,949475,9,46
26973,3803659,3,46
26974,3757706,10,46
26975,1639659,11,46
26976,1811206,5,46
26977,3306386,10,46
26978,3547791,12,46
26979,3373702,10,46
26980,2166831,9,46
26981,4319355,1,46
26982,6133531,1,46
26983,6387969,11,46
26984,1867005,4,46
26985,2298378,1,46
26986,5307584,11,46
26987,5145320,1,46
26988,5992339,12,46
26989,6157494,10,46
26990,4512033,10,46
26991,3979562,4,46
26992,5213417,11,46
26993,6074295,11,46
26994,4998967,9,46
26995,4294205,11,46
26996,4329440,8,46
26997,628513,6,46
26998,3979630,6,46
26999,5647320,10,46
27000,752834,8,46
27001,1780462,5,46
27002,1221322,6,46
27003,5340613,9,46
27004,1892325,12,46
27005,300086,12,46
27006,4398403,4,46
27007,5136040,9,46
27008,3712065,3,46
27009,4548348,12,46
27010,3376328,12,46
27011,75212,4,46
27012,1282976,9,46
27013,2057971,8,46
27014,5236858,12,46
27015,1340663,1,46
27016,73654,9,46
27017,2081509,10,46
27018,5990869,10,46
27019,4955014,12,46
27020,5052674,10,46
27021,5022903,7,46
27022,763690,10,46
27023,1305099,4,46
27024,6439307,10,46
27025,4166868,6,46
27026,3857194,8,46
27027,1410672,8,46
27028,1520066,7,46
27029,300489,7,46
27030,3239012,1,46
27031,4982554,1,46
27032,236653,2,46
27033,1915474,6,46
27034,2253027,12,46
27035,779006,9,46
27036,5852929,6,46
27037,65497,5,46
27038,5216004,7,46
27039,5268829,12,46
27040,716640,10,46
27041,1808600,8,46
27042,3728627,7,46
27043,2523731,12,46
27044,247995,2,46
27045,1091012,3,46
27046,3239456,12,46
27047,156952,6,46
27048,6264046,12,46
27049,1219153,1,46
27050,6076264,1,46
27051,6243813,7,46
27052,4747268,10,46
27053,513299,4,46
27054,750891,3,46
27055,401390,6,46
27056,2837685,4,46
27057,1209619,11,46
27058,2044736,9,46
27059,2733043,4,46
27060,2865183,5,46
27061,615346,12,46
27062,5890238,4,46
27063,1412112,2,46
27064,2996936,7,46
27065,1439327,9,46
27066,3621904,3,46
27067,3616232,10,46
27068,3120519,11,46
27069,3431018,9,46
27070,2482340,3,46
27071,2431580,12,46
27072,3876788,4,46
27073,196427,5,46
27074,3638097,10,46
27075,797408,12,46
27076,346449,9,46
27077,6081830,10,46
27078,2289018,1,46
27079,4105162,12,46
27080,1591144,1,46
27081,1355182,5,46
27082,2538996,12,46
27083,5679773,5,46
27084,3973115,11,46
27085,6370930,4,46
27086,4588724,11,46
27087,5398855,4,46
27088,786765,8,46
27089,191444,8,46
27090,656054,12,46
27091,970403,12,46
27092,5141311,6,46
27093,3721756,9,46
27094,1270187,12,46
27095,353751,12,46
27096,4422413,11,46
27097,6262854,9,46
27098,1114477,12,46
27099,1007557,8,46
27100,3315749,11,46
27101,3885354,12,46
27102,5564655,9,46
27103,3974526,11,46
27104,5864621,7,46
27105,5666877,12,46
27106,2023292,1,46
27107,5880356,5,46
27108,2695516,9,46
27109,4298469,9,46
27110,3258903,5,46
27111,4091305,4,46
27112,3632442,4,46
27113,275398,5,46
27114,5665690,12,46
27115,1964150,1,46
27116,5382808,4,46
27117,5700786,10,46
27118,3664482,7,46
27119,4516051,1,46
27120,3448211,6,46
27121,931734,10,46
27122,2196027,12,46
27123,2935945,9,46
27124,2138270,1,46
27125,6068514,6,46
27126,31246,6,46
27127,3767759,11,46
27128,3994019,9,46
27129,169490,6,46
27130,6440036,8,46
27131,3566744,11,46
27132,2319160,4,46
27133,2014709,10,46
27134,1642523,10,46
27135,2203625,9,46
27136,233700,10,46
27137,3457262,12,46
27138,3543957,3,46
27139,2396282,6,46
27140,879802,9,46
27141,2132674,1,46
27142,1028456,10,46
27143,1469285,7,46
27144,5106035,10,46
27145,518247,9,46
27146,2917593,8,46
27147,5992937,4,46
27148,4074976,11,46
27149,2364737,10,46
27150,2376994,8,46
27151,6045114,12,46
27152,2479829,10,46
27153,4487540,7,46
27154,4638791,1,46
27155,5623338,11,46
27156,2066791,3,46
27157,4200998,12,46
27158,1893959,9,46
27159,1435454,4,46
27160,3938245,8,46
27161,476470,8,46
27162,5302715,3,46
27163,198332,1,46
27164,3346433,3,46
27165,4402526,4,46
27166,6145460,9,46
27167,6311140,3,46
27168,6074552,8,46
27169,481784,10,46
27170,6402765,10,46
27171,1336204,10,46
27172,6302231,12,46
27173,4649438,9,46
27174,4326040,9,46
27175,1151416,9,46
27176,5694553,12,46
27177,5121237,9,46
27178,2602360,9,46
27179,3766745,10,46
27180,2504335,12,46
27181,4202811,9,46
27182,160841,9,46
27183,332173,9,46
27184,6014638,11,46
27185,1954053,6,46
27186,1876570,2,46
27187,253860,8,46
27188,1008573,3,46
27189,5032618,9,46
27190,2909417,3,46
27191,2206774,1,46
27192,5753368,11,46
27193,3534997,3,46
27194,5425354,9,46
27195,1132010,6,46
27196,754147,9,46
27197,683988,10,46
27198,5972691,12,46
27199,3669565,11,46
27200,1163804,12,46
27201,4113128,8,46
27202,2014263,10,46
27203,4723435,4,46
27204,5091774,3,46
27205,435510,10,46
27206,1802547,6,46
27207,2299074,8,46
27208,726283,9,46
27209,6293977,10,46
27210,3425934,10,46
27211,2533760,12,46
27212,396899,12,46
27213,2752045,11,46
27214,5473739,1,46
27215,1707847,6,46
27216,263452,10,46
27217,3788288,11,46
27218,3996842,2,46
27219,1328692,12,46
27220,3851853,3,46
27221,3915179,9,46
27222,5304568,3,46
27223,1080550,12,46
27224,5154723,8,46
27225,407501,10,46
27226,722112,8,46
27227,6003919,9,46
27228,5846304,12,46
27229,1443076,6,46
27230,3191799,12,46
27231,4373030,10,46
27232,5144327,7,46
27233,666101,12,46
27234,1839568,11,46
27235,4123087,9,46
27236,2167218,11,46
27237,120895,11,46
27238,3106834,10,46
27239,4308495,9,46
27240,3280598,12,46
27241,5792640,3,46
27242,354297,9,46
27243,3710206,10,46
27244,2886052,12,46
27245,6050619,8,46
27246,390110,9,46
27247,4369611,9,46
27248,6495643,10,46
27249,193339,9,46
27250,1502851,7,46
27251,2974455,5,46
27252,63627,12,46
27253,1933231,11,46
27254,1247517,8,46
27255,1469266,4,46
27256,5085690,6,46
27257,1007797,6,46
27258,6353435,11,46
27259,3520364,7,46
27260,1412878,3,46
27261,2493923,9,46
27262,1828780,4,46
27263,2702202,1,46
27264,2172730,6,46
27265,4314065,1,46
27266,2586038,3,46
27267,4035797,4,46
27268,591328,12,46
27269,3674278,1,46
27270,269131,12,46
27271,318275,7,46
27272,1548644,4,46
27273,3451554,6,46
27274,3163587,12,46
27275,1042901,6,46
27276,2153380,5,46
27277,4377857,6,46
27278,625994,9,46
27279,4005896,11,46
27280,4380439,1,46
27281,735318,5,46
27282,3930838,2,46
27283,2353229,9,46
27284,6036135,9,46
27285,1736091,10,46
27286,4432918,1,46
27287,5762286,10,46
27288,5699490,10,46
27289,4375127,9,46
27290,3737297,6,46
27291,2519348,6,46
27292,3621921,8,46
27293,6244951,1,46
27294,4389151,7,46
27295,1599728,5,46
27296,6111761,3,46
27297,6018291,1,46
27298,4547514,5,46
27299,5092938,10,46
27300,691992,1,46
27301,5418915,9,46
27302,1976587,6,46
27303,3516359,1,46
27304,5251619,9,46
27305,3257077,10,46
27306,3412776,6,46
27307,90639,3,46
27308,2306937,11,46
27309,4158394,9,46
27310,2667546,5,46
27311,1670891,10,46
27312,3078432,10,46
27313,5743215,3,46
27314,1843461,9,46
27315,4327875,8,46
27316,2179523,11,46
27317,1804922,1,46
27318,4884722,1,46
27319,4135807,10,46
27320,5062855,5,46
27321,5494991,2,46
27322,1598912,9,46
27323,3291591,8,46
27324,5603595,10,46
27325,3923276,10,46
27326,1733752,8,46
27327,1456143,5,46
27328,4282015,7,46
27329,240771,3,46
27330,1610686,4,46
27331,1150312,11,46
27332,3131453,12,46
27333,1905381,10,46
27334,5417751,11,46
27335,1613953,4,46
27336,3849448,5,46
27337,1204273,8,46
27338,5443557,7,46
27339,6088522,10,46
27340,5828659,11,46
27341,22430,9,46
27342,4345928,8,46
27343,3200371,10,46
27344,1757703,11,46
27345,3357467,10,46
27346,4475738,12,46
27347,3815837,12,46
27348,4782163,12,46
27349,4682150,11,46
27350,487753,12,46
27351,1690106,7,46
27352,2615046,10,46
27353,2084214,10,46
27354,4620411,10,46
27355,1379966,10,46
27356,2789651,12,46
27357,4533233,1,46
27358,1502504,9,46
27359,2961189,10,46
27360,5851561,1,46
27361,3832444,7,46
27362,5290043,12,46
27363,6142168,5,46
27364,1270083,12,46
27365,341740,6,46
27366,3124632,5,46
27367,1844757,11,46
27368,4126815,3,46
27369,2461367,3,46
27370,2596330,9,46
27371,2467092,11,46
27372,856142,6,46
27373,3420974,8,46
27374,3647072,9,46
27375,2450561,7,46
27376,3679302,10,46
27377,465541,8,46
27378,2698630,11,46
27379,2258298,1,46
27380,1133607,11,46
27381,3602691,3,46
27382,1160544,2,46
27383,5788021,9,46
27384,3918853,1,46
27385,6198605,12,46
27386,6301218,11,46
27387,5734879,10,46
27388,1853021,11,46
27389,2843464,10,46
27390,466125,8,46
27391,6432190,9,46
27392,4948900,10,46
27393,4351884,7,46
27394,5699908,8,46
27395,5021903,1,46
27396,898943,11,46
27397,6193664,2,46
27398,3314121,8,46
27399,3321676,11,46
27400,4689303,11,46
27401,1437266,11,46
27402,3067775,10,46
27403,4049449,10,46
27404,3349451,1,46
27405,2315229,12,46
27406,4037574,12,46
27407,793889,5,46
27408,884365,10,46
27409,2450075,10,46
27410,2317126,10,46
27411,6396862,12,46
27412,63433,10,46
27413,454302,6,46
27414,3738359,8,46
27415,2340935,11,46
27416,5815215,7,46
27417,3022157,10,46
27418,4848798,9,46
27419,1690106,9,47
27420,3038525,3,47
27421,728683,9,47
27422,5014041,1,47
27423,4319661,11,47
27424,5128646,10,47
27425,2549026,6,47
27426,3584280,9,47
27427,3527514,4,47
27428,169490,6,47
27429,1208299,8,47
27430,3960740,1,47
27431,122416,5,47
27432,888013,3,47
27433,430539,1,47
27434,1518278,9,47
27435,1450247,9,47
27436,4398979,11,47
27437,3772244,11,47
27438,1892325,6,47
27439,1346446,5,47
27440,2545524,1,47
27441,541336,1,47
27442,2365089,9,47
27443,2796050,12,47
27444,2757947,11,47
27445,2538996,5,47
27446,2172730,9,47
27447,4005757,4,47
27448,4782163,12,47
27449,988019,8,47
27450,4516051,1,47
27451,1800927,8,47
27452,3651805,5,47
27453,4880487,10,47
27454,4249393,9,47
27455,2132674,1,47
27456,3321676,11,47
27457,2317223,5,47
27458,4828858,12,47
27459,3425934,10,47
27460,2084214,12,47
27461,1285982,9,47
27462,2344941,11,47
27463,3127584,12,47
27464,5714395,10,47
27465,3791104,5,47
27466,1738208,10,47
27467,160841,9,47
27468,4562275,8,47
27469,2462037,12,47
27470,460974,2,47
27471,2350437,4,47
27472,2661601,10,47
27473,683988,10,47
27474,5928809,4,47
27475,4227998,2,47
27476,3075770,12,47
27477,3616032,11,47
27478,3647072,8,47
27479,6415310,9,47
27480,6059563,9,47
27481,5224668,11,47
27482,6214309,12,47
27483,804235,11,47
27484,3168425,12,47
27485,754147,12,47
27486,2935945,11,47
27487,4599139,8,47
27488,6375164,11,47
27489,6409192,4,47
27490,3404639,11,47
27491,1048618,9,47
27492,4234294,3,47
27493,4422413,10,47
27494,3840616,1,47
27495,4805576,1,47
27496,5734273,1,47
27497,1246794,8,47
27498,1882424,9,47
27499,320864,5,47
27500,2175759,6,47
27501,716640,10,47
27502,2340935,8,47
27503,3685484,4,47
27504,3721141,4,47
27505,2282900,5,47
27506,6264046,10,47
27507,4625869,10,47
27508,123610,9,47
27509,378928,1,47
27510,1843461,12,47
27511,6429799,8,47
27512,91436,12,47
27513,1612410,3,47
27514,231659,8,47
27515,4380439,5,47
27516,6138860,9,47
27517,2264762,4,47
27518,4283914,9,47
27519,3964138,9,47
27520,300086,9,47
27521,3319476,5,47
27522,884365,12,47
27523,6301218,9,47
27524,3876788,10,47
27525,5169851,4,47
27526,2504522,9,47
27527,1382944,5,47
27528,236653,6,47
27529,5734879,9,47
27530,2732176,12,47
27531,6095145,10,47
27532,4884722,1,47
27533,2925028,1,47
27534,4321276,10,47
27535,6192304,5,47
27536,1776555,9,47
27537,3417802,9,47
27538,2785750,9,47
27539,1603615,8,47
27540,4884154,12,47
27541,4158394,9,47
27542,300489,8,47
27543,2385899,2,47
27544,2482340,6,47
27545,4774971,11,47
27546,3887839,10,47
27547,3258903,3,47
27548,2491263,11,47
27549,5032618,11,47
27550,5212164,8,47
27551,6140348,9,47
27552,715804,12,47
27553,6244951,6,47
27554,932111,5,47
27555,3990768,10,47
27556,3176384,1,47
27557,539935,7,47
27558,5343249,4,47
27559,4869809,10,47
27560,4303882,1,47
27561,3494787,7,47
27562,6462992,11,47
27563,1872517,3,47
27564,31246,6,47
27565,6128090,7,47
27566,949475,11,47
27567,5828659,9,47
27568,6258800,4,47
27569,2167218,11,47
27570,498845,11,47
27571,1498384,10,47
27572,2883943,12,47
27573,180504,10,47
27574,4692350,9,47
27575,1476650,9,47
27576,6195611,3,47
27577,656095,10,47
27578,247995,1,47
27579,4154344,9,47
27580,1314083,8,47
27581,2837458,12,47
27582,4825782,10,47
27583,722112,1,47
27584,1562027,9,47
27585,4933263,4,47
27586,3066281,4,47
27587,2168548,12,47
27588,1965484,8,47
27589,945607,12,47
27590,5656384,8,47
27591,1938054,8,47
27592,818798,2,47
27593,820380,12,47
27594,2987851,8,47
27595,3454553,12,47
27596,149949,11,47
27597,250780,8,47
27598,5602941,4,47
27599,2461367,9,47
27600,227323,6,47
27601,1754074,7,47
27602,4414462,12,47
27603,1750704,9,47
27604,5741400,3,47
27605,2507895,10,47
27606,1443076,12,47
27607,2203625,10,47
27608,4408609,8,47
27609,2626939,9,47
27610,3930838,2,47
27611,4135807,11,47
27612,1780462,8,47
27613,4966537,11,47
27614,5464845,12,47
27615,3773828,11,47
27616,5489522,5,47
27617,3318601,11,47
27618,4056733,8,47
27619,2378317,8,47
27620,861461,12,47
27621,6334938,1,47
27622,3022157,4,47
27623,4025997,10,47
27624,4155591,12,47
27625,6404195,11,47
27626,251665,9,47
27627,1999392,11,47
27628,4040489,11,47
27629,4338155,12,47
27630,949506,8,47
27631,6302231,10,47
27632,4332119,12,47
27633,3168823,9,47
27634,1572709,9,47
27635,409258,10,47
27636,5553341,5,47
27637,5021903,4,47
27638,5889375,8,47
27639,2337536,3,47
27640,573527,1,47
27641,4576555,9,47
27642,2772139,2,47
27643,439787,9,47
27644,2077665,11,47
27645,5568223,12,47
27646,2582939,11,47
27647,6444191,10,47
27648,4998967,9,47
27649,1730184,6,47
27650,5792640,3,47
27651,3809077,10,47
27652,2839188,9,47
27653,2536562,12,47
27654,183584,10,47
27655,3142479,9,47
27656,805209,5,47
27657,332451,12,47
27658,210007,11,47
27659,3869947,6,47
27660,4791266,6,47
27661,3836231,9,47
27662,4786518,3,47
27663,5464741,1,47
27664,6116428,12,47
27665,6111761,5,47
27666,1282302,11,47
27667,5382808,5,47
27668,3388074,8,47
27669,5695940,1,47
27670,2092543,12,47
27671,6343621,10,47
27672,327221,6,47
27673,5753368,11,47
27674,461181,9,47
27675,4028688,6,47
27676,409212,11,47
27677,1456143,5,47
27678,887016,9,47
27679,3873958,1,47
27680,4870049,8,47
27681,1486470,12,47
27682,243327,12,47
27683,2348351,10,47
27684,3791212,5,47
27685,937505,12,47
27686,4512033,2,47
27687,4350985,11,47
27688,4904188,11,47
27689,5786514,9,47
27690,3847479,10,47
27691,1119039,10,47
27692,5818944,9,47
27693,6296210,9,47
27694,2728997,12,47
27695,881824,9,47
27696,6201831,10,47
27697,5996893,10,47
27698,3395342,6,47
27699,4076087,8,47
27700,371874,12,47
27701,2733043,5,47
27702,3239456,9,47
27703,625994,8,47
27704,4721476,8,47
27705,1642523,8,47
27706,2834555,5,47
27707,5823210,12,47
27708,3166068,2,47
27709,3078432,1,47
27710,6324554,7,47
27711,3041580,11,47
27712,6305326,12,47
27713,1459602,5,47
27714,4230691,12,47
27715,3798593,12,47
27716,2229032,8,47
27717,3063117,7,47
27718,3422530,5,47
27719,6050619,1,47
27720,1028456,9,47
27721,4486163,8,47
27722,2602360,8,47
27723,343310,12,47
27724,4712842,6,47
27725,3107499,3,47
27726,1905381,9,47
27727,601943,8,47
27728,4193200,4,47
27729,5290043,12,47
27730,3621904,4,47
27731,2232052,11,47
27732,2649843,4,47
27733,2876903,7,47
27734,3520364,11,47
27735,3163587,9,47
27736,1334464,11,47
27737,147528,9,47
27738,240771,10,47
27739,6450877,9,47
27740,1915112,10,47
27741,3386838,10,47
27742,3767759,9,47
27743,2023292,1,47
27744,233700,12,47
27745,3021471,6,47
27746,4522040,9,47
27747,4318374,4,47
27748,3358839,3,47
27749,1204273,8,47
27750,4013479,9,47
27751,3616232,9,47
27752,1605648,7,47
27753,2929591,4,47
27754,3885354,1,47
27755,5361527,9,47
27756,883136,3,47
27757,4200998,6,47
27758,4315327,6,47
27759,5733739,10,47
27760,645580,1,47
27761,3451554,6,47
27762,601769,12,47
27763,2457094,2,47
27764,1896272,9,47
27765,5704429,12,47
27766,2546056,7,47
27767,2280643,9,47
27768,3849448,8,47
27769,1167963,11,47
27770,16953,2,47
27771,4035797,3,47
27772,6044474,11,47
27773,1893959,11,47
27774,5272161,10,47
27775,5052475,9,47
27776,475511,9,47
27777,1801851,10,47
27778,2081509,9,47
27779,2676970,4,47
27780,83824,11,47
27781,5231308,11,47
27782,3945655,8,47
27783,1392204,3,47
27784,31546,12,47
27785,1844757,5,47
27786,4341519,7,47
27787,2310047,10,47
27788,1219153,1,47
27789,804492,3,47
27790,5117086,9,47
27791,1317300,10,47
27792,6473161,3,47
27793,4350815,5,47
27794,1050344,3,47
27795,1808600,5,47
27796,986245,9,47
27797,689092,1,47
27798,3390004,1,47
27799,3757706,10,47
27800,1198748,10,47
27801,1928850,9,47
27802,5344481,10,47
27803,5417751,5,47
27804,401390,3,47
27805,1641223,10,47
27806,855368,4,47
27807,5919160,6,47
27808,6014638,9,47
27809,4511528,1,47
27810,628380,5,47
27811,1471249,6,47
27812,4762604,6,47
27813,2612131,8,47
27814,5020845,12,47
27815,4564758,8,47
27816,1125565,8,47
27817,1736470,1,47
27818,1551950,9,47
27819,1361983,6,47
27820,1355182,9,47
27821,898943,9,47
27822,5262746,12,47
27823,5019374,12,47
27824,4905376,4,47
27825,1063000,7,47
27826,2698630,9,47
27827,6387969,10,47
27828,639772,10,47
27829,1164972,4,47
27830,3119531,12,47
27831,3905760,10,47
27832,2396282,9,47
27833,5103613,9,47
27834,1145372,6,47
27835,666101,12,47
27836,4159777,6,47
27837,3494053,9,47
27838,4419568,10,47
27839,5630222,4,47
27840,5092938,10,47
27841,1328692,10,47
27842,22430,9,47
27843,3400675,5,47
27844,2865183,12,47
27845,3647053,9,47
27846,4580752,12,47
27847,2843464,8,47
27848,5604753,3,47
27849,5121237,12,47
27850,2987945,10,47
27851,2520515,8,47
27852,267470,6,47
27853,1607546,12,47
27854,3851853,8,47
27855,3987157,6,47
27856,1731482,7,47
27857,1936645,1,47
27858,4700467,6,47
27859,1853837,7,47
27860,3832444,3,47
27861,3899121,11,47
27862,6036135,8,47
27863,6145460,9,47
27864,3031062,11,47
27865,687726,12,47
27866,5794156,1,47
27867,3457262,5,47
27868,822361,11,47
27869,5056667,10,47
27870,3859939,4,47
27871,5144327,11,47
27872,4817994,3,47
27873,3153380,3,47
27874,16347,3,47
27875,1867005,8,47
27876,2373712,6,47
27877,4710640,11,47
27878,2075459,9,47
27879,2315229,12,47
27880,3852820,10,47
27881,2575423,9,47
27882,5117113,1,47
27883,4484556,11,47
27884,5575237,8,47
27885,6252061,10,47
27886,890618,1,47
27887,4341143,5,47
27888,5313174,9,47
27889,3712065,4,47
27890,4294205,9,47
27891,4375127,9,47
27892,4402526,3,47
27893,200655,9,47
27894,6068514,7,47
27895,3373415,9,47
27896,1357167,9,47
27897,4253281,8,47
27898,6355376,9,47
27899,1437266,11,47
27900,2534267,9,47
27901,2568682,9,47
27902,364733,12,47
27903,2607591,9,47
27904,3531670,9,47
27905,2366922,11,47
27906,2914933,1,47
27907,3544608,9,47
27908,3973115,10,47
27909,646759,9,47
27910,3441143,11,47
27911,1994055,4,47
27912,1340663,2,47
27913,538667,9,47
27914,578015,12,47
27915,4629280,8,47
27916,4091305,8,47
27917,5890211,10,47
27918,2189795,8,47
27919,4164611,7,47
27920,4874322,1,47
27921,551119,8,47
27922,1933059,11,47
27923,6300073,5,47
27924,1440856,4,47
27925,3779666,10,47
27926,3979630,10,47
27927,2302045,11,47
27928,843427,7,47
27929,2971701,9,47
27930,5791180,8,47
27931,3115492,11,47
27932,6394574,6,47
27933,4010321,1,47
27934,1410672,10,47
27935,1707847,9,47
27936,1080550,12,47
27937,5520467,11,47
27938,6081830,10,47
27939,6075416,10,47
27940,435510,10,47
27941,2711880,9,47
27942,3815837,12,47
27943,4326040,11,47
27944,210942,10,47
27945,1177663,9,47
27946,5888115,11,47
27947,615346,9,47
27948,6456765,10,47
27949,3176771,1,47
27950,5815215,7,47
27951,732282,12,47
27952,3344933,6,47
27953,2667546,5,47
27954,2042603,3,47
27955,5623338,11,47
27956,2366843,11,47
27957,3186913,11,47
27958,6245238,2,47
27959,3574092,10,47
27960,836310,9,47
27961,1933231,9,47
27962,4127779,12,47
27963,2556918,6,47
27964,5699908,11,47
27965,2535103,7,47
27966,227044,4,47
27967,3566744,1,47
27968,2721822,1,47
27969,587339,8,47
27970,3669565,12,47
27971,341740,9,47
27972,6336464,10,47
27973,218612,9,47
27974,4023211,5,47
27975,5236858,12,47
27976,4913678,7,47
27977,5048928,12,47
27978,495439,9,47
27979,5093888,12,47
27980,6086802,10,47
27981,2245654,10,47
27982,460774,12,47
27983,2307466,3,47
27984,909005,2,47
27985,5477303,1,47
27986,6040429,9,47
27987,4728975,11,47
27988,2767754,10,47
27989,2450075,9,47
27990,4091655,11,47
27991,1379352,9,47
27992,5177635,9,47
27993,240378,3,47
27994,2962324,12,47
27995,4488254,7,47
27996,4066044,9,47
27997,3325179,9,47
27998,1736771,4,47
27999,4707972,6,47
28000,33904,9,47
28001,390110,10,47
28002,5824379,4,47
28003,1631649,10,47
28004,5567351,4,47
28005,3373702,10,47
28006,1716912,5,47
28007,6109293,9,47
28008,4535556,7,47
28009,5557448,2,47
28010,3357467,6,47
28011,5522388,10,47
28012,5145320,2,47
28013,3514907,12,47
28014,275398,8,47
28015,6347052,10,47
28016,1750655,11,47
28017,5202311,1,47
28018,4400775,10,47
28019,2909417,4,47
28020,3311384,1,47
28021,1242243,6,47
28022,1804922,1,47
28023,6278108,5,47
28024,263452,12,47
28025,16953,2,48
28026,5604753,4,48
28027,1782530,6,48
28028,624973,4,48
28029,3668699,5,48
28030,62338,12,48
28031,6081830,11,48
28032,578015,11,48
28033,1410672,9,48
28034,3417802,12,48
28035,570421,9,48
28036,4869809,11,48
28037,332173,12,48
28038,4424118,11,48
28039,568703,5,48
28040,5116337,5,48
28041,5340613,9,48
28042,1822213,3,48
28043,2732176,5,48
28044,404479,11,48
28045,1437266,6,48
28046,3766745,9,48
28047,4756460,1,48
28048,2825544,11,48
28049,2092543,9,48
28050,2023292,9,48
28051,825222,11,48
28052,2319160,10,48
28053,1808600,4,48
28054,1469266,4,48
28055,269131,8,48
28056,4967759,8,48
28057,18274,6,48
28058,3945655,10,48
28059,5788021,10,48
28060,1219153,1,48
28061,420555,10,48
28062,1610686,4,48
28063,1557360,6,48
28064,4684875,9,48
28065,2796050,9,48
28066,4375127,12,48
28067,5166644,9,48
28068,6473281,9,48
28069,1518897,1,48
28070,2491609,10,48
28071,1607546,12,48
28072,3082413,11,48
28073,1884873,5,48
28074,3876788,4,48
28075,780759,11,48
28076,4880487,11,48
28077,3249107,6,48
28078,6353435,6,48
28079,205513,10,48
28080,3073838,10,48
28081,5628353,6,48
28082,4279139,5,48
28083,5084177,5,48
28084,2602668,10,48
28085,1198748,10,48
28086,4588724,11,48
28087,3915179,6,48
28088,3425384,9,48
28089,4307618,1,48
28090,538667,12,48
28091,1242243,6,48
28092,754147,10,48
28093,3058798,10,48
28094,2034452,4,48
28095,1551950,8,48
28096,3956558,6,48
28097,2791621,1,48
28098,1518278,10,48
28099,4898172,11,48
28100,945607,9,48
28101,2265260,1,48
28102,3266429,9,48
28103,846084,9,48
28104,2149609,4,48
28105,5011227,9,48
28106,4769999,10,48
28107,4058245,5,48
28108,626746,12,48
28109,1456382,10,48
28110,2552034,12,48
28111,6046495,4,48
28112,2337536,10,48
28113,1353588,4,48
28114,4835378,10,48
28115,2837685,1,48
28116,1255899,9,48
28117,6308051,6,48
28118,5021903,2,48
28119,6462992,12,48
28120,2467092,11,48
28121,5448672,10,48
28122,5837908,12,48
28123,5418915,6,48
28124,4268871,6,48
28125,467625,1,48
28126,5868558,3,48
28127,2042603,1,48
28128,2184816,5,48
28129,4381138,11,48
28130,372660,1,48
28131,5224668,8,48
28132,6161670,6,48
28133,4971335,9,48
28134,5620025,11,48
28135,33169,9,48
28136,574493,3,48
28137,6419018,9,48
28138,2414859,11,48
28139,1954053,9,48
28140,4341332,12,48
28141,3275362,1,48
28142,2196027,10,48
28143,169490,3,48
28144,2549404,10,48
28145,551119,7,48
28146,3142479,12,48
28147,1268530,9,48
28148,2514905,9,48
28149,1364616,11,48
28150,1247517,10,48
28151,2145393,2,48
28152,3066281,3,48
28153,4273236,4,48
28154,4370584,6,48
28155,2390937,12,48
28156,2236870,10,48
28157,4279338,10,48
28158,2132674,1,48
28159,1915474,4,48
28160,1938054,8,48
28161,1450247,11,48
28162,2507895,5,48
28163,3979630,6,48
28164,3097882,9,48
28165,4954550,4,48
28166,1357167,9,48
28167,726075,10,48
28168,4025929,9,48
28169,263452,10,48
28170,989099,9,48
28171,4158394,9,48
28172,5078038,5,48
28173,5914534,9,48
28174,1936645,3,48
28175,2365089,10,48
28176,3509856,6,48
28177,5657446,3,48
28178,5140999,10,48
28179,3063117,4,48
28180,6301218,11,48
28181,4682150,7,48
28182,4633093,1,48
28183,5972691,11,48
28184,2626939,10,48
28185,6133051,4,48
28186,3647318,3,48
28187,5382808,3,48
28188,4069092,12,48
28189,4402112,10,48
28190,3363885,6,48
28191,4414025,8,48
28192,1023885,12,48
28193,1264585,4,48
28194,3012532,9,48
28195,6059563,9,48
28196,2291667,8,48
28197,6335790,12,48
28198,2013154,3,48
28199,2914343,10,48
28200,1690106,10,48
28201,6401356,9,48
28202,747814,9,48
28203,2292224,9,48
28204,6448701,12,48
28205,1042901,12,48
28206,488776,6,48
28207,5299460,4,48
28208,427566,10,48
28209,3325179,11,48
28210,1821775,7,48
28211,1221322,9,48
28212,5432400,11,48
28213,990948,4,48
28214,3863135,12,48
28215,5487067,2,48
28216,4625869,10,48
28217,3337421,8,48
28218,396899,7,48
28219,3638097,10,48
28220,475539,1,48
28221,6074295,11,48
28222,6192304,3,48
28223,3410495,12,48
28224,300086,12,48
28225,4074976,8,48
28226,5929866,6,48
28227,2461367,9,48
28228,3779666,6,48
28229,1841705,4,48
28230,6381229,8,48
28231,3191799,12,48
28232,3388074,8,48
28233,573527,1,48
28234,861461,10,48
28235,5056667,10,48
28236,6068514,7,48
28237,3932316,9,48
28238,1356423,12,48
28239,1163804,12,48
28240,6305326,9,48
28241,2080833,9,48
28242,822090,9,48
28243,5733739,10,48
28244,1150312,11,48
28245,2520515,9,48
28246,6063653,9,48
28247,879308,12,48
28248,6128090,7,48
28249,6124549,4,48
28250,6052644,10,48
28251,3914978,9,48
28252,465541,10,48
28253,4187083,10,48
28254,1610017,11,48
28255,5965959,4,48
28256,4115762,12,48
28257,4479350,10,48
28258,201823,10,48
28259,3435750,12,48
28260,6176047,5,48
28261,2536562,10,48
28262,4527954,4,48
28263,3420974,9,48
28264,457987,12,48
28265,2772139,2,48
28266,856142,10,48
28267,4548348,11,48
28268,4159777,11,48
28269,907290,9,48
28270,6022405,8,48
28271,3055779,4,48
28272,5957978,10,48
28273,5037608,1,48
28274,4056857,12,48
28275,6112630,5,48
28276,5741400,12,48
28277,353048,12,48
28278,4198862,2,48
28279,5729212,9,48
28280,5361527,11,48
28281,53810,9,48
28282,3815837,10,48
28283,5144327,9,48
28284,5225090,10,48
28285,3148259,5,48
28286,4786683,9,48
28287,5740378,6,48
28288,3425934,8,48
28289,5048928,9,48
28290,2642336,4,48
28291,6497565,7,48
28292,5656384,8,48
28293,6257432,4,48
28294,5417751,7,48
28295,1019515,11,48
28296,12872,3,48
28297,6018291,5,48
28298,4740500,5,48
28299,5736331,11,48
28300,5672165,4,48
28301,1379352,11,48
28302,1882424,9,48
28303,6494381,6,48
28304,4200379,9,48
28305,1613900,9,48
28306,2936534,10,48
28307,5286269,3,48
28308,3176771,12,48
28309,2785750,9,48
28310,3803659,4,48
28311,5358538,5,48
28312,5093888,10,48
28313,2019978,9,48
28314,645580,7,48
28315,6436107,6,48
28316,1750704,9,48
28317,251665,11,48
28318,4966537,5,48
28319,4612202,9,48
28320,2721811,9,48
28321,1867005,4,48
28322,2533760,8,48
28323,2531570,1,48
28324,6226853,10,48
28325,147528,7,48
28326,752834,11,48
28327,1780462,6,48
28328,1867936,10,48
28329,2790450,12,48
28330,314409,1,48
28331,5251619,10,48
28332,543404,12,48
28333,2299074,12,48
28334,3365753,3,48
28335,2375423,12,48
28336,3115492,10,48
28337,848582,11,48
28338,2258298,3,48
28339,6214309,10,48
28340,4576555,7,48
28341,5620635,3,48
28342,2520693,11,48
28343,1164972,1,48
28344,369293,10,48
28345,6262854,9,48
28346,592638,1,48
28347,4023211,10,48
28348,886242,12,48
28349,3068688,9,48
28350,2449587,12,48
28351,1775857,11,48
28352,890618,8,48
28353,4629280,8,48
28354,3278942,1,48
28355,2480002,1,48
28356,869700,5,48
28357,640493,1,48
28358,995546,4,48
28359,879802,11,48
28360,1314083,5,48
28361,2538894,10,48
28362,821158,10,48
28363,3949925,9,48
28364,2935945,12,48
28365,1818304,3,48
28366,6025171,9,48
28367,4369611,11,48
28368,1472087,11,48
28369,6495643,11,48
28370,1572709,11,48
28371,180504,12,48
28372,4805576,12,48
28373,4861465,12,48
28374,4414289,1,48
28375,6245238,2,48
28376,1166795,11,48
28377,4784568,5,48
28378,5823210,10,48
28379,4422413,9,48
28380,5634124,9,48
28381,5826554,2,48
28382,343310,12,48
28383,647253,8,48
28384,627251,10,48
28385,6145460,12,48
28386,1757703,9,48
28387,4069866,6,48
28388,5067402,4,48
28389,5158533,1,48
28390,1412895,4,48
28391,3601549,6,48
28392,691992,7,48
28393,4129015,5,48
28394,2054613,9,48
28395,4547514,11,48
28396,1572898,2,48
28397,3031764,11,48
28398,275398,8,48
28399,5022903,6,48
28400,3616032,11,48
28401,1247982,3,48
28402,47504,10,48
28403,949506,5,48
28404,1176519,4,48
28405,3791212,12,48
28406,6045114,12,48
28407,934881,10,48
28408,4762604,6,48
28409,4308495,4,48
28410,1624071,9,48
28411,3623466,8,48
28412,2090137,5,48
28413,3930838,10,48
28414,6404195,6,48
28415,888013,10,48
28416,5844033,10,48
28417,271521,10,48
28418,4828858,11,48
28419,5248442,9,48
28420,6044474,12,48
28421,2639434,2,48
28422,3899121,9,48
28423,5177635,12,48
28424,4438543,4,48
28425,6384003,5,48
28426,1707847,10,48
28427,1757589,3,48
28428,4688077,9,48
28429,3915043,11,48
28430,3137178,2,48
28431,884365,10,48
28432,2526615,3,48
28433,4076087,8,48
28434,2757947,9,48
28435,475511,10,48
28436,4870049,11,48
28437,3892112,9,48
28438,4166868,12,48
28439,3851853,10,48
28440,3647072,9,48
28441,3251181,8,48
28442,4017723,3,48
28443,5190723,8,48
28444,3987754,8,48
28445,3175139,10,48
28446,715804,6,48
28447,3859939,3,48
28448,3785417,8,48
28449,3766629,10,48
28450,2376930,4,48
28451,6014365,4,48
28452,346449,6,48
28453,4193200,4,48
28454,3373415,10,48
28455,546775,9,48
28456,454302,6,48
28457,5161997,9,48
28458,2081509,9,48
28459,442047,6,48
28460,5992356,11,48
28461,3321676,10,48
28462,6293729,1,48
28463,2994614,3,48
28464,3981732,8,48
28465,4728975,12,48
28466,3589936,1,48
28467,5135259,11,48
28468,3852820,9,48
28469,1603615,11,48
28470,487753,4,48
28471,6431772,6,48
28472,2243117,1,48
28473,2106093,6,48
28474,5675825,9,48
28475,4741690,11,48
28476,3457443,1,48
28477,3809077,10,48
28478,656054,12,48
28479,965276,3,48
28480,2952816,9,48
28481,1911645,5,48
28482,3168425,9,48
28483,3344933,1,48
28484,139954,9,48
28485,896326,12,48
28486,1804922,1,48
28487,6258800,4,48
28488,3979562,6,48
28489,5012107,11,48
28490,2529025,3,48
28491,3298181,4,48
28492,1480267,10,48
28493,69885,12,48
28494,2991105,8,48
28495,3918853,5,48
28496,4154344,12,48
28497,683988,9,48
28498,2473447,10,48
28499,2044736,3,48
28500,4249393,8,48
28501,3257077,12,48
28502,5974603,4,48
28503,3168823,9,48
28504,6232150,3,48
28505,601769,12,48
28506,3616232,12,48
28507,5477303,1,48
28508,836310,6,48
28509,6394574,9,48
28510,3042450,12,48
28511,1801851,10,48
28512,3406041,11,48
28513,404614,10,48
28514,5169214,4,48
28515,2772468,12,48
28516,3621921,9,48
28517,5680149,1,48
28518,5064715,8,48
28519,3987157,3,48
28520,4978183,10,48
28521,755414,10,48
28522,1630886,12,48
28523,3354934,12,48
28524,355929,11,48
28525,4793432,12,48
28526,4516051,1,48
28527,4849432,9,48
28528,5031365,10,48
28529,4397186,2,48
28530,4512033,6,48
28531,3874991,10,48
28532,3176384,1,48
28533,723019,3,48
28534,4773640,5,48
28535,2961189,11,48
28536,2741667,4,48
28537,4825782,9,48
28538,2695516,12,48
28539,2317223,9,48
28540,2699177,4,48
28541,5828659,11,48
28542,6138860,9,48
28543,1317300,10,48
28544,6468161,11,48
28545,5602941,12,48
28546,721300,5,48
28547,726283,10,48
28548,1167963,12,48
28549,4319355,1,48
28550,5645441,7,48
28551,5672800,5,48
28552,5091774,9,48
28553,2344941,12,48
28554,4475738,10,48
28555,4202683,11,48
28556,2519348,5,48
28557,3863985,4,48
28558,3892986,5,48
28559,3732525,11,48
28560,2839188,10,48
28561,5859109,4,48
28562,430539,1,48
28563,5630222,4,48
28564,1108981,4,48
28565,5489522,4,48
28566,481784,9,48
28567,2718335,5,48
28568,31246,6,48
28569,4373030,3,48
28570,2533072,9,48
28571,332451,4,48
28572,1443901,9,48
28573,1642523,9,48
28574,3069943,11,48
28575,1330225,8,48
28576,5568223,10,48
28577,4378600,5,48
28578,6283833,1,48
28579,950723,4,48
28580,2205017,10,48
28581,986245,9,48
28582,4013479,5,48
28583,6014638,11,48
28584,2752045,6,48
28585,250780,8,48
28586,1261236,12,48
28587,3038525,3,48
28588,2410673,10,48
28589,1979955,11,48
28590,4817994,6,48
28591,797408,3,48
28592,3632712,9,48
28593,976764,11,48
28594,6181015,3,48
28595,1962334,10,48
28596,779006,9,48
28597,3386838,9,48
28598,3494053,12,48
28599,6076264,1,48
28600,3211472,9,48
28601,1463753,11,48
28602,2415791,12,48
28603,3849448,12,48
28604,3395004,11,48
28605,4432682,11,48
28606,4164611,11,48
28607,5567351,6,48
28608,4253281,7,48
28609,2990746,3,48
28610,3544608,9,48
28611,1641223,8,48
28612,5750131,9,48
28613,5043232,11,48
28614,2676970,5,48
28615,2903444,9,48
28616,1459602,11,48
28617,3651805,9,48
28618,2467604,2,48
28619,701309,9,48
28620,3357467,1,48
28621,1549718,9,48
28622,1439327,12,48
28623,2314437,10,48
28624,4489912,10,48
28625,5271527,6,48
28626,7366,6,48
28627,696308,9,48
28628,46167,3,48
28629,4012484,12,48
28630,2310047,11,48
28631,763690,9,48
28632,5729785,9,48
28633,90639,10,48
28634,2364737,5,48
28635,1336204,12,48
28636,2366843,12,48
28637,1980430,7,48
28638,992606,8,48
28639,75212,4,48
28640,3454553,10,48
28641,5355476,4,48
28642,3921567,9,48
28643,4389151,8,48
28644,973777,9,48
28645,5669761,11,48
28646,3952244,4,48
28647,995030,10,48
28648,2373712,11,48
28649,232866,11,48
28650,3857353,8,48
28651,3531670,7,48
28652,4535556,11,48
28653,1492217,2,48
28654,549724,12,48
28655,141088,3,48
28656,5731361,1,48
28657,4811868,10,48
28658,4562275,6,48
28659,1427690,5,48
28660,2021269,11,48
28661,4204065,11,48
28662,1853837,12,48
28663,3991847,2,48
28664,3106834,5,48
28665,112864,9,48
28666,5714395,9,48
28667,749233,11,48
28668,1548644,4,48
28669,5007829,3,48
28670,1080550,10,48
28671,191444,9,48
28672,4282015,10,48
28673,3791104,5,48
28674,2396282,3,48
28675,1928850,8,48
28676,300489,10,48
28677,805209,5,48
28678,2600201,9,48
28679,1620477,6,48
28680,3311384,1,48
28681,3674278,1,48
28682,2057971,7,48
28683,4035797,3,48
28684,3836231,10,48
28685,4884722,1,48
28686,3766745,11,49
28687,210007,4,49
28688,1054311,10,49
28689,728683,12,49
28690,6265486,10,49
28691,6176047,12,49
28692,6036135,10,49
28693,2189795,6,49
28694,4025997,4,49
28695,6335790,10,49
28696,1247517,11,49
28697,1475618,9,49
28698,732282,11,49
28699,2057857,6,49
28700,5700786,11,49
28701,3574092,2,49
28702,715804,11,49
28703,4592315,4,49
28704,4495773,5,49
28705,656054,5,49
28706,3022157,11,49
28707,879802,10,49
28708,6116532,8,49
28709,797408,10,49
28710,5788021,9,49
28711,6236783,4,49
28712,5343135,10,49
28713,1007797,6,49
28714,5657446,1,49
28715,752834,11,49
28716,354297,12,49
28717,4350241,9,49
28718,2651726,11,49
28719,3145650,11,49
28720,6381229,7,49
28721,5800939,9,49
28722,856142,10,49
28723,3679148,9,49
28724,460974,9,49
28725,3987157,5,49
28726,5933997,10,49
28727,2365089,11,49
28728,1502851,9,49
28729,300489,8,49
28730,3422530,8,49
28731,6112630,6,49
28732,5628353,6,49
28733,1639659,4,49
28734,518247,12,49
28735,3257077,12,49
28736,2461367,12,49
28737,5248442,1,49
28738,1520066,6,49
28739,3455235,11,49
28740,2196027,9,49
28741,2092543,12,49
28742,6380977,6,49
28743,152911,2,49
28744,743790,9,49
28745,321864,8,49
28746,1463753,10,49
28747,2504335,9,49
28748,1974135,4,49
28749,2367350,3,49
28750,3981732,12,49
28751,1270083,6,49
28752,2172730,8,49
28753,5301088,12,49
28754,2503175,1,49
28755,2464229,11,49
28756,3494787,6,49
28757,4373030,10,49
28758,861461,9,49
28759,3757706,3,49
28760,4707972,2,49
28761,1429675,1,49
28762,173636,10,49
28763,5929866,9,49
28764,4128766,1,49
28765,4040489,9,49
28766,6142168,6,49
28767,6431772,7,49
28768,3169231,9,49
28769,2140317,8,49
28770,4306293,8,49
28771,1936645,4,49
28772,4577177,4,49
28773,601769,4,49
28774,2536562,5,49
28775,5991313,5,49
28776,2925028,1,49
28777,2132674,1,49
28778,6232150,8,49
28779,4946988,10,49
28780,3964138,8,49
28781,1518897,1,49
28782,3890388,9,49
28783,5171771,9,49
28784,656095,9,49
28785,3141073,9,49
28786,3766629,10,49
28787,1999392,9,49
28788,6073671,9,49
28789,192539,9,49
28790,5149816,9,49
28791,754147,11,49
28792,4017723,12,49
28793,2520515,7,49
28794,5311363,8,49
28795,5272161,10,49
28796,1603615,8,49
28797,539935,12,49
28798,180305,6,49
28799,3868076,11,49
28800,2153380,3,49
28801,3457262,1,49
28802,4069092,9,49
28803,2414859,11,49
28804,3852820,9,49
28805,637067,7,49
28806,4327875,12,49
28807,430539,10,49
28808,4773246,9,49
28809,4680612,3,49
28810,691666,8,49
28811,6106014,11,49
28812,3494053,9,49
28813,3260218,6,49
28814,3899121,9,49
28815,4005757,4,49
28816,1346446,9,49
28817,1080550,9,49
28818,218612,10,49
28819,3410495,3,49
28820,5742254,1,49
28821,6219913,6,49
28822,551119,8,49
28823,6059563,9,49
28824,6401356,10,49
28825,4028688,3,49
28826,4453642,10,49
28827,322218,9,49
28828,6409773,12,49
28829,3280598,11,49
28830,1892325,9,49
28831,2712731,5,49
28832,3726566,3,49
28833,1469285,4,49
28834,1114477,12,49
28835,4298469,11,49
28836,1614232,6,49
28837,4996164,12,49
28838,4684875,10,49
28839,4902409,9,49
28840,3863135,4,49
28841,2085419,4,49
28842,3557777,1,49
28843,6402765,10,49
28844,2607591,12,49
28845,4319355,1,49
28846,1020352,1,49
28847,6302231,12,49
28848,4341519,3,49
28849,4742049,9,49
28850,1108981,11,49
28851,2839188,11,49
28852,219167,4,49
28853,3784555,8,49
28854,3170715,11,49
28855,4414025,12,49
28856,2444218,4,49
28857,3516524,2,49
28858,5557448,8,49
28859,2493923,5,49
28860,2539395,3,49
28861,1356423,11,49
28862,4987155,12,49
28863,4432918,5,49
28864,2344941,11,49
28865,5062855,9,49
28866,3115492,12,49
28867,2559374,4,49
28868,1397901,6,49
28869,2929591,3,49
28870,1907726,8,49
28871,2987851,9,49
28872,1367335,1,49
28873,5996893,10,49
28874,2596330,10,49
28875,574493,6,49
28876,1063000,9,49
28877,327221,10,49
28878,2930815,5,49
28879,1443076,5,49
28880,3741057,3,49
28881,4612202,10,49
28882,3757651,5,49
28883,1801851,11,49
28884,3239012,1,49
28885,4710640,9,49
28886,3836231,9,49
28887,4196256,6,49
28888,1572709,5,49
28889,3349997,5,49
28890,409258,6,49
28891,4227998,8,49
28892,6138860,10,49
28893,1867005,5,49
28894,3075770,11,49
28895,5382808,2,49
28896,4811868,10,49
28897,3737297,12,49
28898,233700,12,49
28899,4066044,12,49
28900,561619,10,49
28901,5740378,12,49
28902,343310,6,49
28903,3957000,1,49
28904,6014365,1,49
28905,2990746,9,49
28906,5947353,12,49
28907,752069,6,49
28908,1498384,12,49
28909,3632712,9,49
28910,3952244,3,49
28911,2699177,10,49
28912,90861,1,49
28913,1929492,11,49
28914,2746361,2,49
28915,2373712,11,49
28916,5178863,11,49
28917,4049449,12,49
28918,835819,9,49
28919,689092,1,49
28920,5199680,11,49
28921,5430423,1,49
28922,5919160,11,49
28923,6086802,10,49
28924,1589302,5,49
28925,3038525,1,49
28926,3851853,12,49
28927,2533760,9,49
28928,945607,10,49
28929,1239096,12,49
28930,2298423,8,49
28931,1665863,5,49
28932,4552528,12,49
28933,83824,6,49
28934,6230111,11,49
28935,6308051,6,49
28936,1099697,10,49
28937,2023292,1,49
28938,5489522,4,49
28939,2520693,9,49
28940,5555762,12,49
28941,5215056,4,49
28942,6439307,8,49
28943,2106093,6,49
28944,2774782,5,49
28945,886242,5,49
28946,3877388,10,49
28947,2676970,4,49
28948,2905298,11,49
28949,5656384,10,49
28950,2053229,9,49
28951,369293,9,49
28952,626746,11,49
28953,5154723,7,49
28954,2667546,8,49
28955,5345259,10,49
28956,949506,8,49
28957,5529636,1,49
28958,1041658,11,49
28959,2514905,12,49
28960,2396282,7,49
28961,3106834,12,49
28962,5957978,12,49
28963,2777068,11,49
28964,5794156,1,49
28965,2079266,1,49
28966,4828858,12,49
28967,31546,12,49
28968,4793432,10,49
28969,1733752,12,49
28970,4817994,7,49
28971,5162546,12,49
28972,3915043,12,49
28973,4378600,5,49
28974,2432288,6,49
28975,3176771,1,49
28976,4613440,10,49
28977,5493355,10,49
28978,3417802,10,49
28979,526864,11,49
28980,5736629,1,49
28981,5161997,11,49
28982,5564655,8,49
28983,5704429,9,49
28984,1116728,1,49
28985,2615046,6,49
28986,4268871,9,49
28987,5022903,3,49
28988,3424220,10,49
28989,3097882,10,49
28990,1356361,1,49
28991,4408843,8,49
28992,2424966,11,49
28993,5313663,9,49
28994,5567351,4,49
28995,5074679,10,49
28996,5918165,4,49
28997,2013154,10,49
28998,3425934,9,49
28999,3772244,11,49
29000,1255899,8,49
29001,720199,8,49
29002,3238282,1,49
29003,5764435,11,49
29004,3685759,9,49
29005,4013479,5,49
29006,6111761,12,49
29007,6306655,7,49
29008,1247982,3,49
29009,1219153,6,49
29010,1193708,12,49
29011,3857353,8,49
29012,4485740,9,49
29013,4329184,11,49
29014,232866,8,49
29015,5032618,9,49
29016,7366,8,49
29017,2237249,11,49
29018,1954053,5,49
29019,4122217,9,49
29020,2179523,6,49
29021,6300844,9,49
29022,407501,9,49
29023,4522790,4,49
29024,5205475,5,49
29025,3134456,12,49
29026,2987945,9,49
29027,3888154,5,49
29028,3057402,5,49
29029,2364737,1,49
29030,4432682,8,49
29031,2080833,11,49
29032,475539,4,49
29033,5733739,5,49
29034,1334464,11,49
29035,1247057,6,49
29036,3266429,2,49
29037,649444,2,49
29038,2584956,9,49
29039,6411555,11,49
29040,5144327,8,49
29041,723299,1,49
29042,4447780,11,49
29043,4954550,4,49
29044,4998457,11,49
29045,4371583,12,49
29046,4588724,11,49
29047,2167218,9,49
29048,1268530,5,49
29049,5828659,12,49
29050,1357167,12,49
29051,4286476,6,49
29052,1884873,10,49
29053,6128090,8,49
29054,5910926,6,49
29055,6495643,9,49
29056,5854822,12,49
29057,3534997,5,49
29058,5729212,9,49
29059,3779666,7,49
29060,761403,9,49
29061,6469478,12,49
29062,5568223,12,49
29063,2406521,6,49
29064,3956558,6,49
29065,4948900,7,49
29066,4253187,9,49
29067,3308822,9,49
29068,2529025,3,49
29069,355835,1,49
29070,2602360,8,49
29071,5012107,4,49
29072,5114959,2,49
29073,1624071,10,49
29074,2378317,8,49
29075,3869947,8,49
29076,2431580,9,49
29077,3264921,6,49
29078,3068688,11,49
29079,4676908,7,49
29080,5236858,6,49
29081,3892112,10,49
29082,1315890,10,49
29083,4422413,10,49
29084,4414462,10,49
29085,1599728,11,49
29086,2791203,5,49
29087,550281,9,49
29088,2201478,10,49
29089,5852929,1,49
29090,2914343,8,49
29091,4464386,5,49
29092,1571369,10,49
29093,3819405,12,49
29094,3538066,12,49
29095,3791104,4,49
29096,5047894,11,49
29097,250780,8,49
29098,2314437,3,49
29099,2480002,1,49
29100,1649967,10,49
29101,1886370,11,49
29102,2711880,12,49
29103,6450503,6,49
29104,5569564,11,49
29105,4450693,10,49
29106,1048618,10,49
29107,4880487,7,49
29108,4527954,3,49
29109,1364616,12,49
29110,2340935,5,49
29111,1695507,10,49
29112,2245903,10,49
29113,3809721,9,49
29114,641522,1,49
29115,3390004,3,49
29116,973777,2,49
29117,990948,5,49
29118,5623338,8,49
29119,4804530,11,49
29120,6382915,8,49
29121,5672165,12,49
29122,4370584,4,49
29123,258372,11,49
29124,3882679,7,49
29125,241033,1,49
29126,1947283,3,49
29127,715056,11,49
29128,715581,10,49
29129,6498060,8,49
29130,3168425,11,49
29131,2282900,5,49
29132,2789651,6,49
29133,270476,12,49
29134,1456382,11,49
29135,353751,8,49
29136,6258800,3,49
29137,2943156,7,49
29138,5522388,9,49
29139,1028456,9,49
29140,5231118,9,49
29141,465449,9,49
29142,4249393,9,49
29143,1905381,12,49
29144,2837458,11,49
29145,2081509,9,49
29146,5084127,12,49
29147,3979562,9,49
29148,3549197,10,49
29149,2449587,11,49
29150,149949,6,49
29151,2985708,8,49
29152,3278942,1,49
29153,3347411,12,49
29154,1893959,8,49
29155,5657828,5,49
29156,4092455,11,49
29157,3979988,10,49
29158,6409192,11,49
29159,1843461,9,49
29160,528415,10,49
29161,4800441,1,49
29162,2225686,12,49
29163,5444032,6,49
29164,6375164,2,49
29165,3207930,9,49
29166,1164972,12,49
29167,1780462,9,49
29168,4204065,11,49
29169,627251,10,49
29170,4878946,12,49
29171,3131453,12,49
29172,3321676,8,49
29173,625994,9,49
29174,3772323,10,49
29175,5325200,4,49
29176,4629280,8,49
29177,3847479,10,49
29178,5464845,3,49
29179,3385501,6,49
29180,6081830,9,49
29181,3563926,6,49
29182,1242243,1,49
29183,196427,1,49
29184,1074560,12,49
29185,4127779,12,49
29186,1140465,11,49
29187,327873,12,49
29188,4381138,6,49
29189,2054613,6,49
29190,2060698,1,49
29191,5859109,4,49
29192,562626,10,49
29193,1457568,5,49
29194,1594219,3,49
29195,3357467,7,49
29196,726283,10,49
29197,970403,2,49
29198,4653978,11,49
29199,3913573,1,49
29200,1658533,8,49
29201,1808600,9,49
29202,4769999,11,49
29203,385617,5,49
29204,5801232,11,49
29205,4271220,6,49
29206,1328692,12,49
29207,6109293,4,49
29208,6379421,10,49
29209,5695940,1,49
29210,4747135,1,49
29211,2612557,9,49
29212,2567361,1,49
29213,1551950,9,49
29214,2310047,4,49
29215,1928850,12,49
29216,5318655,5,49
29217,3266829,9,49
29218,805209,6,49
29219,401390,7,49
29220,6145460,10,49
29221,4474501,3,49
29222,4091305,4,49
29223,3632230,11,49
29224,3544608,10,49
29225,6305326,10,49
29226,1204273,11,49
29227,998703,10,49
29228,3107499,3,49
29229,2626939,9,49
29230,6494381,11,49
29231,390110,9,49
29232,2063941,1,49
29233,2586547,9,49
29234,5278046,7,49
29235,2600201,10,49
29236,2996334,9,49
29237,4669998,11,49
29238,3791212,12,49
29239,5792640,3,49
29240,3573928,9,49
29241,2936534,10,49
29242,1557360,3,49
29243,6192304,10,49
29244,3341409,12,49
29245,106348,12,49
29246,3885354,1,49
29247,5903151,10,49
29248,3987754,11,49
29249,5714395,10,49
29250,2714838,3,49
29251,5602941,11,49
29252,1398788,9,49
29253,1572898,1,49
29254,646759,9,49
29255,1167963,9,49
29256,820380,8,49
29257,1023885,12,49
29258,4741690,11,49
29259,6059218,1,49
29260,1625319,6,49
29261,812233,10,49
29262,467625,1,49
29263,6332088,8,49
29264,6468161,12,49
29265,620488,3,49
29266,3767759,8,49
29267,5037608,2,49
29268,1450247,8,49
29269,3623466,9,49
29270,5888215,9,49
29271,3524820,11,49
29272,353048,10,49
29273,6219105,9,49
29274,4489912,11,49
29275,1620477,8,49
29276,6074295,12,49
29277,5494991,2,49
29278,992606,4,49
29279,2307466,1,49
29280,2752045,9,49
29281,3514907,6,49
29282,3200371,10,49
29283,763690,9,49
29284,6456765,10,49
29285,251665,10,49
29286,4035797,3,49
29287,5343249,4,49
29288,2302045,6,49
29289,5417751,8,49
29290,4135807,11,49
29291,4774971,8,49
29292,3863985,1,49
29293,284383,6,49
29294,420555,10,49
29295,2843464,8,49
29296,2615320,11,50
29297,6381229,10,50
29298,5792640,4,50
29299,3149093,10,50
29300,4400775,9,50
29301,909005,2,50
29302,2407049,9,50
29303,3887839,10,50
29304,6402765,11,50
29305,4774901,12,50
29306,3425934,9,50
29307,1239096,10,50
29308,407501,10,50
29309,4419032,3,50
29310,2451178,12,50
29311,2085419,1,50
29312,539935,9,50
29313,4187083,7,50
29314,3658130,10,50
29315,1492812,12,50
29316,1348308,10,50
29317,2714838,8,50
29318,160178,6,50
29319,3148259,6,50
29320,3885354,1,50
29321,70103,11,50
29322,2340935,11,50
29323,687726,9,50
29324,2545524,1,50
29325,4474851,6,50
29326,6382915,7,50
29327,1219434,8,50
29328,885039,11,50
29329,5742254,10,50
29330,2698630,10,50
29331,2201478,9,50
29332,33169,9,50
29333,2537373,3,50
29334,5493355,9,50
29335,3679148,10,50
29336,3888154,12,50
29337,5699908,9,50
29338,106348,10,50
29339,1642523,7,50
29340,1261236,8,50
29341,4751692,9,50
29342,5078038,5,50
29343,3767759,10,50
29344,3674278,3,50
29345,1080550,9,50
29346,2302045,5,50
29347,656095,1,50
29348,4164611,11,50
29349,5048928,10,50
29350,691992,4,50
29351,321864,8,50
29352,4058245,12,50
29353,4701291,12,50
29354,5061084,12,50
29355,5623338,11,50
29356,4768773,4,50
29357,3207930,12,50
29358,3668393,12,50
29359,4954550,6,50
29360,4516903,5,50
29361,4230691,11,50
29362,6008171,10,50
29363,4684875,10,50
29364,343310,5,50
29365,1264585,3,50
29366,6278108,11,50
29367,758615,11,50
29368,2887540,5,50
29369,955629,12,50
29370,3811720,1,50
29371,2269053,9,50
29372,701309,11,50
29373,5432400,3,50
29374,3973115,12,50
29375,1041658,6,50
29376,3311384,2,50
29377,2718335,12,50
29378,1736470,10,50
29379,5620025,8,50
29380,5448672,10,50
29381,3349997,9,50
29382,6335790,12,50
29383,6431772,6,50
29384,4351884,9,50
29385,6370930,6,50
29386,1658533,10,50
29387,5900711,3,50
29388,5178863,6,50
29389,1151416,9,50
29390,5657446,1,50
29391,5694553,7,50
29392,3078432,9,50
29393,3534997,3,50
29394,2552034,1,50
29395,3766629,8,50
29396,1125565,9,50
29397,974390,12,50
29398,442047,6,50
29399,549724,12,50
29400,83824,12,50
29401,943197,12,50
29402,1933059,4,50
29403,4080918,12,50
29404,779006,9,50
29405,5180533,3,50
29406,4769364,5,50
29407,723806,12,50
29408,6133531,12,50
29409,2670013,4,50
29410,1736771,12,50
29411,6278662,1,50
29412,1911560,8,50
29413,5313174,6,50
29414,1624071,9,50
29415,1684292,9,50
29416,3258903,4,50
29417,4880487,10,50
29418,176623,8,50
29419,3698100,12,50
29420,2292303,8,50
29421,2406521,7,50
29422,70021,11,50
29423,3848705,12,50
29424,5074679,10,50
29425,1116728,9,50
29426,715581,11,50
29427,4522790,5,50
29428,5764435,12,50
29429,1843461,10,50
29430,1742315,12,50
29431,67801,3,50
29432,2343504,9,50
29433,4955014,12,50
29434,1083651,12,50
29435,6116428,12,50
29436,504294,12,50
29437,5553341,3,50
29438,4835378,12,50
29439,1713513,9,50
29440,465449,5,50
29441,5449550,1,50
29442,205616,1,50
29443,6322847,11,50
29444,2567361,1,50
29445,232866,8,50
29446,6192304,6,50
29447,2412427,9,50
29448,1396298,12,50
29449,1876570,5,50
29450,3134456,8,50
29451,3964138,6,50
29452,4433623,11,50
29453,4625869,1,50
29454,3889415,4,50
29455,4651260,4,50
29456,4193200,4,50
29457,3921567,10,50
29458,45025,12,50
29459,1930733,11,50
29460,5969755,4,50
29461,3175139,12,50
29462,578015,10,50
29463,327873,11,50
29464,4218613,10,50
29465,1289518,11,50
29466,1905773,6,50
29467,1405276,11,50
29468,233700,12,50
29469,1336204,11,50
29470,488776,10,50
29471,5311363,4,50
29472,691834,10,50
29473,6409192,1,50
29474,5022903,5,50
29475,4200998,6,50
29476,2057857,4,50
29477,3359270,3,50
29478,4987155,12,50
29479,3652043,10,50
29480,401390,4,50
29481,4564948,3,50
29482,3107499,8,50
29483,4196256,1,50
29484,1086492,12,50
29485,683988,5,50
29486,2075896,5,50
29487,4154344,10,50
29488,3841223,10,50
29489,5126285,11,50
29490,568703,1,50
29491,2063941,8,50
29492,4332119,6,50
29493,5740302,11,50
29494,5158533,1,50
29495,934881,3,50
29496,4128753,8,50
29497,2667546,5,50
29498,5940589,9,50
29499,4389151,10,50
29500,1780462,8,50
29501,3840616,10,50
29502,6109293,4,50
29503,3766745,10,50
29504,6494381,7,50
29505,6046495,9,50
29506,2789651,3,50
29507,1108553,9,50
29508,1242243,9,50
29509,5922965,10,50
29510,6468161,6,50
29511,1935756,12,50
29512,4876304,1,50
29513,805209,7,50
29514,3301439,9,50
29515,4405311,1,50
29516,1255899,9,50
29517,1314083,6,50
29518,3417802,10,50
29519,5212164,6,50
29520,1882424,5,50
29521,1607546,9,50
29522,898943,5,50
29523,1690961,8,50
29524,5161997,12,50
29525,992606,9,50
29526,2298423,12,50
29527,5132104,8,50
29528,196427,1,50
29529,3239456,4,50
29530,4002726,10,50
29531,5012107,4,50
29532,5837908,10,50
29533,1696406,6,50
29534,332173,11,50
29535,6073530,11,50
29536,2668469,10,50
29537,4408609,10,50
29538,836310,1,50
29539,543404,11,50
29540,2168548,9,50
29541,1221322,11,50
29542,4742049,10,50
29543,4475738,12,50
29544,1731482,5,50
29545,3068688,6,50
29546,2526424,1,50
29547,1518278,10,50
29548,6022405,5,50
29549,3892112,11,50
29550,723299,1,50
29551,2608984,9,50
29552,3852820,11,50
29553,4308495,9,50
29554,1649967,11,50
29555,666101,8,50
29556,6018776,12,50
29557,3142479,10,50
29558,5672165,12,50
29559,11947,5,50
29560,4884154,4,50
29561,6050619,4,50
29562,2987851,12,50
29563,726283,9,50
29564,2153380,12,50
29565,3260218,11,50
29566,5555762,12,50
29567,4938157,4,50
29568,3448211,11,50
29569,864858,5,50
29570,3403677,11,50
29571,3932316,3,50
29572,5215056,10,50
29573,2054613,7,50
29574,1356361,1,50
29575,354426,4,50
29576,4244448,11,50
29577,958701,6,50
29578,198332,1,50
29579,4398403,1,50
29580,4613440,10,50
29581,4314065,10,50
29582,3685484,3,50
29583,2317223,12,50
29584,1209619,11,50
29585,5866639,8,50
29586,3866047,9,50
29587,1549718,10,50
29588,6498060,10,50
29589,1193708,11,50
29590,6370050,12,50
29591,2172730,9,50
29592,4253710,3,50
29593,5859109,4,50
29594,1382944,11,50
29595,3196145,11,50
29596,2046148,6,50
29597,4023211,10,50
29598,122416,11,50
29599,3509860,11,50
29600,5114959,2,50
29601,2075459,10,50
29602,4326040,7,50
29603,3200371,10,50
29604,2237249,5,50
29605,3303146,1,50
29606,5557448,12,50
29607,4066044,6,50
29608,5680149,1,50
29609,6497565,2,50
29610,2184816,12,50
29611,63627,12,50
29612,6014638,12,50
29613,1352099,10,50
29614,2179523,9,50
29615,6128090,8,50
29616,2376930,1,50
29617,1412878,2,50
29618,1572898,4,50
29619,322218,7,50
29620,4707972,3,50
29621,4495773,7,50
29622,4135807,10,50
29623,5564655,9,50
29624,3994019,10,50
29625,4371583,10,50
29626,4012484,10,50
29627,5854822,11,50
29628,3266829,10,50
29629,3650185,12,50
29630,3876788,3,50
29631,2307466,1,50
29632,1008573,1,50
29633,2651726,10,50
29634,3082413,8,50
29635,3057402,6,50
29636,2138270,4,50
29637,481784,12,50
29638,2523731,12,50
29639,6183821,8,50
29640,1042901,10,50
29641,3931683,8,50
29642,4861276,4,50
29643,3616232,10,50
29644,812233,9,50
29645,3619997,11,50
29646,1278388,7,50
29647,5700786,8,50
29648,4800441,3,50
29649,1330225,12,50
29650,2757947,9,50
29651,5602879,9,50
29652,4140754,4,50
29653,6124522,10,50
29654,3868076,10,50
29655,1270083,8,50
29656,3420974,6,50
29657,3112565,9,50
29658,856142,9,50
29659,3938245,12,50
29660,4978183,11,50
29661,1964150,5,50
29662,2233869,8,50
29663,1334464,10,50
29664,2373712,5,50
29665,6186675,9,50
29666,4487540,8,50
29667,1518897,5,50
29668,1125899,3,50
29669,2996334,9,50
29670,627251,10,50
29671,5529636,1,50
29672,2610133,1,50
29673,1282302,3,50
29674,747814,1,50
29675,2586038,11,50
29676,3632712,3,50
29677,409403,12,50
29678,3949925,9,50
29679,1963019,10,50
29680,3819405,9,50
29681,513299,5,50
29682,573527,1,50
29683,4884722,1,50
29684,461181,12,50
29685,487753,12,50
29686,5729212,2,50
29687,4074976,11,50
29688,2843297,11,50
29689,404479,8,50
29690,4755368,8,50
29691,3746090,7,50
29692,5304568,9,50
29693,2023164,5,50
29694,601943,1,50
29695,47525,2,50
29696,4905652,8,50
29697,3016643,8,50
29698,1578082,10,50
29699,2327733,6,50
29700,31546,10,50
29701,2280643,12,50
29702,3883037,10,50
29703,4934328,12,50
29704,5144327,9,50
29705,135635,1,50
29706,300489,9,50
29707,1456143,2,50
29708,240378,5,50
29709,843427,10,50
29710,1729736,11,50
29711,4861465,12,50
29712,4712842,9,50
29713,4766899,11,50
29714,4872811,3,50
29715,2801432,9,50
29716,806759,10,50
29717,2196027,10,50
29718,5992937,1,50
29719,6308051,11,50
29720,5736331,9,50
29721,879802,12,50
29722,6073671,9,50
29723,46167,7,50
29724,4234294,8,50
29725,1610686,9,50
29726,5704429,11,50
29727,5753368,10,50
29728,3905760,9,50
29729,4049449,11,50
29730,3455235,12,50
29731,799022,9,50
29732,5996893,9,50
29733,3737297,7,50
29734,57859,10,50
29735,2607591,12,50
29736,715804,12,50
29737,1443901,5,50
29738,654526,12,50
29739,3169231,10,50
29740,4175830,1,50
29741,3300574,5,50
29742,5345259,12,50
29743,6357606,5,50
29744,716640,10,50
29745,5231118,12,50
29746,3999976,7,50
29747,2661601,9,50
29748,4706795,3,50
29749,1219153,1,50
29750,5992339,5,50
29751,1620477,7,50
29752,2731315,3,50
29753,3069943,9,50
29754,3869947,10,50
29755,2461367,9,50
29756,2559374,8,50
29757,1412895,3,50
29758,3857194,8,50
29759,3141073,10,50
29760,2596330,9,50
29761,5425354,8,50
29762,3544498,7,50
29763,2837685,1,50
29764,4793432,8,50
29765,6409109,5,50
29766,3211472,9,50
29767,6215090,6,50
29768,6081830,3,50
29769,2782931,12,50
29770,1377570,1,50
29771,4092455,12,50
29772,3642729,1,50
29773,253860,4,50
29774,2608378,4,50
29775,4436154,10,50
29776,1605648,9,50
29777,430539,6,50
29778,3400675,7,50
29779,5157501,9,50
29780,5657828,4,50
29781,1599728,5,50
29782,6219913,7,50
29783,5057857,8,50
29784,1489505,6,50
29785,1015199,12,50
29786,6301218,5,50
29787,3757651,10,50
29788,5019374,10,50
29789,1013497,5,50
29790,1911645,3,50
29791,1177663,11,50
29792,1994055,1,50
29793,3163587,8,50
29794,2642336,1,50
29795,2914343,10,50
29796,4060159,6,50
29797,5318655,9,50
29798,1835110,9,50
29799,1099697,8,50
29800,396899,6,50
29801,5248442,9,50
29802,2507117,12,50
29803,1498587,4,50
29804,3264921,5,50
29805,4065354,10,50
29806,3425384,1,50
29807,4166868,1,50
29808,4123087,12,50
29809,6258800,1,50
29810,1502851,9,50
29811,5272161,12,50
29812,2791203,12,50
29813,300086,10,50
29814,1800273,12,50
29815,2929591,12,50
29816,5600618,12,50
29817,618684,2,50
29818,3632442,1,50
29819,1463753,12,50
29820,1198748,12,50
29821,2991105,10,50
29822,3494053,9,50
29823,1816354,3,50
29824,3981732,8,50
29825,5133434,10,50
29826,722112,4,50
29827,1776555,9,50
29828,6068514,9,50
29829,492660,10,50
29830,1979955,12,50
29831,1707519,9,50
29832,5285502,8,50
29833,4552528,12,50
29834,454302,6,50
29835,645580,1,50
29836,1062303,12,50
29837,2298378,10,50
29838,1410672,6,50
29839,4023762,1,50
29840,6404195,11,50
29841,439787,12,50
29842,6079324,1,50
29843,409258,10,50
29844,1282976,11,50
29845,2183844,11,50
29846,2837458,9,50
29847,1948135,10,50
29848,4242259,11,50
29849,1247517,10,50
29850,4227998,12,50
29851,63433,9,50
29852,3773828,1,50
29853,4370231,9,50
29854,1801851,9,50
29855,2469046,10,50
29856,1896272,12,50
29857,736100,9,50
29858,986245,10,50
29859,2037116,9,50
29860,639772,12,50
29861,5223564,3,50
29862,250733,6,50
29863,2282900,10,50
29864,1108981,8,50
29865,5154723,10,50
29866,4128766,10,50
29867,4120263,1,50
29868,2797322,10,50
29869,1361983,9,50
29870,945607,9,50
29871,2639434,9,50
29872,5771206,11,50
29873,3902193,11,50
29874,3424220,11,50
29875,1782530,6,50
29876,4029112,10,50
29877,1356423,5,50
29878,6160342,2,50
29879,3278942,9,50
29880,4000125,5,50
29881,3772323,10,50
29882,3390004,1,50
29883,5714395,10,50
29884,5494253,11,50
29885,3170715,10,50
29886,5343135,11,50
29887,1591144,8,50
29888,5047894,10,50
29889,2649283,10,50
29890,1518907,10,50
29891,2504335,10,50
29892,340069,5,50
29893,4373030,12,50
29894,2223394,6,50
29895,5340613,10,50
29896,5289015,11,50
29897,861924,12,50
29898,869700,9,50
29899,1893959,5,50
29900,5979444,2,50
29901,3091735,7,51
29902,2536562,10,51
29903,4202811,12,51
29904,6195611,5,51
29905,5205475,10,51
29906,1386924,11,51
29907,6300073,4,51
29908,3952244,1,51
29909,1377570,1,51
29910,5042288,12,51
29911,3285455,11,51
29912,4774901,9,51
29913,3280598,10,51
29914,1979955,9,51
29915,721300,10,51
29916,591603,12,51
29917,4475738,9,51
29918,2519348,6,51
29919,475511,10,51
29920,1278388,7,51
29921,5473739,8,51
29922,723299,1,51
29923,5032618,11,51
29924,1658533,7,51
29925,498845,8,51
29926,2168548,9,51
29927,5600618,6,51
29928,3616032,11,51
29929,3057454,1,51
29930,2619388,8,51
29931,6320713,7,51
29932,5929866,10,51
29933,2586038,12,51
29934,3457262,1,51
29935,4091305,4,51
29936,1208299,2,51
29937,4432682,9,51
29938,4105162,5,51
29939,3478549,10,51
29940,3477731,3,51
29941,2829062,12,51
29942,4577177,4,51
29943,4939406,11,51
29944,1695507,10,51
29945,2317126,10,51
29946,6109293,3,51
29947,1808600,4,51
29948,4124260,10,51
29949,2985708,10,51
29950,1851469,8,51
29951,111422,3,51
29952,6218771,3,51
29953,3573928,3,51
29954,974807,8,51
29955,3651805,11,51
29956,5957978,5,51
29957,3932316,3,51
29958,2676970,8,51
29959,190629,7,51
29960,5520925,11,51
29961,4023762,4,51
29962,2791203,11,51
29963,3773828,12,51
29964,3447003,12,51
29965,1355182,9,51
29966,4283914,9,51
29967,4562275,9,51
29968,5887730,4,51
29969,2961118,10,51
29970,4328101,9,51
29971,804235,8,51
29972,3265642,3,51
29973,407501,9,51
29974,4341519,8,51
29975,2596330,9,51
29976,1696406,12,51
29977,6258800,1,51
29978,5156561,9,51
29979,4192689,10,51
29980,3616489,12,51
29981,2076842,7,51
29982,5216004,6,51
29983,2559374,9,51
29984,3751564,9,51
29985,1261236,10,51
29986,210007,3,51
29987,644636,2,51
29988,4402112,5,51
29989,4905376,9,51
29990,2299566,5,51
29991,1578598,9,51
29992,3557777,1,51
29993,1548644,3,51
29994,5057857,9,51
29995,1801851,3,51
29996,1348308,10,51
29997,1305099,6,51
29998,3351762,10,51
29999,4031419,9,51
30000,6036135,10,51
30001,5481551,1,51
30002,691992,4,51
30003,3685484,5,51
30004,1611812,12,51
30005,1151729,1,51
30006,1607546,10,51
30007,4230691,9,51
30008,3302968,6,51
30009,1330225,6,51
30010,6006958,9,51
30011,1729736,10,51
30012,4397362,12,51
30013,3757706,12,51
30014,1560393,1,51
30015,3128366,4,51
30016,152911,1,51
30017,5688637,12,51
30018,3564499,6,51
30019,6095670,10,51
30020,88290,12,51
30021,1690961,12,51
30022,6182753,8,51
30023,2166831,12,51
30024,5522388,10,51
30025,907290,10,51
30026,355929,12,51
30027,4414025,9,51
30028,1255899,12,51
30029,4277469,12,51
30030,2075459,12,51
30031,24090,1,51
30032,5679909,12,51
30033,3412776,12,51
30034,3838853,12,51
30035,970403,11,51
30036,2280643,9,51
30037,3960740,1,51
30038,4849056,10,51
30039,4436567,3,51
30040,1930733,11,51
30041,1950960,5,51
30042,3527514,11,51
30043,5225090,9,51
30044,192539,10,51
30045,2299074,12,51
30046,1736470,4,51
30047,1315890,10,51
30048,566210,1,51
30049,4123087,10,51
30050,5888115,8,51
30051,5213417,8,51
30052,2797797,10,51
30053,3923276,9,51
30054,1780462,3,51
30055,1160544,9,51
30056,3819405,11,51
30057,322218,9,51
30058,1328692,11,51
30059,3016643,6,51
30060,1907726,6,51
30061,6442680,1,51
30062,1736771,8,51
30063,3647072,7,51
30064,1740806,8,51
30065,3275362,1,51
30066,1353588,3,51
30067,1437266,3,51
30068,2929591,5,51
30069,4620411,12,51
30070,3941730,12,51
30071,6176047,12,51
30072,3679148,9,51
30073,1947283,3,51
30074,5792640,9,51
30075,2412427,8,51
30076,5381265,9,51
30077,5884692,1,51
30078,6347052,1,51
30079,6138860,9,51
30080,5815215,9,51
30081,3647053,9,51
30082,6128090,12,51
30083,4688077,10,51
30084,5753368,11,51
30085,2837458,11,51
30086,4369611,7,51
30087,804492,6,51
30088,5278046,1,51
30089,5489522,4,51
30090,822361,9,51
30091,2265260,2,51
30092,1882424,10,51
30093,1028456,11,51
30094,4049449,12,51
30095,5154723,11,51
30096,4319355,1,51
30097,3815837,12,51
30098,1821775,10,51
30099,3303146,1,51
30100,5464741,1,51
30101,6155217,11,51
30102,3918853,1,51
30103,6402765,10,51
30104,4453642,11,51
30105,3652043,3,51
30106,2996936,12,51
30107,1007797,6,51
30108,5940589,12,51
30109,4728975,10,51
30110,3408244,11,51
30111,5602879,12,51
30112,1730184,3,51
30113,5117961,4,51
30114,1867005,12,51
30115,4925209,9,51
30116,1896272,2,51
30117,549724,7,51
30118,5290043,8,51
30119,3032076,6,51
30120,3809077,9,51
30121,4795482,12,51
30122,5700786,6,51
30123,2199453,9,51
30124,3685759,9,51
30125,404479,3,51
30126,4755368,11,51
30127,3012532,9,51
30128,6192304,10,51
30129,139954,6,51
30130,2167218,11,51
30131,5660036,8,51
30132,2341382,3,51
30133,4294205,10,51
30134,1002429,1,51
30135,848582,1,51
30136,856142,12,51
30137,4479350,9,51
30138,2514905,12,51
30139,587114,12,51
30140,271521,9,51
30141,4227998,9,51
30142,3677247,9,51
30143,4405311,1,51
30144,5114959,2,51
30145,231659,10,51
30146,3524820,9,51
30147,2359287,8,51
30148,779092,12,51
30149,5900711,11,51
30150,6111761,6,51
30151,624973,12,51
30152,4080918,6,51
30153,6308051,6,51
30154,3703447,4,51
30155,3766745,12,51
30156,1750704,10,51
30157,6370050,10,51
30158,5470286,5,51
30159,2266969,7,51
30160,1874207,4,51
30161,31246,10,51
30162,5190723,11,51
30163,2537373,6,51
30164,4874322,1,51
30165,4279139,9,51
30166,47525,6,51
30167,3005450,11,51
30168,2432288,6,51
30169,467063,9,51
30170,5149816,9,51
30171,4303882,5,51
30172,2520515,6,51
30173,3358839,1,51
30174,2589079,8,51
30175,2034452,6,51
30176,1280583,9,51
30177,2315229,12,51
30178,1032639,2,51
30179,6379421,9,51
30180,6050619,12,51
30181,2987851,9,51
30182,5969755,3,51
30183,4768773,6,51
30184,3698100,4,51
30185,349116,12,51
30186,805209,9,51
30187,2649283,10,51
30188,3772323,10,51
30189,5719188,12,51
30190,5289015,3,51
30191,3417802,8,51
30192,1549718,12,51
30193,3945655,11,51
30194,3183833,10,51
30195,2430360,8,51
30196,447693,4,51
30197,5786514,8,51
30198,3069943,9,51
30199,4786683,3,51
30200,5918165,6,51
30201,546775,11,51
30202,4234294,4,51
30203,744576,6,51
30204,1486476,6,51
30205,6278662,1,51
30206,934881,11,51
30207,3956558,6,51
30208,3134456,12,51
30209,1346446,9,51
30210,5078038,3,51
30211,4649522,10,51
30212,797408,5,51
30213,2843464,1,51
30214,6076264,1,51
30215,251236,4,51
30216,5110405,4,51
30217,1143013,9,51
30218,354297,1,51
30219,5117113,1,51
30220,3938245,8,51
30221,3453373,1,51
30222,3913573,3,51
30223,4877232,12,51
30224,3319476,10,51
30225,2467092,8,51
30226,1492217,7,51
30227,6450877,9,51
30228,2410673,10,51
30229,2012640,1,51
30230,193339,12,51
30231,3163587,9,51
30232,6141967,11,51
30233,200655,9,51
30234,6278108,9,51
30235,1813236,2,51
30236,6198605,12,51
30237,5343249,4,51
30238,4938157,10,51
30239,2608378,12,51
30240,465449,11,51
30241,1639659,7,51
30242,3849448,9,51
30243,3887839,11,51
30244,1080550,9,51
30245,5374507,5,51
30246,3143429,10,51
30247,5344481,10,51
30248,2575423,1,51
30249,4633093,1,51
30250,147528,10,51
30251,726283,10,51
30252,128938,4,51
30253,1816354,5,51
30254,1757703,3,51
30255,2578191,9,51
30256,5067402,3,51
30257,2425020,8,51
30258,1450247,11,51
30259,276917,11,51
30260,2120892,9,51
30261,5318655,10,51
30262,2992096,10,51
30263,3632617,12,51
30264,4533233,5,51
30265,3264921,6,51
30266,3498432,11,51
30267,1935756,12,51
30268,488776,5,51
30269,755414,9,51
30270,6414264,12,51
30271,1551950,9,51
30272,3616232,6,51
30273,3314374,11,51
30274,5051814,1,51
30275,69753,10,51
30276,284383,6,51
30277,3057402,10,51
30278,1434722,12,51
30279,5177635,9,51
30280,2549404,12,51
30281,4066044,11,51
30282,2609633,11,51
30283,311502,4,51
30284,3107499,6,51
30285,4701051,10,51
30286,3957000,1,51
30287,4012484,12,51
30288,5714395,12,51
30289,2233869,1,51
30290,2668469,9,51
30291,4092455,11,51
30292,3890388,9,51
30293,5657828,3,51
30294,2853764,10,51
30295,3966323,12,51
30296,4279338,9,51
30297,6004919,1,51
30298,3514907,10,51
30299,2521155,9,51
30300,69885,11,51
30301,5070680,5,51
30302,1665863,9,51
30303,472659,10,51
30304,1125899,2,51
30305,2778402,5,51
30306,4800441,1,51
30307,1246794,5,51
30308,513299,1,51
30309,3291591,6,51
30310,2317223,9,51
30311,4128766,9,51
30312,2615046,4,51
30313,1475618,4,51
30314,2752045,8,51
30315,2245903,10,51
30316,4552528,5,51
30317,123610,6,51
30318,2843297,6,51
30319,4410798,8,51
30320,3857194,8,51
30321,1629880,10,51
30322,2057857,10,51
30323,5138416,10,51
30324,3574092,3,51
30325,3957800,1,51
30326,645580,1,51
30327,6022405,6,51
30328,328451,9,51
30329,3869947,11,51
30330,5144327,10,51
30331,2711880,10,51
30332,2302045,9,51
30333,3239456,10,51
30334,5990869,9,51
30335,1164972,1,51
30336,5311363,4,51
30337,4308495,10,51
30338,5215056,7,51
30339,2533760,12,51
30340,3674278,1,51
30341,5227250,10,51
30342,5091774,1,51
30343,4531987,10,51
30344,4870049,4,51
30345,5180533,5,51
30346,1489505,6,51
30347,6406438,12,51
30348,6380977,1,51
30349,5791180,9,51
30350,3979630,6,51
30351,3669565,10,51
30352,6497565,8,51
30353,6381229,5,51
30354,6132405,9,51
30355,270622,6,51
30356,4397186,1,51
30357,300489,8,51
30358,1980430,7,51
30359,2183844,11,51
30360,4253187,12,51
30361,3538066,9,51
30362,2520693,9,51
30363,3874991,9,51
30364,861924,11,51
30365,5037608,6,51
30366,5880356,11,51
30367,4684875,11,51
30368,1867936,11,51
30369,3619997,12,51
30370,821158,11,51
30371,3123507,9,51
30372,4747268,12,51
30373,1357167,5,51
30374,6167846,9,51
30375,3632712,6,51
30376,4332119,5,51
30377,2777068,11,51
30378,282953,4,51
30379,973777,8,51
30380,2517554,9,51
30381,147183,1,51
30382,5919160,11,51
30383,1379966,8,51
30384,4113128,8,51
30385,3457443,4,51
30386,4091655,9,51
30387,3386999,10,51
30388,2369340,11,51
30389,4198862,5,51
30390,543404,9,51
30391,4762886,10,51
30392,6140348,12,51
30393,4032055,9,51
30394,492660,6,51
30395,4967759,11,51
30396,3516359,1,51
30397,2504335,9,51
30398,4649438,10,51
30399,332451,4,51
30400,3674968,12,51
30401,5818944,12,51
30402,656095,10,51
30403,2823845,11,51
30404,4817994,5,51
30405,2758468,3,51
30406,248590,6,51
30407,696308,6,51
30408,409403,11,51
30409,2726922,9,51
30410,2282900,6,51
30411,1219153,1,51
30412,354426,1,51
30413,3155541,11,51
30414,5178863,8,51
30415,689092,1,51
30416,3978768,10,51
30417,4058245,9,51
30418,1289518,9,51
30419,5903151,12,51
30420,2582939,12,51
30421,3006963,12,51
30422,683988,11,51
30423,4742049,6,51
30424,6324554,7,51
30425,2095514,11,51
30426,726075,11,51
30427,4969125,12,51
30428,5654262,6,51
30429,2482340,6,51
30430,4154344,9,51
30431,6307843,6,51
30432,4370231,6,51
30433,120895,10,51
30434,3222097,9,51
30435,2698630,12,51
30436,205513,8,51
30437,3448211,9,51
30438,2598486,7,51
30439,2982262,12,51
30440,3679302,10,51
30441,5236858,9,51
30442,989099,11,51
30443,3058798,8,51
30444,1201660,7,51
30445,4741690,4,51
30446,5742254,1,51
30447,3420729,1,51
30448,5695940,1,51
30449,1811206,5,52
30450,5202311,9,52
30451,1821775,10,52
30452,5764435,12,52
30453,715056,7,52
30454,2837458,12,52
30455,215079,10,52
30456,4065354,12,52
30457,6492339,12,52
30458,4023762,2,52
30459,1848740,12,52
30460,4891823,4,52
30461,4069092,2,52
30462,1235751,6,52
30463,1396298,11,52
30464,3106834,10,52
30465,6233675,9,52
30466,2772139,4,52
30467,2467092,11,52
30468,5343249,12,52
30469,1364616,8,52
30470,1611688,4,52
30471,4742049,6,52
30472,176623,9,52
30473,6473281,4,52
30474,2504335,9,52
30475,4178954,3,52
30476,1336204,12,52
30477,160841,7,52
30478,1472087,3,52
30479,1353588,4,52
30480,3999790,8,52
30481,2608378,11,52
30482,3338602,1,52
30483,3153380,8,52
30484,4651260,12,52
30485,666101,12,52
30486,3306386,3,52
30487,1929492,6,52
30488,3632442,4,52
30489,2450561,11,52
30490,466125,5,52
30491,1883734,9,52
30492,5169214,5,52
30493,1475618,1,52
30494,5868558,4,52
30495,6145460,10,52
30496,2971701,8,52
30497,4154344,6,52
30498,723299,1,52
30499,4074976,11,52
30500,3176355,4,52
30501,378928,1,52
30502,2903444,1,52
30503,6402765,9,52
30504,3118979,11,52
30505,2077786,6,52
30506,5278086,4,52
30507,6157494,10,52
30508,1367335,3,52
30509,4319355,1,52
30510,949475,9,52
30511,3176443,10,52
30512,2999611,12,52
30513,2132674,11,52
30514,1658533,9,52
30515,3621921,10,52
30516,3349997,9,52
30517,4638798,10,52
30518,1553396,8,52
30519,6450503,9,52
30520,5520925,9,52
30521,504294,3,52
30522,4967759,12,52
30523,6142168,2,52
30524,945607,9,52
30525,6300073,2,52
30526,3142479,12,52
30527,1242243,5,52
30528,2665775,5,52
30529,3751564,10,52
30530,4380439,5,52
30531,3091735,7,52
30532,992606,10,52
30533,2361002,10,52
30534,4066044,8,52
30535,1450247,11,52
30536,3063117,3,52
30537,6111761,9,52
30538,3921567,11,52
30539,2390937,6,52
30540,169490,6,52
30541,2951889,1,52
30542,439787,9,52
30543,5301682,5,52
30544,4341143,6,52
30545,1088728,12,52
30546,3524820,9,52
30547,3321676,12,52
30548,5177635,10,52
30549,5015443,9,52
30550,4547514,2,52
30551,250780,8,52
30552,3058798,8,52
30553,3632617,9,52
30554,4013479,10,52
30555,3574092,4,52
30556,4769999,10,52
30557,974807,9,52
30558,1410672,10,52
30559,2462037,10,52
30560,1624071,5,52
30561,2260612,10,52
30562,6278662,10,52
30563,3332429,4,52
30564,3403677,12,52
30565,3772323,10,52
30566,5704429,9,52
30567,842523,12,52
30568,5742254,1,52
30569,5480049,8,52
30570,5889375,6,52
30571,3531670,11,52
30572,5012107,4,52
30573,2266969,10,52
30574,6109293,12,52
30575,2088391,6,52
30576,4728975,8,52
30577,4005757,3,52
30578,6442680,3,52
30579,1767332,12,52
30580,620488,12,52
30581,1097750,9,52
30582,1264585,4,52
30583,5635947,1,52
30584,4373030,1,52
30585,726283,10,52
30586,3726566,11,52
30587,735318,5,52
30588,1108981,10,52
30589,862071,1,52
30590,2298378,1,52
30591,4375127,11,52
30592,3032076,7,52
30593,6262854,9,52
30594,1813236,2,52
30595,349116,11,52
30596,1261236,8,52
30597,420555,9,52
30598,4037574,3,52
30599,5092938,8,52
30600,2752045,10,52
30601,1611812,3,52
30602,1209619,5,52
30603,4485740,6,52
30604,5734879,9,52
30605,1356423,12,52
30606,2196027,10,52
30607,1999392,12,52
30608,2598486,6,52
30609,2046148,6,52
30610,4884722,5,52
30611,4786683,5,52
30612,19889,9,52
30613,3373415,8,52
30614,694908,1,52
30615,2956344,1,52
30616,540521,5,52
30617,2282900,8,52
30618,6355376,12,52
30619,1164972,4,52
30620,4793432,9,52
30621,5786514,9,52
30622,1480267,9,52
30623,4299666,8,52
30624,3424220,9,52
30625,2778402,7,52
30626,2533760,9,52
30627,883136,10,52
30628,3388742,8,52
30629,2537373,1,52
30630,4533233,1,52
30631,6381229,10,52
30632,2199292,7,52
30633,1980430,12,52
30634,3758791,6,52
30635,251236,3,52
30636,3952244,11,52
30637,5216829,5,52
30638,172553,7,52
30639,4193200,10,52
30640,327221,11,52
30641,2561405,9,52
30642,2145393,8,52
30643,1219153,1,52
30644,2458213,10,52
30645,2723719,12,52
30646,6124549,6,52
30647,5290043,11,52
30648,427566,9,52
30649,480699,10,52
30650,1443901,9,52
30651,1947283,3,52
30652,200655,10,52
30653,3400675,7,52
30654,2507117,7,52
30655,513299,1,52
30656,2153380,9,52
30657,75212,2,52
30658,5333794,5,52
30659,1008573,2,52
30660,5154723,11,52
30661,3941730,12,52
30662,2940613,11,52
30663,758615,11,52
30664,1690961,9,52
30665,11947,10,52
30666,715804,9,52
30667,6183821,6,52
30668,4987155,12,52
30669,3504899,8,52
30670,5846304,12,52
30671,4097223,3,52
30672,5818944,12,52
30673,5922965,9,52
30674,4092455,11,52
30675,2458642,10,52
30676,591603,5,52
30677,2469046,9,52
30678,2987851,12,52
30679,3902193,8,52
30680,4804530,12,52
30681,120895,11,52
30682,6396862,10,52
30683,4405311,1,52
30684,1502504,9,52
30685,4028688,5,52
30686,2138270,2,52
30687,1330225,12,52
30688,4286476,6,52
30689,861924,9,52
30690,276917,10,52
30691,271521,11,52
30692,2315229,11,52
30693,4218613,9,52
30694,3669565,9,52
30695,4283914,10,52
30696,3651805,8,52
30697,2355641,12,52
30698,861461,9,52
30699,4680805,4,52
30700,5128646,10,52
30701,3057402,9,52
30702,6138860,12,52
30703,1867936,8,52
30704,846084,12,52
30705,5158533,1,52
30706,488776,8,52
30707,1835110,12,52
30708,3394393,5,52
30709,2823845,10,52
30710,5180533,4,52
30711,284576,10,52
30712,6139191,1,52
30713,2649283,10,52
30714,3685484,4,52
30715,538667,9,52
30716,1713513,9,52
30717,1355182,9,52
30718,4834638,11,52
30719,4317171,10,52
30720,5225090,12,52
30721,2012640,1,52
30722,2626971,8,52
30723,4391535,12,52
30724,5316775,9,52
30725,6258800,3,52
30726,6411555,6,52
30727,3176771,9,52
30728,3137178,1,52
30729,1352953,11,52
30730,3423422,12,52
30731,566210,5,52
30732,5700786,8,52
30733,4848798,9,52
30734,4049449,9,52
30735,430539,1,52
30736,1278388,10,52
30737,3208964,7,52
30738,3080241,11,52
30739,3737297,6,52
30740,1352099,4,52
30741,3791212,12,52
30742,5575237,9,52
30743,656095,10,52
30744,6322847,8,52
30745,3957800,2,52
30746,3209387,6,52
30747,1609758,10,52
30748,1668151,5,52
30749,1272060,1,52
30750,696308,3,52
30751,5665690,5,52
30752,3674968,9,52
30753,5788746,4,52
30754,2649843,4,52
30755,3642729,8,52
30756,5301088,9,52
30757,6185141,11,52
30758,4534006,9,52
30759,2116824,12,52
30760,5900711,6,52
30761,4221359,1,52
30762,999565,11,52
30763,3069943,9,52
30764,2624982,1,52
30765,3395342,10,52
30766,3276609,8,52
30767,4123087,10,52
30768,2365089,12,52
30769,3291591,12,52
30770,5067402,4,52
30771,1007797,5,52
30772,822090,9,52
30773,1377570,1,52
30774,5282444,6,52
30775,3668393,10,52
30776,1707519,9,52
30777,4124260,8,52
30778,3221470,2,52
30779,6326937,1,52
30780,1665491,12,52
30781,1915474,12,52
30782,1598912,12,52
30783,1356361,1,52
30784,2075459,10,52
30785,6469478,8,52
30786,123610,6,52
30787,3532006,3,52
30788,5074679,10,52
30789,5417751,8,52
30790,5614268,9,52
30791,747814,11,52
30792,2757947,9,52
30793,1498384,3,52
30794,3873958,1,52
30795,330002,12,52
30796,6432378,8,52
30797,2491609,1,52
30798,1476650,8,52
30799,6025171,3,52
30800,1133607,6,52
30801,4206122,12,52
30802,3788288,6,52
30803,494341,11,52
30804,5299460,4,52
30805,2774218,8,52
30806,2711880,10,52
30807,4135807,8,52
30808,2534267,10,52
30809,3852820,12,52
30810,3686002,3,52
30811,5695940,1,52
30812,5144327,10,52
30813,2319160,4,52
30814,4938518,7,52
30815,3242746,8,52
30816,1743549,10,52
30817,4580752,11,52
30818,6293359,12,52
30819,689092,4,52
30820,671908,6,52
30821,3213014,8,52
30822,1730184,4,52
30823,6486296,2,52
30824,322218,9,52
30825,3979562,9,52
30826,3016776,1,52
30827,2517554,6,52
30828,929009,9,52
30829,4298469,9,52
30830,5888215,5,52
30831,3357467,3,52
30832,2929591,11,52
30833,3123507,1,52
30834,5888115,7,52
30835,3960740,7,52
30836,2223970,11,52
30837,4751692,9,52
30838,5289015,10,52
30839,3078432,7,52
30840,5190723,12,52
30841,18274,4,52
30842,5645441,7,52
30843,191145,5,52
30844,2789651,10,52
30845,5079397,1,52
30846,3883037,1,52
30847,3367310,4,52
30848,4196256,2,52
30849,1986764,1,52
30850,1492217,1,52
30851,3619997,12,52
30852,4516903,5,52
30853,2583369,6,52
30854,2520051,10,52
30855,5166644,5,52
30856,1132010,7,52
30857,750891,12,52
30858,460774,9,52
30859,4341332,9,52
30860,2473447,10,52
30861,1032639,8,52
30862,779092,12,52
30863,2084214,10,52
30864,2336058,3,52
30865,31246,6,52
30866,869700,1,52
30867,4408609,12,52
30868,5553341,3,52
30869,6382915,6,52
30870,97987,9,52
30871,6459996,12,52
30872,3549197,10,52
30873,6195154,11,52
30874,3664482,12,52
30875,5311363,5,52
30876,1247057,10,52
30877,219473,10,52
30878,2526424,1,52
30879,4113128,11,52
30880,2121417,8,52
30881,5657828,4,52
30882,6112630,6,52
30883,556350,10,52
30884,1357167,12,52
30885,6022405,10,52
30886,6301218,10,52
30887,1591144,4,52
30888,1637765,8,52
30889,2299074,4,52
30890,6198605,9,52
30891,86668,7,52
30892,1816354,9,52
30893,2289018,1,52
30894,4127779,12,52
30895,1696406,9,52
30896,4740320,9,52
30897,3819405,10,52
30898,3671215,8,52
30899,1099697,12,52
30900,3390004,2,52
30901,3527514,11,52
30902,838834,1,52
30903,723806,3,52
30904,5992276,5,52
30905,5019374,11,52
30906,1936645,11,52
30907,578015,11,52
30908,2076842,7,52
30909,57274,12,52
30910,2609633,4,52
30911,3899121,9,52
30912,3373702,10,52
30913,4402526,6,52
30914,4029112,12,52
30915,1255899,4,52
30916,2461367,9,52
30917,1757703,5,52
30918,3134456,12,52
30919,3175139,9,52
30920,4487540,10,52
30921,4653978,8,52
30922,5434223,6,52
30923,46167,3,52
30924,2600201,10,52
30925,1198748,10,52
30926,5947353,10,52
30927,63433,11,52
30928,4474851,6,52
30929,5205475,6,52
30930,4933263,3,52
30931,3728627,11,52
30932,205616,1,52
30933,3981732,12,52
30934,5620635,3,52
30935,6473329,11,52
30936,3207481,6,52
30937,6182753,7,52
30938,3410495,2,52
30939,5444032,1,52
30940,2102413,12,52
30941,3319476,6,52
30942,1780462,8,52
30943,1938054,10,52
30944,1387270,5,52
30945,5285502,8,52
30946,1405276,8,52
30947,5714395,12,52
30948,3815837,9,52
30949,1270083,8,52
30950,3163587,9,52
30951,3677247,12,52
30952,1456143,1,52
30953,5939953,10,52
30954,492660,5,52
30955,3931683,4,52
30956,1933059,12,52
30957,4016259,8,52
30958,6384003,5,52
30959,2314151,3,52
30960,5081550,1,52
30961,4522790,11,52
30962,4500783,6,52
30963,6308051,9,52
30964,5522388,12,52
30965,4742921,6,52
30966,4548348,10,52
30967,5199680,11,52
30968,6252061,11,52
30969,2840610,12,52
30970,3542408,8,52
30971,998703,11,52
30972,6201831,8,52
30973,454302,12,52
30974,887016,6,52
30975,2778518,10,52
30976,1614232,6,52
30977,2480002,1,52
30978,5654275,6,52
30979,6220548,1,52
30980,934881,8,52
30981,6387969,1,52
30982,491601,10,52
30983,656054,4,52
30984,2790450,9,52
30985,5052674,4,52
30986,2520515,7,52
30987,5231118,12,52
30988,5311134,5,52
30989,3314672,9,52
30990,6167846,7,52
30991,2140317,8,52
30992,4414025,12,52
30993,2883348,12,52
30994,573527,1,52
30995,343310,11,52
30996,481784,12,52
30997,364733,1,52
30998,3632712,10,52
30999,2292224,11,52
31000,2376930,8,52
31001,2925028,1,52
31002,5736331,6,52
31003,457987,3,52
31004,3318601,12,52
31005,3422530,9,52
31006,723019,4,52
31007,6257432,4,52
31008,5037383,1,52
31009,2203625,10,52
31010,2307466,1,52
31011,5278046,11,52
31012,6278108,12,52
31013,2702202,1,52
31014,2699177,4,52
31015,3038525,9,52
31016,541336,1,52
31017,1007557,11,52
31018,4479350,3,52
31019,6468165,8,52
31020,4817994,6,52
31021,6302231,7,52
31022,4318374,9,52
31023,6075416,5,52
31024,2676970,3,52
31025,5251619,5,52
31026,3918853,1,52
31027,5248442,8,52
31028,2568682,4,52
31029,2044736,6,52
31030,232866,7,52
31031,4544513,9,52
31032,691992,12,52
31033,3168425,9,52
31034,4025997,8,52
31035,5623338,10,52
31036,210007,8,52
31037,4016269,9,52
31038,3589936,11,52
31039,2651726,11,52
31040,1435454,8,52
31041,4834158,9,52
31042,1781712,7,52
